,행정동코드,1월_2030여성비율,2월_2030여성비율,3월_2030여성비율,4월_2030여성비율,5월_2030여성비율,6월_2030여성비율,7월_2030여성비율,8월_2030여성비율,9월_2030여성비율,10월_2030여성비율,11월_2030여성비율,12월_2030여성비율,2021년_2030여성_비율평균
0,11110515,3.4465,3.6533,3.621,3.6967,3.7355,3.7048,3.679,3.7237,3.6882,3.7586,3.8431,3.6111,3.6801
1,11110530,4.7087,4.8757,4.9527,5.0412,5.0127,5.1105,5.0673,5.0759,5.05,5.1411,5.3391,5.2118,5.0489
2,11110540,3.8731,4.2173,4.1856,4.2898,4.278,4.1702,3.9121,4.0139,4.1048,4.2726,4.3422,4.1706,4.1525
3,11110550,3.1429,3.1293,3.2198,3.2131,3.2098,3.1634,3.1212,3.0656,3.0786,3.1171,3.1549,3.1687,3.1487
4,11110560,2.8621,2.8304,2.8414,2.8637,2.8778,2.8574,2.9224,2.8973,2.8742,2.8656,2.7935,2.8345,2.86
5,11110570,2.958,3.0184,2.9935,3.0239,3.0015,2.9447,2.9442,2.9811,2.9419,3.022,2.9867,3.0147,2.9859
6,11110580,3.7442,3.791,3.7681,3.789,3.7685,3.7287,3.7868,3.7722,3.6869,3.7194,3.7117,3.7097,3.748
7,11110600,3.7012,3.9481,3.8757,3.8747,3.8914,3.7681,3.7074,3.7925,3.8159,3.9296,4.0078,3.8515,3.847
8,11110615,4.5319,4.7811,4.7714,4.8343,4.8494,4.9035,4.7658,4.7555,4.6676,4.7527,4.9577,4.8916,4.7885
9,11110630,3.7644,3.8456,3.705,3.7207,3.71,3.8603,3.8625,3.8546,3.7944,3.801,3.9037,3.9854,3.8173
10,11110640,5.6727,5.7473,5.9039,5.8905,5.8723,5.934,5.8455,5.8724,5.9357,6.0268,6.1366,6.0257,5.9053
11,11110650,5.4749,5.5009,5.4868,5.6412,5.7634,5.7496,5.7122,5.6964,5.6772,5.9079,6.0968,6.0843,5.7326
12,11110670,3.5801,3.6206,3.5786,3.602,3.5832,3.6141,3.6673,3.6616,3.6107,3.6046,3.6734,3.6933,3.6241
13,11110680,3.4026,3.4076,3.4307,3.4862,3.5407,3.5871,3.5916,3.6543,3.728,3.7587,3.7354,3.6449,3.5807
14,11110690,3.7283,3.6356,3.7089,3.6898,3.6521,3.6678,3.6361,3.6495,3.5518,3.5597,3.4749,3.4428,3.6164
15,11110700,3.7391,3.6967,3.7239,3.7567,3.7825,3.7625,3.8519,3.7781,3.8265,3.8382,3.8445,3.8244,3.7854
16,11110710,4.5463,4.3817,4.4056,4.4112,4.3756,4.4334,4.5943,4.6132,4.5248,4.6191,4.6341,4.8093,4.5291
17,11140520,5.321,5.4529,5.3294,5.4036,5.3731,5.4534,5.4134,5.3662,5.2054,5.171,5.3571,5.4236,5.3558
18,11140540,4.7512,4.8579,4.7804,4.817,4.7937,4.8742,4.7622,4.8215,4.6873,4.7129,4.9564,5.1085,4.8269
19,11140550,5.874,6.0527,5.9952,5.9939,5.9926,6.11,5.9689,5.9582,5.9117,5.9771,6.1849,6.3399,6.0299
20,11140570,5.0383,5.0218,4.9742,5.0252,5.099,5.1984,5.1549,5.1237,5.0014,5.1222,5.2135,5.288,5.105
21,11140580,5.4555,5.4167,5.5838,5.6192,5.5886,5.6572,5.6002,5.6109,5.5351,5.5708,5.7717,5.9161,5.6105
22,11140590,5.1953,5.2444,5.3656,5.3231,5.346,5.4794,5.5066,5.5531,5.4952,5.5586,5.6072,5.699,5.4478
23,11140605,3.7752,4.0489,3.9996,4.029,4.1911,4.2611,4.0784,4.1527,4.1479,4.2759,4.3829,4.4292,4.1477
24,11140615,5.2063,5.1842,5.1809,5.1687,5.1344,5.1456,5.1082,5.0677,5.0371,5.0566,5.1019,5.1089,5.1251
25,11140625,4.414,4.3902,4.4541,4.5252,4.4996,4.4927,4.4817,4.4349,4.3373,4.4265,4.4953,4.4317,4.4486
26,11140635,3.7772,3.75,3.8829,3.9456,3.9352,4.0148,4.0117,4.0157,3.9751,3.9997,4.0309,3.9875,3.9439
27,11140645,4.0928,4.0104,4.0449,4.0192,4.0302,3.9938,4.0692,4.0601,3.9804,4.0391,3.9726,3.997,4.0258
28,11140650,4.3258,4.3167,4.3995,4.399,4.3504,4.3608,4.3461,4.3202,4.2665,4.3017,4.2741,4.3445,4.3338
29,11140665,3.8858,3.8864,3.981,3.957,3.9425,3.9428,3.9871,3.9528,3.9669,3.986,3.921,3.9123,3.9435
30,11140670,5.1192,5.0731,5.1366,5.0983,5.0503,5.0966,5.1768,5.1533,5.0927,5.1806,5.2253,5.2656,5.139
31,11140680,4.585,4.5557,4.6182,4.6395,4.6152,4.6173,4.5933,4.5962,4.5299,4.6118,4.7083,4.6852,4.613
32,11170510,4.1948,4.1378,4.1323,4.2067,4.2427,4.3022,4.27,4.2074,4.1423,4.2049,4.217,4.228,4.2072
33,11170520,4.828,4.851,4.8278,4.9064,5.0249,4.9787,4.9948,4.9714,4.9032,5.0382,4.9179,4.8762,4.9265
34,11170530,4.9299,5.0278,5.164,5.1811,5.112,5.1683,5.0193,4.9242,4.9152,5.0083,5.1409,5.0925,5.0569
35,11170555,5.7017,5.6811,5.8282,5.8981,5.9276,5.9667,5.9285,5.8434,5.7925,6.0397,6.156,6.0512,5.9012
36,11170560,4.9687,4.981,5.1528,5.2177,5.2891,5.3079,5.3964,5.354,5.1713,5.281,5.2711,5.2729,5.222
37,11170570,3.6829,3.6869,3.7721,3.8324,3.8298,3.7904,3.7898,3.8036,3.7417,3.8164,3.7619,3.7715,3.7733
38,11170580,4.5369,4.5055,4.606,4.5438,4.5177,4.5132,4.5716,4.5501,4.5077,4.546,4.5027,4.455,4.5297
39,11170590,4.1838,4.1166,4.2128,4.1611,4.173,4.1973,4.1768,4.2057,4.1853,4.2452,4.2508,4.2531,4.1968
40,11170625,4.8073,4.9232,5.1276,5.1754,5.3175,5.4666,5.2915,5.3055,5.3143,5.433,5.5603,5.4921,5.2679
41,11170630,3.2349,3.3044,3.3427,3.365,3.368,3.3724,3.3257,3.3658,3.3989,3.4007,3.3578,3.3358,3.3477
42,11170640,3.5269,3.5536,3.6109,3.6693,3.5043,3.4971,3.4374,3.4906,3.5887,3.5718,3.5041,3.4567,3.5343
43,11170650,4.9314,5.1926,5.225,5.2703,5.3584,5.3904,5.2211,5.1898,5.2657,5.5454,5.6368,5.5184,5.3121
44,11170660,5.157,5.2084,5.28,5.342,5.3785,5.3506,5.2919,5.3841,5.4403,5.5905,5.5102,5.5047,5.3699
45,11170685,5.2012,5.4784,5.6094,5.6441,5.6213,5.7465,5.5675,5.5563,5.5997,5.738,5.6852,5.7122,5.5967
46,11170690,3.4919,3.5874,3.6509,3.6985,3.7052,3.7173,3.6577,3.661,3.662,3.6832,3.6776,3.6428,3.653
47,11170700,4.0967,4.1348,4.2011,4.1769,4.1817,4.1724,4.1301,4.0956,4.0562,4.1363,4.0675,4.0938,4.1286
48,11200520,4.4424,4.3514,4.4429,4.4644,4.4605,4.4668,4.4304,4.4059,4.4467,4.5092,4.4716,4.51,4.4502
49,11200535,4.8054,4.762,4.8249,4.8645,4.8944,4.9685,4.9751,4.9602,4.9335,4.955,4.946,4.9459,4.9029
50,11200540,4.2078,4.1069,4.193,4.1909,4.2274,4.2102,4.2015,4.2203,4.1763,4.2684,4.2368,4.2787,4.2099
51,11200550,6.2249,6.1434,6.0218,6.1025,6.2026,6.2715,6.1643,6.1601,6.0914,6.2474,6.4102,6.4936,6.2111
52,11200560,4.6121,4.5942,4.6914,4.6439,4.6912,4.721,4.7791,4.7647,4.7592,4.8733,4.9067,4.8364,4.7395
53,11200570,3.7839,3.7053,3.7663,3.752,3.7637,3.7221,3.7844,3.7593,3.7413,3.7853,3.7865,3.767,3.7598
54,11200580,3.4323,3.3977,3.4188,3.5031,3.4904,3.4674,3.4718,3.4623,3.4739,3.4854,3.4139,3.4129,3.4525
55,11200590,4.1207,4.0641,4.104,4.0415,4.0042,4.0034,4.0919,4.0084,4.0101,4.0101,3.9563,3.9211,4.028
56,11200615,3.7981,3.7307,3.7852,3.7893,3.7477,3.6958,3.6853,3.6931,3.6367,3.6783,3.6602,3.6502,3.7126
57,11200620,3.837,3.7953,3.8509,3.7993,3.7779,3.8083,3.8251,3.8404,3.8259,3.8345,3.8363,3.812,3.8202
58,11200645,4.3541,4.2892,4.3215,4.2845,4.2152,4.2269,4.1921,4.1615,4.0934,4.1216,4.1095,4.0891,4.2049
59,11200650,4.3817,4.5229,4.6727,4.9008,4.8359,4.8903,4.7336,4.8736,4.9379,4.9897,4.9932,4.8265,4.7966
60,11200660,5.0929,5.2675,5.4011,5.5572,5.4724,5.576,5.3923,5.3274,5.3379,5.4005,5.5337,5.4059,5.3971
61,11200670,3.9458,3.9972,4.1127,4.171,4.1612,4.1942,4.1386,4.1237,4.1221,4.2458,4.2795,4.2341,4.1438
62,11200690,5.4258,5.6051,5.7173,5.7461,5.6926,5.669,5.6177,5.5964,5.5521,5.6353,5.7362,5.6879,5.6401
63,11200720,4.8249,4.7418,4.8879,4.8998,4.8496,4.8443,4.8344,4.9064,4.795,4.9673,4.9394,4.9637,4.8712
64,11200790,4.3385,4.3511,4.5527,4.5336,4.4884,4.4989,4.5626,4.5838,4.5932,4.7074,4.6988,4.7156,4.552
65,11215710,7.7217,7.6007,7.7489,7.8037,7.7794,7.8127,7.8243,7.8343,7.8357,7.9865,8.0162,8.056,7.835
66,11215730,5.8852,5.7775,5.9812,6.0139,6.0067,6.0492,6.0447,5.9916,6.0016,6.1389,6.0994,6.1286,6.0099
67,11215740,4.8932,4.7528,4.9232,4.8784,4.8717,4.8872,4.8776,4.8185,4.7634,4.8831,4.8705,4.8673,4.8572
68,11215750,4.6588,4.5543,4.7407,4.7291,4.7372,4.6453,4.7236,4.7721,4.7012,4.7823,4.7298,4.753,4.7106
69,11215760,3.8527,3.7432,3.7891,3.7713,3.8021,3.8127,3.7759,3.8572,3.7944,3.7997,3.7455,3.7772,3.7934
70,11215770,3.8819,3.8219,3.8008,3.7918,3.8173,3.767,3.8288,3.7748,3.6667,3.706,3.6386,3.6791,3.7646
71,11215780,5.5866,5.4141,5.4688,5.5301,5.4802,5.4154,5.4549,5.4384,5.3733,5.4984,5.4152,5.4999,5.4646
72,11215810,3.1366,3.1139,3.1045,3.0944,3.1005,3.1125,3.1474,3.131,3.0737,3.0797,3.0691,3.1036,3.1056
73,11215820,4.9822,4.9019,5.0378,5.0319,4.9729,5.0069,5.0336,5.0136,4.964,5.0802,5.0717,5.1021,5.0166
74,11215830,4.2063,4.161,4.234,4.2221,4.2313,4.1961,4.2214,4.1951,4.177,4.225,4.1275,4.1146,4.1926
75,11215840,4.2277,4.1884,4.243,4.2516,4.2273,4.2432,4.2329,4.1881,4.1706,4.1869,4.1742,4.1656,4.2083
76,11215847,4.742,4.7606,4.9204,5.007,4.9767,5.0388,4.8599,4.8061,4.9095,4.9806,5.0142,4.9432,4.9132
77,11215850,5.0329,4.8941,4.9435,4.9188,4.9453,4.9727,4.9975,4.9655,4.8461,4.9532,4.8896,4.9197,4.9399
78,11215860,3.7357,3.7474,3.7954,3.809,3.7582,3.7306,3.7827,3.7551,3.6715,3.7402,3.6767,3.6789,3.7401
79,11215870,3.8496,3.7814,3.8077,3.8189,3.8191,3.8155,3.8551,3.8205,3.815,3.854,3.8383,3.8229,3.8248
80,11230536,4.4646,4.3625,4.4379,4.4659,4.4812,4.5007,4.5255,4.4723,4.436,4.5515,4.5251,4.5298,4.4794
81,11230545,3.7578,3.6853,3.79,3.8183,3.8779,3.8649,3.8863,3.957,3.925,4.0397,4.0337,4.0672,3.8919
82,11230560,3.9667,3.9367,3.9713,4.0059,4.0217,4.0417,4.0772,4.0856,4.0467,4.1505,4.1566,4.2239,4.057
83,11230570,3.3501,3.3025,3.4028,3.4551,3.4608,3.4655,3.3631,3.2908,3.3572,3.3915,3.417,3.3926,3.3874
84,11230600,4.0438,3.9657,4.0731,4.0956,4.0869,4.1066,4.1209,4.1088,4.1028,4.1353,4.0596,4.0126,4.076
85,11230610,3.5424,3.4829,3.5739,3.6054,3.5778,3.5764,3.5922,3.5685,3.5611,3.5304,3.4917,3.5002,3.5502
86,11230650,4.2433,4.2059,4.2849,4.303,4.261,4.2202,4.2809,4.3323,4.2825,4.3368,4.3328,4.2881,4.281
87,11230660,3.5905,3.5277,3.5826,3.5646,3.594,3.5888,3.6156,3.5846,3.6115,3.6317,3.6054,3.5894,3.5905
88,11230705,3.2556,3.2003,3.2408,3.1904,3.2452,3.2385,3.254,3.2767,3.257,3.3104,3.3517,3.3898,3.2675
89,11230710,5.8465,5.6903,5.8807,5.959,6.0866,6.1715,6.1778,6.1877,6.1954,6.4702,6.5637,6.6611,6.1575
90,11230720,5.548,5.4512,5.6873,5.7082,5.7131,5.7492,5.7691,5.7932,5.8227,6.0627,6.1339,6.2543,5.8077
91,11230730,4.2796,4.2267,4.3308,4.3549,4.3664,4.3542,4.3706,4.3698,4.4035,4.544,4.5511,4.5759,4.394
92,11230740,5.7304,5.5172,5.7241,5.8196,5.9138,5.9443,5.7886,5.826,5.9586,6.281,6.6077,6.6383,5.9791
93,11230750,3.4407,3.3903,3.44,3.4825,3.5094,3.5115,3.5179,3.4888,3.5203,3.5661,3.541,3.5053,3.4928
94,11260520,3.4675,3.3511,3.3661,3.3404,3.3525,3.3391,3.3133,3.2809,3.3064,3.3086,3.2247,3.2107,3.3218
95,11260540,3.5154,3.4574,3.4493,3.4996,3.4886,3.5128,3.5057,3.4697,3.4157,3.453,3.3446,3.3427,3.4545
96,11260550,3.6366,3.6349,3.7057,3.688,3.7447,3.5152,3.5078,3.5039,3.496,3.6118,3.5749,3.5708,3.5992
97,11260565,3.8244,3.762,3.8478,3.8568,3.8463,3.8603,3.9382,3.9434,3.9351,3.9506,3.8681,3.8724,3.8755
98,11260570,3.6304,3.5679,3.6084,3.6217,3.6139,3.5894,3.6226,3.6315,3.5953,3.5876,3.4771,3.4689,3.5846
99,11260575,3.6957,3.659,3.6955,3.7137,3.6663,3.6745,3.6972,3.6731,3.6826,3.6844,3.6907,3.659,3.6826
100,11260580,4.0339,4.0099,4.0621,4.0347,4.0381,4.0438,4.1465,4.1126,4.0691,4.1005,3.9662,3.9482,4.0471
101,11260590,5.0694,5.0268,5.1552,5.2058,5.235,5.2261,5.2143,5.2191,5.1555,5.2689,5.2285,5.1919,5.183
102,11260600,3.6431,3.5632,3.5811,3.5658,3.5351,3.5051,3.5719,3.5092,3.495,3.5253,3.4264,3.4124,3.5278
103,11260610,3.4247,3.4376,3.5117,3.5059,3.4916,3.4847,3.5025,3.5007,3.4833,3.5153,3.4849,3.4651,3.484
104,11260620,3.7559,3.7065,3.6938,3.7075,3.6761,3.6373,3.6915,3.7087,3.6766,3.7046,3.6376,3.5934,3.6825
105,11260630,3.849,3.7788,3.8604,3.8627,3.8204,3.8516,3.857,3.8759,3.8431,3.853,3.7826,3.8094,3.837
106,11260655,3.4431,3.3697,3.3373,3.3374,3.3932,3.3955,3.4306,3.4399,3.3945,3.4088,3.4199,3.4725,3.4035
107,11260660,3.3171,3.2268,3.1765,3.1592,3.2072,3.2007,3.241,3.2177,3.227,3.2601,3.1684,3.1994,3.2168
108,11260680,3.2087,3.184,3.2299,3.2239,3.1888,3.1912,3.2019,3.2269,3.2315,3.2118,3.2059,3.2159,3.21
109,11260690,3.4467,3.3627,3.4372,3.4511,3.4098,3.3756,3.3793,3.3405,3.342,3.3355,3.2978,3.3067,3.3738
110,11290525,3.9431,3.9308,3.8852,3.8964,3.883,3.8558,3.9343,3.8827,3.807,3.8384,3.8443,3.8228,3.877
111,11290555,4.8961,4.785,4.9486,4.973,4.9586,4.9723,4.9406,4.8939,4.8583,5.0071,5.078,4.9327,4.937
112,11290575,5.6918,5.4902,5.7372,5.7363,5.7515,5.8557,5.916,5.7667,5.7957,5.9788,6.0869,5.9981,5.8171
113,11290580,3.4262,3.3661,3.3618,3.3646,3.3551,3.3223,3.3634,3.3177,3.3324,3.3097,3.2733,3.2271,3.335
114,11290590,3.3326,3.35,3.3685,3.3356,3.3356,3.3327,3.3413,3.3467,3.3216,3.315,3.2272,3.2489,3.3213
115,11290600,5.8946,5.8387,5.7059,5.7623,5.795,5.894,5.9861,5.9736,5.9022,6.0175,6.1899,6.209,5.9307
116,11290610,4.4534,4.3497,4.4614,4.4854,4.436,4.4559,4.4515,4.4083,4.3686,4.4547,4.4848,4.4574,4.4389
117,11290620,3.4861,3.4292,3.5219,3.5051,3.4771,3.5034,3.5342,3.5,3.4719,3.4694,3.3989,3.3787,3.473
118,11290630,3.6911,3.6402,3.7062,3.7065,3.6963,3.6702,3.6715,3.6509,3.6394,3.6965,3.6503,3.6612,3.6734
119,11290640,4.3869,4.2213,4.4291,4.509,4.5428,4.5316,4.3798,4.3803,4.4025,4.6014,4.7492,4.681,4.4846
120,11290650,3.5119,3.4782,3.6124,3.6069,3.5937,3.5731,3.4974,3.4812,3.6269,3.693,3.7346,3.7015,3.5926
121,11290660,2.9508,2.8685,2.9002,2.8975,2.9084,2.8784,2.9049,2.8977,2.9338,2.9158,2.872,2.8591,2.8989
122,11290685,3.4693,3.4186,3.4863,3.5106,3.5072,3.5512,3.5625,3.5655,3.5442,3.5572,3.5109,3.5252,3.5174
123,11290705,3.7485,3.7253,3.837,3.8573,3.8282,3.8278,3.8285,3.8501,3.88,3.9527,3.9952,3.9973,3.8607
124,11290715,3.2799,3.2517,3.315,3.344,3.374,3.4046,3.416,3.4035,3.3863,3.4411,3.4362,3.4046,3.3714
125,11290725,4.2426,4.199,4.4231,4.4675,4.4012,4.3781,4.2677,4.2207,4.2422,4.385,4.3635,4.3412,4.3277
126,11290760,3.2939,3.3161,3.3732,3.392,3.38,3.4127,3.429,3.4546,3.5115,3.5131,3.4223,3.455,3.4128
127,11290770,3.3072,3.3098,3.4264,3.463,3.4656,3.4585,3.4659,3.481,3.4722,3.48,3.4005,3.3797,3.4258
128,11290780,3.5015,3.5082,3.5685,3.577,3.6132,3.6674,3.832,3.9896,3.9749,3.9859,3.8529,3.9231,3.7495
129,11290810,3.6214,3.6106,3.7168,3.6752,3.6832,3.6595,3.599,3.5407,3.5979,3.6751,3.6791,3.6711,3.6441
130,11305534,3.1027,3.0899,3.108,3.0749,3.0642,3.0776,3.0882,3.0718,3.1101,3.1062,3.0634,3.0711,3.0857
131,11305535,3.8687,3.7837,3.9568,3.9586,3.9441,3.9368,3.8735,3.8383,3.8125,3.9084,3.8907,3.8763,3.8874
132,11305545,3.5878,3.5828,3.6162,3.6538,3.6363,3.6088,3.6311,3.5972,3.5902,3.6152,3.5999,3.6083,3.6106
133,11305555,3.0388,3.0215,2.9989,3.0167,3.0082,2.9858,3.0435,3.012,3.0284,3.0437,3.0181,3.0249,3.02
134,11305575,2.8136,2.784,2.811,2.8117,2.7885,2.743,2.7607,2.7847,2.8117,2.7825,2.7743,2.7557,2.7851
135,11305590,4.0336,4.0177,4.1118,4.0719,3.9806,3.9187,3.9756,3.9831,3.964,4.0644,4.0266,4.024,4.0143
136,11305600,3.1647,3.1685,3.1741,3.223,3.2172,3.1166,3.1434,3.1713,3.2281,3.2588,3.2507,3.2126,3.1941
137,11305606,2.7348,2.7207,2.7966,2.8306,2.8105,2.8196,2.8046,2.8251,2.8246,2.819,2.7506,2.721,2.7881
138,11305610,3.4379,3.4283,3.4253,3.3873,3.3709,3.3635,3.3625,3.3524,3.3103,3.3451,3.3355,3.3347,3.3711
139,11305620,3.0962,3.0682,3.1639,3.206,3.2249,3.2029,3.2056,3.1934,3.2156,3.2407,3.2123,3.2139,3.187
140,11305630,4.2387,4.1908,4.2767,4.285,4.2569,4.2372,4.2243,4.1748,4.1508,4.1985,4.2374,4.2153,4.2239
141,11305645,3.3206,3.3013,3.4373,3.4294,3.4737,3.484,3.422,3.4338,3.5961,3.6866,3.6191,3.5804,3.482
142,11305660,3.2787,3.265,3.2737,3.2849,3.2854,3.2676,3.3003,3.3103,3.3408,3.3545,3.3058,3.2975,3.297
143,11320511,3.5583,3.4924,3.524,3.5572,3.5526,3.547,3.6019,3.5767,3.526,3.5828,3.5363,3.5075,3.5469
144,11320512,3.5126,3.482,3.593,3.5808,3.5725,3.5949,3.5898,3.5271,3.5316,3.5885,3.5512,3.5353,3.5549
145,11320513,2.8518,2.8614,2.9174,2.916,2.8563,2.8533,2.8702,2.8546,2.8816,2.92,2.8398,2.7977,2.8683
146,11320514,3.1998,3.1781,3.2038,3.2009,3.205,3.2036,3.2164,3.2306,3.2572,3.2646,3.2193,3.2514,3.2192
147,11320515,3.5565,3.5545,3.5637,3.5697,3.575,3.5347,3.5358,3.5061,3.5559,3.5647,3.5334,3.5315,3.5484
148,11320521,2.7069,2.6872,2.6945,2.6616,2.6572,2.6457,2.6532,2.6385,2.684,2.6832,2.6877,2.6759,2.673
149,11320522,3.138,3.1263,3.1468,3.155,3.1498,3.1484,3.1332,3.0773,3.0841,3.0943,3.1081,3.0945,3.1213
150,11320660,3.558,3.5126,3.7203,3.7256,3.6319,3.6125,3.4806,3.4213,3.4394,3.4914,3.4669,3.4625,3.5436
151,11320670,3.5052,3.4568,3.4547,3.4358,3.4558,3.4004,3.4609,3.4629,3.456,3.4483,3.4175,3.3694,3.4436
152,11320680,3.8292,3.7931,3.8249,3.8052,3.7932,3.7975,3.8963,3.8999,3.8459,3.8584,3.775,3.7376,3.8214
153,11320681,3.2839,3.2399,3.1495,3.1729,3.1688,3.1503,3.2139,3.1402,3.1295,3.1198,3.0828,3.0519,3.1586
154,11320690,3.1719,3.1666,3.1397,3.1224,3.0906,3.0795,3.1143,3.1029,3.1151,3.119,3.1006,3.1365,3.1216
155,11320700,2.8194,2.7898,2.7472,2.7385,2.7488,2.7441,2.7258,2.7073,2.7093,2.6941,2.6193,2.6147,2.7215
156,11320710,2.7424,2.6883,2.6284,2.6191,2.6299,2.5924,2.677,2.7296,2.7402,2.7266,2.6937,2.6569,2.6771
157,11350560,3.5075,3.4499,3.5333,3.5713,3.5832,3.6037,3.5845,3.5558,3.5305,3.6278,3.6398,3.6357,3.5686
158,11350570,2.9596,2.9475,2.9098,2.9265,2.9667,2.9177,2.9487,2.9058,2.9188,2.9545,2.9371,2.9148,2.934
159,11350580,3.2696,3.2248,3.283,3.2495,3.2467,3.2059,3.1923,3.1953,3.1846,3.2282,3.1954,3.1538,3.2191
160,11350595,3.8816,3.8554,3.9617,3.9793,3.9555,3.96,3.9175,3.9204,3.9242,3.9865,3.9687,3.9492,3.9383
161,11350600,3.8703,3.8068,3.8564,3.9112,3.8963,3.9301,3.8669,3.8887,3.899,4.0211,4.0042,3.9836,3.9112
162,11350611,3.1753,3.1494,3.1254,3.1484,3.1283,3.0618,3.1235,3.1198,3.1554,3.1956,3.2025,3.162,3.1456
163,11350612,3.2452,3.2255,3.212,3.1852,3.2248,3.2513,3.2829,3.3013,3.3467,3.3377,3.3125,3.3046,3.2691
164,11350619,2.4444,2.4223,2.4123,2.394,2.3968,2.3675,2.3918,2.3947,2.3996,2.3431,2.3247,2.3696,2.3884
165,11350621,2.4099,2.3989,2.368,2.3693,2.3436,2.3238,2.3805,2.3685,2.3785,2.3724,2.3487,2.3605,2.3686
166,11350624,2.6634,2.6487,2.6149,2.5937,2.5821,2.5531,2.616,2.6274,2.5335,2.5065,2.4775,2.5127,2.5774
167,11350625,3.1115,3.095,3.0982,3.0833,3.0845,3.0787,3.1174,3.111,3.1024,3.1093,3.0902,3.0872,3.0974
168,11350630,3.1425,3.1323,3.1231,3.1196,3.1185,3.0756,3.1004,3.0668,3.073,3.0723,3.0159,3.0054,3.0871
169,11350640,3.5957,3.6248,3.7057,3.6968,3.6708,3.707,3.6645,3.6473,3.7075,3.6913,3.6995,3.623,3.6695
170,11350665,2.7724,2.7518,2.7156,2.7123,2.7026,2.7065,2.7386,2.7556,2.746,2.7167,2.6985,2.7203,2.7281
171,11350670,2.9359,2.8972,2.8823,2.8702,2.9026,2.8677,2.8573,2.8495,2.891,2.9348,2.9165,2.8851,2.8908
172,11350695,3.6397,3.6518,3.6931,3.7112,3.6984,3.7122,3.6888,3.6873,3.6802,3.6863,3.7009,3.6771,3.6856
173,11350700,3.8059,3.8383,3.8258,3.8371,3.8661,3.803,3.8605,3.8234,3.7294,3.7228,3.649,3.6534,3.7846
174,11350710,3.138,3.0966,3.0966,3.0986,3.1147,3.0881,3.1944,3.2097,3.1844,3.1544,3.1328,3.1352,3.137
175,11350720,3.7341,3.717,3.7628,3.7585,3.7722,3.772,3.8514,3.933,3.9642,3.995,3.9674,3.9467,3.8479
176,11380510,3.9642,3.9049,3.9582,3.9893,3.9457,3.9542,4.0015,4.0236,4.0136,4.0955,4.0551,4.0649,3.9976
177,11380520,3.4625,3.4272,3.4921,3.5094,3.484,3.4858,3.519,3.4924,3.4593,3.5143,3.4482,3.4499,3.4787
178,11380530,3.5166,3.4982,3.5152,3.4836,3.4867,3.4842,3.5966,3.6308,3.5568,3.579,3.4957,3.5023,3.5288
179,11380551,3.9527,3.9456,3.9649,3.9436,3.918,3.8644,3.8871,3.8535,3.8814,3.9031,3.9415,3.9125,3.914
180,11380552,3.7143,3.683,3.6921,3.6624,3.6814,3.6329,3.6441,3.6216,3.5929,3.6212,3.6154,3.576,3.6448
181,11380560,3.3992,3.3725,3.3434,3.3159,3.3202,3.3127,3.3891,3.4387,3.3692,3.3748,3.3436,3.3953,3.3646
182,11380570,4.1696,4.095,4.2155,4.2303,4.214,4.2096,4.2653,4.2336,4.2077,4.3012,4.2138,4.1147,4.2059
183,11380580,4.0874,4.0746,4.1722,4.149,4.1177,4.1302,4.1705,4.1282,4.1359,4.2214,4.1879,4.1077,4.1402
184,11380590,3.7243,3.6765,3.8039,3.7986,3.7434,3.726,3.7277,3.7325,3.7035,3.7372,3.6511,3.6503,3.7229
185,11380600,3.7802,3.7033,3.7339,3.7525,3.7443,3.7205,3.7479,3.7867,3.7372,3.7395,3.6982,3.7099,3.7378
186,11380625,3.7645,3.6783,3.73,3.7544,3.7592,3.7416,3.7446,3.7529,3.7558,3.7735,3.7199,3.7921,3.7472
187,11380631,3.7464,3.7124,3.7934,3.7851,3.7378,3.6825,3.6778,3.65,3.6521,3.6711,3.62,3.6274,3.6963
188,11380632,3.3504,3.3377,3.366,3.3952,3.3923,3.3797,3.4485,3.4229,3.3796,3.3645,3.3081,3.3167,3.3718
189,11380640,3.5924,3.5323,3.5788,3.6275,3.6239,3.6177,3.6472,3.642,3.6595,3.6767,3.6135,3.6248,3.6197
190,11380650,4.2447,4.192,4.1539,4.1907,4.198,4.1374,4.081,4.0414,4.0462,4.0424,4.0233,3.9945,4.1121
191,11380690,3.5147,3.4601,3.4653,3.4373,3.4329,3.4252,3.4445,3.4223,3.3607,3.3612,3.3263,3.3601,3.4176
192,11410520,3.6475,3.6214,3.5623,3.5101,3.5202,3.4744,3.5173,3.4351,3.3838,3.371,3.3604,3.3477,3.4793
193,11410555,4.8218,4.7889,4.9231,4.9438,4.9205,4.9388,4.8699,4.884,4.7773,4.882,4.9627,4.9068,4.885
194,11410565,4.8967,4.894,4.9987,5.0505,5.0542,5.0676,4.9262,4.9381,4.939,5.0463,5.1497,5.0967,5.0048
195,11410585,8.0963,7.9733,8.1932,8.2339,8.2876,8.254,8.1229,8.1166,8.1167,8.2671,8.4478,8.4358,8.2121
196,11410615,5.2438,5.1363,5.2704,5.2531,5.2695,5.3144,5.3537,5.3439,5.2986,5.4249,5.3855,5.4467,5.3117
197,11410620,3.4581,3.3786,3.4385,3.4353,3.4639,3.429,3.422,3.3808,3.3875,3.4605,3.3787,3.379,3.4177
198,11410640,3.1371,3.074,3.1242,3.1183,3.1011,3.0764,3.1064,3.0991,3.0815,3.1328,3.1012,3.0687,3.1017
199,11410655,3.2859,3.2542,3.3097,3.3423,3.3025,3.2804,3.3,3.3195,3.3007,3.391,3.3812,3.361,3.319
200,11410660,3.4057,3.3402,3.3708,3.3989,3.3892,3.391,3.3735,3.3587,3.3282,3.3427,3.3139,3.3176,3.3609
201,11410685,3.845,3.7573,3.8061,3.8038,3.8419,3.7628,3.7627,3.7276,3.725,3.7854,3.7672,3.7397,3.777
202,11410690,3.4787,3.4111,3.445,3.4348,3.4737,3.4772,3.3981,3.36,3.3623,3.3859,3.4129,3.6888,3.444
203,11410700,4.4833,4.4032,4.5613,4.5818,4.6078,4.5878,4.5497,4.5436,4.5005,4.5772,4.5833,4.6572,4.5531
204,11410710,3.4548,3.4316,3.425,3.4,3.3786,3.3618,3.399,3.3331,3.2885,3.2924,3.2486,3.2704,3.357
205,11410720,4.0182,3.9415,4.0199,4.0202,4.0096,3.9995,4.0144,3.9263,3.9472,4.0159,3.98,3.9989,3.991
206,11440555,4.7329,4.6893,4.7475,4.7397,4.723,4.7776,4.7684,4.7215,4.6049,4.6497,4.6814,4.6722,4.709
207,11440565,4.8035,4.7664,4.9135,4.8937,4.8709,4.9012,4.9195,4.8827,4.7926,4.8773,4.8543,4.8419,4.8598
208,11440585,4.3445,4.318,4.4505,4.4407,4.373,4.412,4.3564,4.3282,4.3109,4.3779,4.4008,4.3629,4.373
209,11440590,3.8419,3.7962,3.9275,3.9403,3.8991,3.9622,3.9584,3.966,3.9264,3.9352,3.9806,3.9456,3.9233
210,11440600,6.2421,6.1363,6.1895,6.2519,6.3408,6.2873,6.1595,6.0528,6.0337,6.1221,6.1727,6.2725,6.1884
211,11440610,4.8411,4.7889,4.7715,4.7397,4.7748,4.7865,4.7678,4.6952,4.567,4.6709,4.6836,4.6693,4.7297
212,11440630,4.1145,4.0748,4.2403,4.2575,4.1782,4.1444,4.2232,4.1341,4.1128,4.1624,4.1125,4.1063,4.1551
213,11440655,5.3985,5.366,5.5305,5.6369,5.5936,5.6817,5.5602,5.5241,5.5439,5.7886,5.9407,5.8563,5.6184
214,11440660,7.1463,7.3419,7.4433,7.4802,7.5019,7.6505,7.3519,7.4038,7.4272,7.5409,7.7721,7.7037,7.4803
215,11440680,6.3993,6.4085,6.5088,6.5359,6.5173,6.5276,6.4323,6.4856,6.448,6.5377,6.5772,6.6232,6.5001
216,11440690,5.375,5.3428,5.5107,5.5193,5.5596,5.5589,5.4448,5.456,5.4393,5.5609,5.5322,5.4899,5.4825
217,11440700,4.457,4.4147,4.5523,4.6103,4.6113,4.6238,4.6229,4.6379,4.6009,4.5925,4.5078,4.5264,4.5632
218,11440710,6.2355,6.4137,6.5272,6.5347,6.5766,6.6214,6.3017,6.2862,6.311,6.4863,6.5711,6.6433,6.4591
219,11440720,5.0423,4.9191,4.9744,4.9555,4.977,4.9607,4.9631,4.9602,4.9309,4.9789,4.9733,5.0121,4.9706
220,11440730,4.7015,4.6062,4.6535,4.6259,4.6237,4.6276,4.6368,4.6576,4.5886,4.6912,4.667,4.657,4.6447
221,11440740,4.5703,4.6074,4.7216,4.7543,4.6309,4.7703,4.631,4.6474,4.5889,4.6727,4.8075,4.6793,4.6735
222,11470510,3.3601,3.376,3.3856,3.4113,3.3625,3.4008,3.3186,3.3089,3.3016,3.3079,3.3926,3.4004,3.3605
223,11470520,4.3044,4.2926,4.3915,4.3707,4.3417,4.3176,4.3938,4.383,4.3231,4.3496,4.2908,4.2857,4.337
224,11470530,4.3372,4.268,4.3425,4.297,4.277,4.2914,4.2619,4.1741,4.0998,4.1476,4.1102,4.1184,4.2271
225,11470540,3.2232,3.164,3.1607,3.1621,3.1972,3.154,3.1912,3.1776,3.125,3.1447,3.0989,3.1368,3.1613
226,11470550,2.5865,2.5502,2.6106,2.6352,2.5857,2.5891,2.5756,2.5481,2.5481,2.5332,2.5083,2.5158,2.5655
227,11470560,3.2844,3.2177,3.2735,3.2535,3.2324,3.2419,3.2657,3.2491,3.2441,3.2698,3.224,3.2401,3.2497
228,11470570,3.5013,3.4587,3.4881,3.4977,3.5486,3.5669,3.6176,3.5911,3.5915,3.5779,3.5064,3.5279,3.5395
229,11470580,3.1181,3.0481,3.0771,3.0742,3.1069,3.0776,3.151,3.1662,3.1626,3.1634,3.1888,3.2187,3.1294
230,11470590,3.2713,3.241,3.2432,3.2308,3.2357,3.2966,3.2921,3.2655,3.2522,3.2518,3.2079,3.1944,3.2485
231,11470600,3.3633,3.294,3.2167,3.2231,3.2571,3.2376,3.353,3.306,3.2303,3.2127,3.1664,3.2116,3.256
232,11470610,3.5044,3.4472,3.3909,3.3968,3.4353,3.4208,3.5474,3.6202,3.4976,3.5202,3.4494,3.4349,3.4721
233,11470611,3.0408,2.9851,2.9508,2.9294,2.9348,2.9235,2.9573,2.9246,2.8954,2.862,2.8394,2.841,2.9237
234,11470620,3.0147,2.9891,3.0324,3.0239,3.0437,3.0099,3.0381,3.0333,3.0132,2.9916,2.9376,2.9452,3.0061
235,11470630,2.9277,2.8651,2.8653,2.8376,2.8419,2.8106,2.8399,2.8418,2.8559,2.8487,2.7875,2.7984,2.8434
236,11470640,3.1821,3.1485,3.1408,3.1497,3.19,3.164,3.2419,3.2436,3.2218,3.227,3.1906,3.1835,3.1903
237,11470650,3.6845,3.6086,3.6771,3.654,3.6271,3.6551,3.6973,3.6917,3.654,3.6936,3.6954,3.6548,3.6661
238,11470670,2.9758,2.942,2.9079,2.8786,2.8743,2.8537,2.8963,2.8622,2.8393,2.8443,2.8072,2.8042,2.8738
239,11470680,2.9541,2.9358,2.9133,2.8821,2.8846,2.8383,2.8486,2.814,2.7582,2.7212,2.6807,2.6916,2.8269
240,11500510,4.4367,4.373,4.4241,4.4323,4.445,4.3653,4.397,4.4173,4.3684,4.3933,4.3604,4.3204,4.3944
241,11500520,5.4382,5.3555,5.5449,5.5044,5.4803,5.5131,5.6195,5.6488,5.5367,5.6978,5.6765,5.7859,5.5668
242,11500530,4.0633,4.0227,4.0188,4.0017,4.0287,4.0044,4.1137,4.1436,4.0149,4.0362,4.0034,3.9932,4.037
243,11500535,4.5092,4.4419,4.3548,4.2755,4.3029,4.2695,4.3261,4.3292,4.271,4.2926,4.2764,4.2706,4.3266
244,11500540,4.658,4.5747,4.7112,4.6943,4.6896,4.6641,4.6856,4.6541,4.6256,4.7315,4.6512,4.6123,4.6627
245,11500550,3.6728,3.6043,3.7056,3.7406,3.7309,3.7276,3.7219,3.6518,3.5933,3.6581,3.6239,3.6324,3.6719
246,11500560,3.8152,3.7591,3.7589,3.7744,3.7669,3.7916,3.797,3.6998,3.7042,3.7618,3.7077,3.7029,3.7533
247,11500570,3.6085,3.5559,3.5168,3.4622,3.5024,3.5483,3.5835,3.5524,3.4793,3.4941,3.4913,3.4981,3.5244
248,11500590,4.3363,4.3,4.414,4.4294,4.3761,4.366,4.392,4.388,4.3556,4.4231,4.3701,4.3995,4.3792
249,11500591,4.4513,4.3622,4.4942,4.4914,4.5312,4.5118,4.5349,4.4898,4.4892,4.5243,4.535,4.4879,4.4919
250,11500593,4.356,4.2575,4.3586,4.3071,4.2622,4.2441,4.2716,4.2759,4.259,4.3196,4.2474,4.2761,4.2863
251,11500603,5.5755,5.5166,5.5594,5.4591,5.4647,5.5322,5.559,5.5588,5.5155,5.5967,5.622,5.6148,5.5479
252,11500604,3.9699,3.9375,3.9324,3.9219,3.9201,3.8745,3.9703,3.9785,3.9159,3.9527,3.9582,3.9705,3.9419
253,11500605,4.5909,4.5527,4.619,4.5908,4.5304,4.5199,4.5581,4.5307,4.4782,4.5578,4.4846,4.5095,4.5435
254,11500611,3.2569,3.2175,3.194,3.2406,3.2578,3.1966,3.3046,3.3064,3.2391,3.2948,3.2753,3.2485,3.2527
255,11500615,3.852,3.8116,3.8716,3.9006,3.8749,3.9009,3.8097,3.7606,3.7939,3.8593,3.856,3.8194,3.8425
256,11500620,4.0863,4.1246,4.1837,4.1688,4.1729,4.219,4.1507,4.1692,3.999,4.0355,4.0074,4.0192,4.1114
257,11500630,3.6287,3.5933,3.6565,3.6573,3.6314,3.6099,3.613,3.5682,3.5236,3.5637,3.5219,3.4972,3.5887
258,11500640,3.8535,3.8947,3.904,3.8828,3.8375,3.8582,3.8411,3.8457,3.8335,3.8766,3.8632,3.8981,3.8658
259,11500641,3.4924,3.4403,3.4471,3.4264,3.4265,3.3775,3.3783,3.3338,3.3525,3.4045,3.379,3.3169,3.3979
260,11530510,4.2239,4.2313,4.319,4.3201,4.2991,4.3192,4.2108,4.1436,4.1127,4.1859,4.18,4.1653,4.2259
261,11530520,3.707,3.7027,3.6985,3.6753,3.6754,3.6366,3.7143,3.6758,3.644,3.6726,3.6392,3.5874,3.6691
262,11530530,3.6247,3.5943,3.6949,3.6906,3.6382,3.6637,3.656,3.6305,3.5637,3.6251,3.6215,3.6134,3.6347
263,11530540,5.2535,5.2739,5.3762,5.3817,5.2626,5.3545,5.2224,5.1909,5.1419,5.2427,5.4447,5.4008,5.2955
264,11530550,3.5867,3.4992,3.5588,3.473,3.4629,3.4741,3.4977,3.4381,3.4072,3.4935,3.467,3.523,3.4901
265,11530560,4.8373,4.836,4.9336,4.9459,4.9592,4.9778,5.0024,4.9473,4.873,4.9583,4.9059,4.9205,4.9248
266,11530595,4.4187,4.4285,4.5532,4.5491,4.3755,4.367,4.4436,4.4747,4.4389,4.5253,4.5972,4.5912,4.4802
267,11530720,3.3116,3.3169,3.3658,3.3935,3.3817,3.3992,3.4077,3.4117,3.4048,3.3954,3.3795,3.4276,3.383
268,11530730,3.0661,3.0865,3.0915,3.0427,3.0037,2.999,3.007,3.0158,3.0489,3.0482,2.991,3.0169,3.0348
269,11530740,3.323,3.2681,3.2963,3.294,3.287,3.2952,3.3712,3.4321,3.4014,3.4321,3.3976,3.4022,3.35
270,11530750,3.6103,3.5839,3.6363,3.6157,3.6161,3.621,3.5348,3.4255,3.4509,3.4538,3.4796,3.4276,3.538
271,11530760,3.1646,3.0957,3.0526,3.0173,3.0339,2.9692,3.0393,3.069,3.082,3.1413,3.1191,3.1043,3.074
272,11530770,4.3143,4.2185,4.321,4.329,4.3591,4.3268,4.2554,4.2158,4.2687,4.3565,4.2998,4.2938,4.2966
273,11530780,3.6081,3.5666,3.5882,3.6005,3.584,3.5647,3.6205,3.6315,3.5868,3.5888,3.5454,3.5255,3.5842
274,11530790,3.3672,3.3735,3.3677,3.3482,3.3162,3.2314,3.3215,3.2943,3.2973,3.334,3.3594,3.33,3.3284
275,11545510,5.3804,5.3729,5.4859,5.5054,5.4636,5.5586,5.5005,5.4446,5.3859,5.4494,5.5748,5.5195,5.4701
276,11545610,4.309,4.2497,4.2968,4.3023,4.3223,4.3604,4.4163,4.4126,4.4002,4.4979,4.496,4.5069,4.3809
277,11545620,3.8663,3.7442,3.8491,3.9062,3.9182,3.9848,4.0158,3.9702,3.9422,4.0024,3.9811,3.9387,3.9266
278,11545630,4.1102,4.0745,4.1137,4.0927,4.0741,4.0668,4.1303,4.0869,4.0694,4.1688,4.1361,4.1858,4.1091
279,11545640,3.8461,3.8087,3.9812,3.9916,3.9385,3.9269,3.9562,3.9151,3.863,3.9226,3.9041,3.8813,3.9113
280,11545670,3.6232,3.5431,3.5384,3.5251,3.5383,3.5239,3.6007,3.6414,3.6301,3.6846,3.6096,3.608,3.5889
281,11545680,2.9103,2.8515,2.8048,2.7876,2.7965,2.7774,2.7914,2.7985,2.8013,2.7852,2.7476,2.7221,2.7979
282,11545690,3.0784,3.0236,2.9686,2.9487,2.9686,2.9397,3.0413,3.0508,3.0181,3.0003,2.9954,3.0242,3.0048
283,11545700,3.2698,3.2238,3.2382,3.2804,3.3223,3.2858,3.328,3.3312,3.364,3.3766,3.3193,3.2771,3.3014
284,11545710,3.1451,3.0815,3.0907,3.0859,3.0501,3.0376,3.099,3.0679,3.0058,3.004,2.9835,2.9577,3.0507
285,11560515,4.1573,4.1603,4.1978,4.1858,4.1778,4.1985,4.344,4.3057,4.1971,4.3015,4.3165,4.3963,4.2449
286,11560535,5.7414,5.7167,5.8165,5.7989,5.8533,5.8765,5.8658,5.9061,5.8901,5.9841,5.9561,6.0249,5.8692
287,11560540,4.5837,4.7938,5.1518,5.1918,5.1292,5.2214,4.8899,4.893,4.9217,4.9645,5.0701,4.9956,4.9839
288,11560550,4.8059,4.7356,4.8123,4.8156,4.8078,4.8358,4.9315,4.8678,4.7604,4.8247,4.7713,4.8082,4.8147
289,11560560,5.6057,5.5002,5.6522,5.6475,5.678,5.6732,5.6973,5.7018,5.613,5.7169,5.7321,5.7278,5.6621
290,11560585,4.099,4.0487,4.1776,4.2141,4.1452,4.1205,4.0857,4.1042,4.0667,4.0722,4.132,4.1397,4.1171
291,11560605,4.2678,4.2811,4.2883,4.34,4.3384,4.3714,4.3455,4.3314,4.2883,4.3414,4.3587,4.3341,4.3239
292,11560610,4.9059,4.958,5.1044,5.1355,5.1235,5.1422,5.1793,5.0945,4.9783,5.0779,5.0615,5.1041,5.0721
293,11560620,5.06,4.9416,5.0277,5.0047,5.0073,4.9891,5.0858,5.1172,4.9735,5.0481,5.0566,5.0893,5.0334
294,11560630,4.2767,4.1399,4.2623,4.2772,4.2615,4.2258,4.2082,4.1989,4.1666,4.1884,4.1355,4.1757,4.2097
295,11560650,3.5753,3.5189,3.5848,3.5533,3.5393,3.5553,3.5582,3.6049,3.5569,3.5738,3.6051,3.5728,3.5665
296,11560660,3.6841,3.623,3.7517,3.7151,3.7138,3.6649,3.7532,3.7403,3.7122,3.7945,3.7875,3.7662,3.7255
297,11560670,3.6748,3.6484,3.5797,3.558,3.5835,3.5948,3.6541,3.601,3.538,3.5692,3.5023,3.4837,3.5823
298,11560680,4.2782,4.1568,4.2194,4.1677,4.1332,4.1404,4.166,4.1154,4.0676,4.0989,4.0442,4.0101,4.1332
299,11560690,3.9354,3.8973,3.9228,3.9345,3.9305,3.8724,3.9016,3.8848,3.8647,3.9288,3.8985,3.8732,3.9037
300,11560700,3.8726,3.7876,3.9291,3.8869,3.8716,3.8588,3.8496,3.812,3.7152,3.7498,3.7253,3.6938,3.8127
301,11560710,3.8446,3.8354,4.0136,3.9239,3.8445,3.8474,3.8074,3.7411,3.6782,3.7426,3.8036,3.747,3.8191
302,11560720,3.7602,3.7093,3.7654,3.7587,3.786,3.8273,3.7721,3.7166,3.7081,3.7524,3.7491,3.7306,3.753
303,11590510,4.8647,4.9576,5.1174,5.1893,5.2332,5.1759,5.3206,5.248,5.1821,5.3037,5.2945,5.199,5.1738
304,11590520,4.1205,4.1256,4.2467,4.359,4.2948,4.3239,4.4023,4.4092,4.3283,4.4786,4.4947,4.5665,4.3458
305,11590530,4.5551,4.3579,4.4907,4.534,4.5408,4.5517,4.4764,4.4446,4.4015,4.5496,4.5355,4.5619,4.5
306,11590540,4.1867,4.1024,4.1399,4.1128,4.1339,4.1829,4.2172,4.1898,4.0812,4.1496,4.1363,4.1534,4.1488
307,11590550,4.3478,4.226,4.3253,4.3516,4.3217,4.3293,4.3623,4.3627,4.3613,4.437,4.3468,4.3642,4.3446
308,11590560,3.9384,3.8198,3.9778,3.9844,3.9322,3.9165,3.9425,3.9718,3.9525,4.0555,3.9632,3.9394,3.9495
309,11590605,4.5062,4.4593,4.5571,4.5819,4.5956,4.5465,4.5544,4.5123,4.5209,4.6352,4.7338,4.7685,4.581
310,11590620,5.2653,5.2231,5.371,5.3305,5.3173,5.2299,5.2703,5.2412,5.1326,5.2436,5.2038,5.1578,5.2489
311,11590630,3.6619,3.6096,3.6534,3.6599,3.6959,3.6793,3.691,3.6322,3.5685,3.6206,3.6232,3.6055,3.6417
312,11590640,3.924,3.856,3.9157,3.9029,3.8918,3.9209,3.9917,3.9782,3.9283,3.9832,3.8689,3.8062,3.914
313,11590650,4.4076,4.2657,4.3413,4.3125,4.2939,4.2416,4.3297,4.3172,4.2544,4.3649,4.3146,4.3221,4.3138
314,11590651,4.176,4.1602,4.2198,4.1725,4.1894,4.1858,4.2806,4.2181,4.1567,4.2141,4.2135,4.1635,4.1958
315,11590660,4.0109,3.9261,4.0071,4.0788,4.1037,4.0575,4.1551,4.117,4.0729,4.178,4.159,4.1474,4.0845
316,11590670,3.8318,3.7705,3.7997,3.7635,3.7674,3.7481,3.774,3.7735,3.7376,3.7598,3.7138,3.7054,3.7621
317,11590680,4.5515,4.5089,4.6108,4.6171,4.5631,4.5255,4.5353,4.4762,4.4426,4.4868,4.4407,4.4098,4.514
318,11620525,4.6764,4.6058,4.7393,4.7216,4.713,4.6968,4.708,4.6804,4.5761,4.7198,4.7375,4.7238,4.6915
319,11620545,3.6246,3.5423,3.5511,3.5571,3.603,3.6035,3.6641,3.6349,3.5921,3.6023,3.5858,3.5821,3.5952
320,11620565,3.521,3.4545,3.4936,3.477,3.4383,3.4038,3.4499,3.4124,3.3964,3.4293,3.3699,3.3068,3.4294
321,11620575,5.7356,5.5638,5.6827,5.6588,5.6387,5.6834,5.7592,5.6726,5.5259,5.742,5.7211,5.7002,5.6737
322,11620585,6.3659,6.2625,6.1328,6.1544,6.2401,6.1942,6.2792,6.2961,6.2101,6.3674,6.4653,6.4913,6.2883
323,11620595,6.355,6.1678,6.3725,6.3871,6.4144,6.4392,6.453,6.3503,6.2158,6.4283,6.4223,6.4529,6.3715
324,11620605,4.3795,4.2545,4.3433,4.3485,4.3279,4.3392,4.3614,4.3007,4.2167,4.3081,4.248,4.2647,4.3077
325,11620615,5.7267,5.5866,5.7947,5.7664,5.7714,5.8209,5.8106,5.7217,5.6085,5.7633,5.6795,5.6609,5.7259
326,11620625,5.4392,5.3119,5.4652,5.4672,5.4439,5.3715,5.5437,5.576,5.4235,5.5486,5.5158,5.5314,5.4698
327,11620630,4.4838,4.3879,4.5274,4.4953,4.4976,4.4303,4.4303,4.4076,4.3811,4.5394,4.5423,4.5118,4.4696
328,11620645,5.7669,5.6577,5.8265,5.8057,5.759,5.7635,5.7599,5.6983,5.5921,5.7243,5.7096,5.6921,5.7296
329,11620655,5.3062,5.2114,5.3785,5.3982,5.4486,5.4316,5.4557,5.4749,5.2933,5.3792,5.3441,5.3878,5.3758
330,11620665,4.946,4.8493,4.9138,4.9419,4.9263,4.8806,4.8512,4.8156,4.759,4.7657,4.7,4.7376,4.8406
331,11620685,5.1523,5.0531,5.2138,5.2438,5.2676,5.2676,5.2884,5.2977,5.243,5.3345,5.2802,5.2397,5.2401
332,11620695,6.6816,6.5258,6.6252,6.5986,6.5895,6.6331,6.622,6.5328,6.4403,6.5717,6.5072,6.5909,6.5765
333,11620715,2.9402,2.9007,2.9467,2.8774,2.9281,2.9007,2.9105,2.9284,3.0069,2.905,2.8676,2.8282,2.9117
334,11620725,5.1749,5.0756,5.24,5.2091,5.2032,5.174,5.185,5.2058,5.1212,5.2515,5.1821,5.1793,5.1835
335,11620735,5.1508,5.0994,5.1201,5.2014,5.2141,5.208,5.1464,5.014,4.9193,5.034,5.1062,5.0499,5.1053
336,11620745,3.307,3.257,3.2244,3.2452,3.2375,3.2017,3.2068,3.2149,3.1451,3.2091,3.2041,3.1923,3.2204
337,11620765,3.8272,3.7599,3.859,3.8636,3.8548,3.8217,3.8639,3.8369,3.7537,3.7791,3.6909,3.7376,3.804
338,11620775,3.4922,3.4557,3.5094,3.5049,3.4683,3.4651,3.5372,3.4653,3.4776,3.5243,3.4304,3.4266,3.4797
339,11650510,4.2898,4.2478,4.3768,4.3843,4.3481,4.4069,4.3617,4.3284,4.353,4.4112,4.4574,4.4451,4.3675
340,11650520,5.3756,5.4735,5.5358,5.5788,5.5052,5.5501,5.4237,5.4239,5.4141,5.5103,5.6258,5.5989,5.5013
341,11650530,4.613,4.6455,4.6891,4.6897,4.6748,4.7414,4.689,4.6411,4.5407,4.5799,4.6433,4.635,4.6485
342,11650531,4.6317,4.9122,5.1714,5.2288,5.1653,5.2746,5.1045,4.9743,4.9704,5.0638,5.3726,5.2376,5.0923
343,11650540,4.0902,4.1614,4.3064,4.2945,4.2376,4.2467,4.0853,4.0067,4.0089,4.0419,4.0601,4.0481,4.1323
344,11650550,2.7714,2.84,2.8447,2.8725,2.8777,2.8955,2.8613,2.8383,2.8594,2.9918,3.1502,3.1888,2.916
345,11650560,4.868,4.8337,4.8669,4.8428,4.7515,4.7575,4.7414,4.8381,4.7855,4.9112,4.9625,4.8924,4.8376
346,11650570,2.8737,2.9383,2.9264,2.9993,3.0038,2.972,2.886,2.8826,2.8808,2.8105,2.7531,2.7226,2.8874
347,11650580,3.3089,3.4502,3.4771,3.5414,3.4856,3.4663,3.1953,3.2274,3.3064,3.28,3.3204,3.2859,3.3621
348,11650581,4.2115,4.2957,4.3305,4.3293,4.3206,4.3508,4.2205,4.1446,4.1606,4.187,4.1577,4.0979,4.2339
349,11650590,3.3038,3.306,3.3619,3.3532,3.3387,3.3625,3.3373,3.3073,3.2456,3.2164,3.2535,3.2718,3.3048
350,11650600,4.3586,4.3623,4.4556,4.4257,4.4209,4.4495,4.4206,4.3951,4.3722,4.3739,4.401,4.3594,4.3996
351,11650610,4.0774,4.1195,4.204,4.2023,4.1968,4.1796,4.1468,4.1196,4.0737,4.1405,4.1485,4.0832,4.141
352,11650620,3.6797,3.6363,3.6085,3.6137,3.6069,3.6248,3.6024,3.4826,3.3897,3.4812,3.5087,3.4755,3.5592
353,11650621,3.9766,3.9381,3.9894,3.9908,3.9872,3.9127,3.925,3.8775,3.8364,3.8641,3.8739,3.8699,3.9201
354,11650651,3.7431,3.739,3.86,3.8811,3.8225,3.8624,3.8385,3.7819,3.7069,3.7414,3.8129,3.7596,3.7958
355,11650652,4.1285,4.1393,4.2152,4.1763,4.2044,4.2566,4.1777,4.1348,4.1135,4.1609,4.1489,4.098,4.1628
356,11650660,3.1529,3.1137,3.0902,3.0736,3.0415,3.0564,3.1036,3.0676,3.0333,3.028,3.0387,3.0005,3.0667
357,11680510,5.6219,5.8489,5.9091,5.9977,5.8899,5.9312,5.6831,5.6334,5.6199,5.7273,5.8487,5.7743,5.7905
358,11680521,6.6341,6.6438,6.7534,6.7734,6.7032,6.7712,6.7048,6.678,6.6248,6.6504,6.7317,6.7215,6.6992
359,11680531,5.8964,5.8147,5.9131,5.9444,5.8311,5.9654,6.0679,6.0232,5.9434,6.0288,6.167,6.0485,5.9703
360,11680545,4.922,5.1124,5.231,5.2341,5.1685,5.1976,5.0011,5.0216,5.0258,5.1884,5.3289,5.1786,5.1342
361,11680565,5.482,5.5731,5.7161,5.8038,5.6838,5.7174,5.5361,5.4595,5.447,5.5435,5.6327,5.5478,5.5952
362,11680580,5.4791,5.6468,5.7575,5.8021,5.7112,5.8016,5.4536,5.5409,5.4559,5.5345,5.8738,5.8977,5.6629
363,11680590,4.8298,4.8328,4.9274,4.8954,4.8372,4.9067,4.7817,4.7495,4.6665,4.7464,4.879,4.8347,4.8239
364,11680600,2.3795,2.3139,2.31,2.3286,2.2726,2.3113,2.3024,2.286,2.2579,2.2688,2.2603,2.2627,2.2962
365,11680610,3.4508,3.5071,3.6391,3.6602,3.5337,3.6652,3.4153,3.3831,3.429,3.5197,3.7399,3.6623,3.5504
366,11680630,4.0894,4.0065,4.0276,4.0463,3.9539,3.989,3.8598,3.8294,3.8429,3.8726,3.9894,4.0037,3.9592
367,11680640,6.6008,6.7093,6.741,6.7648,6.7465,6.7997,6.6919,6.6471,6.6397,6.6959,6.8152,6.7862,6.7199
368,11680650,4.4758,4.476,4.5884,4.6168,4.5328,4.6014,4.5028,4.4388,4.3226,4.3704,4.4743,4.4634,4.4886
369,11680655,3.8764,3.8761,3.935,3.9485,3.8258,3.8607,3.8349,3.8261,3.7514,3.7778,3.7914,3.7483,3.8377
370,11680656,3.3559,3.3627,3.3523,3.349,3.3287,3.3678,3.2874,3.1774,3.1852,3.1794,3.1926,3.1571,3.2746
371,11680660,3.0652,3.081,3.0299,3.0001,2.9996,2.9827,2.9917,3.0047,2.9769,2.991,2.9536,2.9035,2.9983
372,11680670,2.793,2.7946,2.7773,2.7388,2.7201,2.7038,2.7578,2.7245,2.7466,2.7933,2.8015,2.8313,2.7652
373,11680690,3.6611,3.6498,3.6651,3.6758,3.7374,3.7131,3.6852,3.5954,3.5846,3.5608,3.5686,3.5222,3.6349
374,11680700,3.2115,3.1666,3.1551,3.1705,3.1714,3.1666,3.177,3.1254,3.1408,3.126,3.101,3.0835,3.1496
375,11680720,3.1468,3.1957,3.2134,3.2127,3.1809,3.2192,3.1818,3.0795,3.0657,3.0616,3.023,2.9737,3.1295
376,11680730,3.4901,3.4663,3.5399,3.6065,3.5932,3.5861,3.5975,3.5703,3.5581,3.6429,3.5966,3.6091,3.5714
377,11680740,3.3724,3.295,3.279,3.2613,3.2574,3.24,3.3262,3.349,3.3418,3.3893,3.3494,3.3491,3.3175
378,11680750,3.6493,3.6163,3.5708,3.5364,3.4838,3.4071,3.4495,3.4864,3.4419,3.4637,3.4306,3.4114,3.4956
379,11710510,3.4992,3.4664,3.5056,3.5457,3.5464,3.5525,3.5106,3.4978,3.5215,3.5693,3.5558,3.5412,3.526
380,11710520,4.4341,4.3679,4.4555,4.4631,4.4118,4.4368,4.4315,4.4337,4.4452,4.469,4.5044,4.4286,4.4401
381,11710531,3.4285,3.402,3.4125,3.3948,3.3688,3.3898,3.4503,3.4349,3.4431,3.4151,3.3323,3.3776,3.4041
382,11710532,3.3143,3.3435,3.3646,3.349,3.3707,3.3351,3.3606,3.338,3.3436,3.388,3.3136,3.3112,3.3444
383,11710540,2.8141,2.8109,2.8191,2.7708,2.7675,2.8187,2.8176,2.8004,2.8325,2.8381,2.8463,2.8018,2.8115
384,11710550,2.9605,2.9217,2.9189,2.9193,2.9071,2.9589,2.947,2.9611,2.9769,2.9942,2.9833,3.0434,2.9577
385,11710561,3.5219,3.4968,3.5738,3.5578,3.5761,3.5795,3.5675,3.5211,3.5319,3.5447,3.4834,3.4753,3.5358
386,11710562,5.2727,5.2434,5.2944,5.3331,5.4028,5.486,5.5248,5.4868,5.4081,5.489,5.5056,5.4723,5.4099
387,11710566,3.076,3.0686,3.0588,3.1363,3.1815,3.2513,3.1788,3.1715,3.2262,3.2791,3.2733,3.2474,3.1791
388,11710570,3.3417,3.3233,3.2706,3.2711,3.2972,3.2749,3.34,3.3081,3.2513,3.2345,3.2235,3.2243,3.2801
389,11710580,4.9862,5.0825,5.2037,5.1629,5.1464,5.1268,5.0789,5.1157,5.0548,5.1389,5.1123,5.1053,5.1095
390,11710590,3.8531,3.8361,3.7361,3.7212,3.7189,3.7029,3.7703,3.7357,3.6604,3.6816,3.638,3.6573,3.726
391,11710600,4.9425,4.8392,4.9452,4.9829,4.9658,4.9343,4.8995,4.8767,4.8619,4.935,5.0521,5.1104,4.9455
392,11710610,4.8764,4.7682,4.8818,4.9087,4.879,4.8162,4.859,4.8182,4.8145,4.9261,4.8249,4.8459,4.8516
393,11710620,3.986,3.9548,4.0028,4.0376,4.1282,4.1009,4.0927,4.0578,3.9743,4.0132,4.0108,3.9894,4.0291
394,11710631,3.8531,3.7924,3.7996,3.7535,3.7461,3.7358,3.8075,3.7676,3.7113,3.7309,3.6393,3.6322,3.7474
395,11710632,3.4835,3.4778,3.4732,3.4801,3.4646,3.5056,3.5168,3.5001,3.482,3.4859,3.4281,3.4235,3.4768
396,11710641,4.4072,4.2944,4.2793,4.2762,4.306,4.3477,4.3717,4.3996,4.271,4.2567,4.2449,4.1697,4.302
397,11710642,5.2722,5.2361,5.3488,5.3164,5.2053,5.2546,5.2791,5.2602,5.2461,5.3083,5.332,5.327,5.2822
398,11710646,3.9091,3.938,3.905,3.904,3.8846,3.8201,3.8507,3.8688,3.8033,3.8604,3.8463,3.8183,3.8674
399,11710647,3.65,3.6181,3.653,3.6163,3.5759,3.5287,3.4665,3.4712,3.5391,3.5955,3.5788,3.5408,3.5695
400,11710650,4.6801,4.6089,4.7073,4.6854,4.6402,4.6152,4.6224,4.5953,4.5215,4.6195,4.6011,4.5296,4.6189
401,11710670,3.0386,3.0273,3.0427,3.0863,3.054,3.0605,3.0261,2.9897,2.9838,3.0027,3.0927,2.9112,3.0263
402,11710680,3.7604,3.909,3.9981,4.1396,4.0344,4.1424,3.8029,3.8109,3.9039,3.8919,3.8371,3.8365,3.9223
403,11710690,3.388,3.4307,3.5869,3.5736,3.5552,3.5927,3.5423,3.4526,3.3831,3.3916,3.3312,3.3437,3.4643
404,11710710,4.8182,5.0716,5.1439,5.1572,5.1286,5.2362,4.9584,4.9462,4.9354,5.0589,5.2029,5.1571,5.0679
405,11710720,3.2785,3.2505,3.1916,3.223,3.2096,3.2004,3.309,3.2859,3.2279,3.2667,3.3575,3.2668,3.2556
406,11740515,3.2469,3.2919,3.3927,3.4143,3.4594,3.5012,3.5014,3.5129,3.4875,3.4836,3.4414,3.3613,3.4245
407,11740520,3.5854,3.549,3.546,3.5036,3.5018,3.466,3.5314,3.5501,3.4882,3.503,3.4377,3.4006,3.5052
408,11740530,3.4844,3.4187,3.4439,3.4567,3.4419,3.4351,3.4008,3.3769,3.3792,3.3961,3.3555,3.3412,3.4109
409,11740540,2.7402,2.7191,2.6594,2.6311,2.6302,2.5546,2.6443,2.6151,2.5817,2.5346,2.5239,2.5668,2.6168
410,11740550,2.8682,2.8305,2.7821,2.7486,2.7486,2.7268,2.803,2.8126,2.7799,2.7583,2.7143,2.6846,2.7715
411,11740560,3.5337,3.5481,3.5315,3.5497,3.5034,3.3919,3.3673,3.3505,3.327,3.331,3.2923,3.3898,3.4264
412,11740570,3.6189,3.5807,3.6116,3.63,3.6011,3.5503,3.5561,3.5292,3.4969,3.488,3.418,3.4192,3.5417
413,11740580,3.9379,3.873,3.9918,4.0052,4.0996,4.0411,4.1101,4.0769,4.0993,4.1177,4.0523,4.0813,4.0405
414,11740590,3.3159,3.3354,3.2511,3.2342,3.1592,3.1284,3.1963,3.221,3.1354,3.0719,3.0176,3.0234,3.1742
415,11740600,3.5366,3.4814,3.5153,3.5259,3.5431,3.5016,3.5871,3.5829,3.5498,3.5254,3.4839,3.5412,3.5312
416,11740610,4.0416,4.0076,4.084,4.0865,4.0475,4.0372,4.0291,4.0321,4.0139,4.0508,4.0273,4.0578,4.0429
417,11740620,4.3396,4.3166,4.4387,4.4505,4.3436,4.35,4.3709,4.4315,4.4535,4.5533,4.5769,4.571,4.433
418,11740640,3.7152,3.7367,3.7862,3.7506,3.7268,3.7521,3.7816,3.7253,3.6985,3.683,3.6741,3.7141,3.7287
419,11740650,4.1362,4.1172,4.1673,4.1349,4.1043,4.0895,4.1073,4.0989,4.0623,4.1559,4.1488,4.158,4.1234
420,11740660,3.8141,3.7699,3.7819,3.8098,3.8018,3.771,3.807,3.7468,3.6941,3.7126,3.6826,3.7018,3.7578
421,11740685,3.7073,3.6797,3.7076,3.6928,3.6713,3.6679,3.693,3.6808,3.68,3.7357,3.7042,3.7388,3.6966
422,11740690,3.0397,2.9821,2.8551,2.885,2.874,2.8093,2.9161,2.8153,2.6963,2.6484,2.6287,2.6551,2.8171
423,11740700,3.4371,3.4835,3.4621,3.3959,3.3606,3.3282,3.3647,3.3366,3.3113,3.3147,3.302,3.2853,3.3651
