,상권_코드,상권_변화_지표,상권_변화_지표_명,운영_영업_개월_평균,폐업_영업_개월_평균,행정동_코드
0,2120249,LH,상권확장,114,59,11740540
1,2120248,LL,다이나믹,118,52,11740530
2,2120247,LL,다이나믹,108,48,11740600
3,2120246,LL,다이나믹,111,48,11740685
4,2120245,HL,상권축소,128,51,11740660
5,2120244,LL,다이나믹,116,54,11740580
6,2120243,LL,다이나믹,116,53,11740610
7,2120242,HL,상권축소,121,53,11740640
8,2120241,HL,상권축소,120,51,11710532
9,2120240,LL,다이나믹,111,54,11710632
10,2120239,HL,상권축소,119,49,11710620
11,2120238,LL,다이나믹,101,51,11710561
12,2120237,LL,다이나믹,108,49,11710620
13,2120236,LL,다이나믹,90,46,11710642
14,2120235,LL,다이나믹,51,27,11710642
15,2120234,HL,상권축소,124,50,11710620
16,2120233,HH,정체,127,55,11710562
17,2120232,HL,상권축소,127,54,11710562
18,2120231,HH,정체,192,162,11710631
19,2120230,HL,상권축소,127,53,11710600
20,2120229,LL,다이나믹,101,47,11710562
21,2120228,LL,다이나믹,116,49,11710580
22,2120227,LH,상권확장,111,59,11710710
23,2120226,HL,상권축소,121,50,11710610
24,2120225,LL,다이나믹,103,49,11710650
25,2120224,HH,정체,126,58,11680750
26,2120223,HL,상권축소,142,53,11680610
27,2120222,HH,정체,121,58,11680610
28,2120221,LL,다이나믹,118,54,11680580
29,2120220,HH,정체,122,55,11680600
30,2120219,LL,다이나믹,108,51,11680630
31,2120218,HH,정체,144,68,11680580
32,2120217,LL,다이나믹,101,50,11680630
33,2120216,LL,다이나믹,117,54,11680565
34,2120215,LL,다이나믹,105,49,11680590
35,2120214,LL,다이나믹,116,50,11680565
36,2120213,LL,다이나믹,111,50,11680590
37,2120212,LL,다이나믹,99,53,11680630
38,2120211,LL,다이나믹,93,47,11680630
39,2120210,LL,다이나믹,105,47,11680590
40,2120209,HH,정체,126,60,11680565
41,2120208,LL,다이나믹,108,52,11680565
42,2120207,LL,다이나믹,106,49,11680590
43,2120206,LL,다이나믹,104,49,11680650
44,2120205,HL,상권축소,128,51,11680656
45,2120204,LL,다이나믹,116,50,11680640
46,2120203,LL,다이나믹,109,51,11680531
47,2120202,LL,다이나믹,109,48,11680545
48,2120201,HL,상권축소,122,50,11680640
49,2120200,LL,다이나믹,100,48,11680545
50,2120199,LL,다이나믹,97,47,11680640
51,2120198,LL,다이나믹,118,47,11680640
52,2120197,LL,다이나믹,109,48,11680640
53,2120196,HL,상권축소,120,48,11680531
54,2120195,LL,다이나믹,109,49,11680545
55,2120194,LL,다이나믹,101,47,11680531
56,2120193,LL,다이나믹,111,51,11680545
57,2120192,LL,다이나믹,113,48,11680640
58,2120191,LL,다이나믹,116,53,11680521
59,2120190,LL,다이나믹,111,49,11680545
60,2120189,LL,다이나믹,107,50,11650520
61,2120188,HH,정체,120,56,11680510
62,2120187,LL,다이나믹,103,46,11680521
63,2120186,LL,다이나믹,100,47,11680510
64,2120185,LL,다이나믹,114,49,11680521
65,2120184,HL,상권축소,130,49,11650652
66,2120183,LH,상권확장,115,56,11650651
67,2120182,HH,정체,171,63,11650652
68,2120181,HH,정체,134,58,11650651
69,2120180,LL,다이나믹,108,51,11650652
70,2120179,HL,상권축소,121,54,11650520
71,2120178,LL,다이나믹,111,51,11650540
72,2120177,LL,다이나믹,98,44,11650560
73,2120176,LL,다이나믹,101,48,11650560
74,2120175,HH,정체,143,56,11650510
75,2120174,HH,정체,125,57,11650540
76,2120173,HH,정체,127,59,11650510
77,2120172,HH,정체,133,56,11650530
78,2120171,HH,정체,144,56,11650530
79,2120170,LL,다이나믹,106,52,11650581
80,2120169,HH,정체,119,56,11650530
81,2120168,HH,정체,126,58,11650530
82,2120167,HH,정체,132,67,11650581
83,2120166,HH,정체,130,55,11650600
84,2120165,LL,다이나믹,114,53,11650581
85,2120164,HH,정체,128,57,11650621
86,2120163,LL,다이나믹,95,48,11650610
87,2120162,HL,상권축소,142,50,11650590
88,2120161,HH,정체,131,64,11650590
89,2120160,LH,상권확장,111,56,11650610
90,2120159,LL,다이나믹,111,52,11620595
91,2120158,HL,상권축소,119,51,11620735
92,2120157,LL,다이나믹,113,50,11620695
93,2120156,HL,상권축소,120,53,11590630
94,2120155,LL,다이나믹,105,50,11590651
95,2120154,HH,정체,159,60,11590540
96,2120153,HH,정체,122,61,11590510
97,2120152,LL,다이나믹,117,53,11590660
98,2120151,LH,상권확장,116,56,11590680
99,2120150,HH,정체,142,55,11560540
100,2120149,HL,상권축소,123,54,11560540
101,2120148,HL,상권축소,129,55,11560540
102,2120147,HL,상권축소,130,54,11590660
103,2120146,HH,정체,152,64,11560535
104,2120145,HH,정체,123,57,11560535
105,2120144,HH,정체,121,61,11560535
106,2120143,LL,다이나믹,114,52,11560560
107,2120142,LL,다이나믹,100,47,11560720
108,2120141,HL,상권축소,123,51,11560550
109,2120140,LL,다이나믹,100,39,11560605
110,2120139,HL,상권축소,134,52,11560720
111,2120138,LH,상권확장,103,57,11560560
112,2120137,LL,다이나믹,115,50,11560605
113,2120136,LL,다이나믹,112,51,11560550
114,2120135,LL,다이나믹,97,52,11560610
115,2120134,HL,상권축소,139,50,11545630
116,2120133,HH,정체,123,57,11545670
117,2120132,LL,다이나믹,111,52,11545610
118,2120131,LL,다이나믹,98,48,11545510
119,2120130,LL,다이나믹,113,53,11530540
120,2120129,LL,다이나믹,98,47,11530540
121,2120128,LL,다이나믹,96,46,11530560
122,2120127,LL,다이나믹,116,48,11530560
123,2120126,HL,상권축소,120,52,11530595
124,2120125,HH,정체,147,61,11530530
125,2120124,HL,상권축소,139,55,11530760
126,2120123,HH,정체,123,62,11530770
127,2120122,LL,다이나믹,108,48,11500591
128,2120121,LL,다이나믹,103,48,11500540
129,2120120,LL,다이나믹,105,54,11500540
130,2120119,LL,다이나믹,51,40,11500603
131,2120118,LL,다이나믹,22,22,11500603
132,2120117,HH,정체,156,87,11500611
133,2120116,HH,정체,138,58,11500620
134,2120115,LL,다이나믹,98,51,11500640
135,2120114,LL,다이나믹,107,51,11470550
136,2120113,LL,다이나믹,96,52,11470510
137,2120112,LL,다이나믹,114,52,11470530
138,2120111,LL,다이나믹,117,49,11500570
139,2120110,LL,다이나믹,117,48,11470650
140,2120109,HL,상권축소,119,49,11470620
141,2120108,LL,다이나믹,118,54,11470650
142,2120107,LL,다이나믹,112,54,11440565
143,2120106,HL,상권축소,124,51,11440590
144,2120105,LL,다이나믹,73,43,11440655
145,2120104,LL,다이나믹,78,48,11440660
146,2120103,LL,다이나믹,87,46,11440660
147,2120102,LL,다이나믹,109,52,11440660
148,2120101,LL,다이나믹,92,52,11440680
149,2120100,LL,다이나믹,103,52,11440660
150,2120099,LL,다이나믹,103,51,11440730
151,2120098,LL,다이나믹,72,37,11440740
152,2120097,HH,정체,122,57,11410565
153,2120096,HL,상권축소,119,52,11410585
154,2120095,HH,정체,134,61,11410620
155,2120094,HL,상권축소,129,55,11410585
156,2120093,LL,다이나믹,104,55,11410615
157,2120092,LH,상권확장,117,57,11380570
158,2120091,HH,정체,123,56,11380580
159,2120090,HH,정체,126,57,11380530
160,2120089,LL,다이나믹,35,39,11380690
161,2120088,LH,상권확장,116,56,11380552
162,2120087,LL,다이나믹,107,53,11380631
163,2120086,LL,다이나믹,109,55,11350595
164,2120085,LL,다이나믹,102,52,11350619
165,2120084,LH,상권확장,116,58,11350595
166,2120083,HL,상권축소,119,53,11350625
167,2120082,HL,상권축소,125,49,11350695
168,2120081,LL,다이나믹,107,49,11350640
169,2120080,HH,정체,128,61,11350710
170,2120079,HL,상권축소,123,54,11320514
171,2120078,LL,다이나믹,103,53,11305545
172,2120077,LL,다이나믹,108,50,11305535
173,2120076,LL,다이나믹,115,50,11305630
174,2120075,HL,상권축소,119,54,11290725
175,2120074,LL,다이나믹,110,50,11290600
176,2120073,LH,상권확장,110,56,11290715
177,2120072,LL,다이나믹,109,52,11290575
178,2120071,LL,다이나믹,117,46,11290555
179,2120070,HH,정체,130,67,11290555
180,2120069,LL,다이나믹,107,51,11260590
181,2120068,HH,정체,129,58,11260575
182,2120067,LL,다이나믹,112,50,11230660
183,2120066,HH,정체,146,59,11230650
184,2120065,HH,정체,120,56,11230720
185,2120064,LL,다이나믹,95,49,11230710
186,2120063,HH,정체,178,62,11230560
187,2120062,HL,상권축소,125,49,11230536
188,2120061,LL,다이나믹,111,50,11215870
189,2120060,HH,정체,146,60,11215870
190,2120059,LL,다이나믹,89,54,11215870
191,2120058,HH,정체,154,55,11215850
192,2120057,LH,상권확장,109,57,11215780
193,2120056,HL,상권축소,122,53,11215850
194,2120055,LL,다이나믹,109,52,11215730
195,2120054,LL,다이나믹,104,52,11215710
196,2120053,LL,다이나믹,89,53,11215710
197,2120052,LL,다이나믹,100,55,11200690
198,2120051,LH,상권확장,91,57,11200660
199,2120050,LH,상권확장,99,62,11200650
200,2120049,LL,다이나믹,104,52,11200560
201,2120048,HH,정체,133,58,11200620
202,2120047,HH,정체,125,56,11170685
203,2120046,HH,정체,130,59,11170650
204,2120045,HH,정체,131,64,11170530
205,2120044,LH,상권확장,118,64,11170625
206,2120043,HH,정체,152,61,11140540
207,2120042,HH,정체,135,60,11170530
208,2120041,HH,정체,120,58,11170625
209,2120040,HH,정체,160,58,11170570
210,2120039,HH,정체,131,63,11140615
211,2120038,HH,정체,131,59,11140625
212,2120037,HH,정체,163,64,11140590
213,2120036,HH,정체,143,72,11140580
214,2120035,HH,정체,155,58,11140590
215,2120034,HH,정체,159,68,11140590
216,2120033,HH,정체,177,82,11140605
217,2120032,HH,정체,158,63,11140570
218,2120031,HH,정체,164,69,11140605
219,2120030,HH,정체,169,60,11140550
220,2120029,HH,정체,200,65,11140550
221,2120028,HH,정체,176,57,11140550
222,2120027,HH,정체,157,60,11140550
223,2120026,HH,정체,147,64,11140550
224,2120025,HH,정체,134,70,11140520
225,2120024,HH,정체,199,87,11140540
226,2120023,HH,정체,147,71,11140550
227,2120022,HH,정체,167,67,11140520
228,2120021,HH,정체,158,74,11140520
229,2120020,HH,정체,156,73,11140520
230,2120019,HH,정체,153,66,11140520
231,2120018,HH,정체,136,64,11140680
232,2120017,HL,상권축소,127,54,11110670
233,2120016,HH,정체,148,73,11110670
234,2120015,HH,정체,141,69,11110630
235,2120014,HH,정체,144,62,11110630
236,2120013,HH,정체,146,65,11110640
237,2120012,LL,다이나믹,111,54,11110650
238,2120011,HH,정체,169,81,11110615
239,2120010,HH,정체,134,67,11110615
240,2120009,HH,정체,147,66,11110615
241,2120008,HH,정체,156,70,11110615
242,2120007,LH,상권확장,116,62,11110600
243,2120006,HH,정체,139,62,11110615
244,2120005,LH,상권확장,95,58,11110540
245,2120004,HH,정체,146,65,11110615
246,2120003,HH,정체,144,64,11110530
247,2120002,LH,상권확장,111,61,11110530
248,2120001,HH,정체,147,61,11110580
249,2111090,LL,다이나믹,66,39,11740515
250,2111089,LH,상권확장,110,57,11740520
251,2111088,LH,상권확장,97,57,11740560
252,2111087,LL,다이나믹,116,54,11740560
253,2111086,LL,다이나믹,105,49,11740540
254,2111085,LL,다이나믹,101,53,11740550
255,2111084,HL,상권축소,129,41,11740685
256,2111083,LL,다이나믹,105,52,11740685
257,2111082,LH,상권확장,76,59,11740700
258,2111081,HL,상권축소,120,52,11740700
259,2111080,LL,다이나믹,111,48,11740530
260,2111079,HH,정체,128,61,11740700
261,2111078,LL,다이나믹,105,46,11740685
262,2111077,LL,다이나믹,116,53,11740685
263,2111076,HL,상권축소,124,49,11740700
264,2111075,HL,상권축소,124,48,11740600
265,2111074,LH,상권확장,111,57,11740570
266,2111073,HL,상권축소,121,52,11740700
267,2111072,LL,다이나믹,109,53,11740600
268,2111071,LL,다이나믹,109,50,11740685
269,2111070,LL,다이나믹,99,50,11740600
270,2111069,HL,상권축소,119,54,11740600
271,2111068,HL,상권축소,120,45,11740685
272,2111067,HL,상권축소,119,47,11740660
273,2111066,LL,다이나믹,116,50,11740570
274,2111065,LH,상권확장,114,60,11740620
275,2111064,LL,다이나믹,110,44,11740660
276,2111063,LL,다이나믹,118,51,11740620
277,2111062,HL,상권축소,121,49,11740660
278,2111061,LL,다이나믹,110,50,11740570
279,2111060,LL,다이나믹,108,47,11740610
280,2111059,LL,다이나믹,111,47,11740650
281,2111058,LL,다이나믹,104,50,11740640
282,2111057,HL,상권축소,126,54,11740610
283,2111056,HH,정체,138,61,11740620
284,2111055,HH,정체,156,71,11740580
285,2111054,LL,다이나믹,112,53,11740580
286,2111053,HH,정체,120,57,11740640
287,2111052,LL,다이나믹,100,53,11740610
288,2111051,HL,상권축소,133,53,11740650
289,2111050,LL,다이나믹,92,53,11740640
290,2111049,LL,다이나믹,114,55,11740610
291,2111048,LL,다이나믹,107,49,11740610
292,2111047,HH,정체,119,56,11710540
293,2111046,HL,상권축소,131,53,11710540
294,2111045,LH,상권확장,105,58,11710647
295,2111044,LH,상권확장,118,57,11710550
296,2111043,HL,상권축소,156,53,11710550
297,2111042,LL,다이나믹,112,52,11710531
298,2111041,LH,상권확장,98,60,11710531
299,2111040,LH,상권확장,115,64,11710570
300,2111039,HL,상권축소,128,53,11710570
301,2111038,HL,상권축소,124,53,11710570
302,2111037,HL,상권축소,125,52,11710570
303,2111036,HL,상권축소,140,51,11710632
304,2111035,HH,정체,121,60,11710570
305,2111034,HL,상권축소,121,55,11710570
306,2111033,LL,다이나믹,110,54,11710646
307,2111032,LH,상권확장,118,55,11710570
308,2111031,LL,다이나믹,97,51,11710646
309,2111030,HL,상권축소,120,51,11710570
310,2111029,HL,상권축소,128,43,11710632
311,2111028,LL,다이나믹,108,53,11710646
312,2111027,LL,다이나믹,109,51,11710641
313,2111026,HL,상권축소,119,49,11710641
314,2111025,LL,다이나믹,107,54,11710632
315,2111024,LL,다이나믹,98,49,11710620
316,2111023,LL,다이나믹,112,54,11710641
317,2111022,HL,상권축소,140,50,11710620
318,2111021,LL,다이나믹,111,51,11710561
319,2111020,LL,다이나믹,109,49,11710561
320,2111019,LL,다이나믹,110,53,11710562
321,2111018,HL,상권축소,145,45,11710510
322,2111017,HH,정체,142,63,11710562
323,2111016,LL,다이나믹,107,49,11710590
324,2111015,LL,다이나믹,106,49,11710580
325,2111014,LL,다이나믹,107,52,11710562
326,2111013,LL,다이나믹,91,46,11710580
327,2111012,LL,다이나믹,103,49,11710600
328,2111011,LL,다이나믹,93,42,11710690
329,2111010,LL,다이나믹,102,48,11710600
330,2111009,LH,상권확장,104,56,11710600
331,2111008,LH,상권확장,114,56,11710600
332,2111007,LL,다이나믹,111,53,11710610
333,2111006,LL,다이나믹,108,50,11710610
334,2111005,LL,다이나믹,104,54,11710610
335,2111004,LL,다이나믹,110,48,11710650
336,2111003,HL,상권축소,128,55,11710650
337,2111002,LH,상권확장,118,62,11680700
338,2111001,LL,다이나믹,40,51,11680700
339,2111000,HH,정체,124,77,11680700
340,2110999,LL,다이나믹,55,34,11680700
341,2110998,LL,다이나믹,46,34,11680700
342,2110997,HL,상권축소,124,54,11680730
343,2110996,HL,상권축소,119,54,11680610
344,2110995,HH,정체,142,61,11680580
345,2110994,HH,정체,130,61,11680670
346,2110993,HH,정체,207,89,11680660
347,2110992,LL,다이나믹,91,42,11680630
348,2110991,LH,상권확장,115,58,11680580
349,2110990,LH,상권확장,96,61,11680565
350,2110989,LL,다이나믹,94,43,11680630
351,2110988,LH,상권확장,110,68,11680580
352,2110987,LL,다이나믹,92,48,11680565
353,2110986,LL,다이나믹,93,45,11680590
354,2110985,LL,다이나믹,93,42,11680565
355,2110984,HL,상권축소,135,54,11680690
356,2110983,HL,상권축소,135,53,11680690
357,2110982,LL,다이나믹,115,48,11680590
358,2110981,HL,상권축소,123,49,11680690
359,2110980,HL,상권축소,136,52,11680690
360,2110979,LL,다이나믹,81,42,11680565
361,2110978,HH,정체,134,61,11680656
362,2110977,HL,상권축소,157,49,11680690
363,2110976,LL,다이나믹,88,47,11680565
364,2110975,HH,정체,127,58,11680655
365,2110974,LL,다이나믹,92,47,11680590
366,2110973,LL,다이나믹,95,52,11680565
367,2110972,LH,상권확장,87,64,11680650
368,2110971,LL,다이나믹,96,48,11680640
369,2110970,LL,다이나믹,103,46,11680531
370,2110969,LL,다이나믹,117,54,11680650
371,2110968,LL,다이나믹,110,49,11680531
372,2110967,LL,다이나믹,76,48,11680640
373,2110966,LL,다이나믹,87,48,11680531
374,2110965,LL,다이나믹,91,47,11680640
375,2110964,LH,상권확장,105,60,11680655
376,2110963,HH,정체,126,56,11680640
377,2110962,LL,다이나믹,91,42,11680545
378,2110961,LL,다이나믹,92,46,11680531
379,2110960,LL,다이나믹,110,52,11680655
380,2110959,HH,정체,135,59,11680545
381,2110958,LL,다이나믹,84,42,11680640
382,2110957,LL,다이나믹,89,51,11680531
383,2110956,LH,상권확장,114,56,11680640
384,2110955,LL,다이나믹,98,46,11680521
385,2110954,LL,다이나믹,71,35,11680640
386,2110953,LH,상권확장,92,59,11680521
387,2110952,LL,다이나믹,66,45,11680521
388,2110951,LL,다이나믹,82,47,11680510
389,2110950,LL,다이나믹,116,40,11680521
390,2110949,LL,다이나믹,95,41,11680510
391,2110948,HH,정체,160,70,11650660
392,2110947,LH,상권확장,97,59,11650660
393,2110946,HH,정체,135,66,11650652
394,2110945,HH,정체,140,64,11650660
395,2110944,HH,정체,144,65,11650660
396,2110943,HL,상권축소,125,54,11650652
397,2110942,LL,다이나믹,117,52,11650652
398,2110941,LH,상권확장,100,61,11650652
399,2110940,HH,정체,141,57,11650652
400,2110939,HL,상권축소,122,52,11650651
401,2110938,HH,정체,129,56,11650651
402,2110937,HH,정체,130,69,11650651
403,2110936,LL,다이나믹,117,53,11650652
404,2110935,LL,다이나믹,94,51,11650520
405,2110934,LH,상권확장,118,59,11650651
406,2110933,HH,정체,142,63,11650510
407,2110932,HL,상권축소,164,51,11650510
408,2110931,LL,다이나믹,41,44,11650651
409,2110930,HL,상권축소,132,50,11650510
410,2110929,HH,정체,127,62,11650510
411,2110928,LL,다이나믹,92,48,11650530
412,2110927,LH,상권확장,113,66,11650540
413,2110926,HL,상권축소,145,51,11650530
414,2110925,HH,정체,123,67,11650530
415,2110924,HH,정체,131,58,11650581
416,2110923,LH,상권확장,113,61,11650620
417,2110922,LL,다이나믹,95,55,11650600
418,2110921,LH,상권확장,89,64,11650581
419,2110920,HH,정체,200,58,11650620
420,2110919,LH,상권확장,102,59,11650621
421,2110918,LL,다이나믹,116,51,11650600
422,2110917,HH,정체,155,59,11650581
423,2110916,LL,다이나믹,117,54,11650600
424,2110915,LL,다이나믹,82,53,11650590
425,2110914,HH,정체,131,68,11650621
426,2110913,HH,정체,132,55,11650620
427,2110912,HH,정체,120,57,11650590
428,2110911,HL,상권축소,156,47,11650620
429,2110910,HH,정체,134,58,11650621
430,2110909,HH,정체,142,65,11650610
431,2110908,HH,정체,156,65,11650550
432,2110907,HL,상권축소,139,51,11650621
433,2110906,HL,상권축소,138,53,11650621
434,2110905,LL,다이나믹,103,51,11650610
435,2110904,HH,정체,119,58,11650610
436,2110903,LL,다이나믹,108,53,11650590
437,2110902,HH,정체,119,58,11620630
438,2110901,LH,상권확장,118,57,11620625
439,2110900,LL,다이나믹,96,52,11620625
440,2110899,LL,다이나믹,112,46,11620575
441,2110898,LL,다이나믹,76,44,11620545
442,2110897,LL,다이나믹,100,54,11620575
443,2110896,LL,다이나믹,118,51,11620575
444,2110895,LL,다이나믹,87,54,11620585
445,2110894,LH,상권확장,89,58,11620565
446,2110893,LL,다이나믹,117,36,11620595
447,2110892,LL,다이나믹,112,51,11620615
448,2110891,LL,다이나믹,102,44,11620565
449,2110890,LL,다이나믹,107,49,11620595
450,2110889,LL,다이나믹,91,50,11620605
451,2110888,LH,상권확장,115,62,11620595
452,2110887,LH,상권확장,93,55,11620735
453,2110886,LL,다이나믹,96,54,11620665
454,2110885,LH,상권확장,99,57,11620665
455,2110884,HL,상권축소,127,52,11620605
456,2110883,LL,다이나믹,100,48,11620525
457,2110882,HH,정체,131,55,11620665
458,2110881,LL,다이나믹,105,52,11620735
459,2110880,LL,다이나믹,107,45,11620645
460,2110879,HH,정체,142,57,11620745
461,2110878,HH,정체,144,60,11620745
462,2110877,LL,다이나믹,100,53,11620695
463,2110876,HH,정체,168,58,11620645
464,2110875,LL,다이나믹,82,41,11620525
465,2110874,HH,정체,138,70,11620745
466,2110873,LH,상권확장,112,60,11620525
467,2110872,LH,상권확장,102,60,11620655
468,2110871,LL,다이나믹,105,49,11620655
469,2110870,HL,상권축소,136,47,11620745
470,2110869,LL,다이나믹,103,53,11620695
471,2110868,LL,다이나믹,113,48,11620685
472,2110867,LL,다이나믹,116,53,11620655
473,2110866,HL,상권축소,129,55,11620775
474,2110865,HH,정체,128,60,11620775
475,2110864,LH,상권확장,101,60,11620685
476,2110863,LL,다이나믹,116,53,11620765
477,2110862,LH,상권확장,106,58,11620775
478,2110861,LL,다이나믹,115,49,11620685
479,2110860,HH,정체,120,61,11620765
480,2110859,LH,상권확장,93,64,11620715
481,2110858,LL,다이나믹,107,45,11620685
482,2110857,HH,정체,136,60,11620765
483,2110856,HL,상권축소,123,53,11620765
484,2110855,HL,상권축소,122,50,11620725
485,2110854,HL,상권축소,152,38,11620725
486,2110853,HL,상권축소,122,50,11620725
487,2110852,LL,다이나믹,114,51,11590620
488,2110851,LH,상권확장,102,61,11590630
489,2110850,LL,다이나믹,103,51,11590620
490,2110849,HH,정체,131,56,11590640
491,2110848,LH,상권확장,115,56,11590620
492,2110847,LL,다이나믹,114,53,11590620
493,2110846,LL,다이나믹,114,54,11590650
494,2110845,HH,정체,133,62,11590640
495,2110844,LH,상권확장,118,80,11590605
496,2110843,HL,상권축소,126,52,11590651
497,2110842,LH,상권확장,114,59,11590605
498,2110841,HH,정체,185,77,11590605
499,2110840,LL,다이나믹,106,54,11590605
500,2110839,LH,상권확장,103,56,11590530
501,2110838,LH,상권확장,91,61,11590530
502,2110837,LH,상권확장,101,57,11590530
503,2110836,HH,정체,131,59,11590530
504,2110835,LL,다이나믹,95,50,11590530
505,2110834,LH,상권확장,112,62,11590510
506,2110833,LH,상권확장,82,57,11590540
507,2110832,HH,정체,146,66,11590510
508,2110831,LH,상권확장,104,68,11590560
509,2110830,LH,상권확장,112,59,11590560
510,2110829,HH,정체,170,68,11590520
511,2110828,HH,정체,136,57,11590520
512,2110827,LL,다이나믹,115,54,11590560
513,2110826,HL,상권축소,122,51,11590540
514,2110825,LL,다이나믹,117,55,11590550
515,2110824,LH,상권확장,87,64,11590660
516,2110823,LL,다이나믹,114,50,11590680
517,2110822,LH,상권확장,118,65,11590660
518,2110821,LL,다이나믹,117,54,11590680
519,2110820,HL,상권축소,121,53,11590660
520,2110819,HL,상권축소,141,53,11590670
521,2110818,LL,다이나믹,101,43,11590670
522,2110817,HL,상권축소,148,55,11560630
523,2110816,HH,정체,121,60,11560630
524,2110815,HL,상권축소,131,54,11560630
525,2110814,HH,정체,126,60,11560690
526,2110813,LL,다이나믹,117,53,11560690
527,2110812,LH,상권확장,99,55,11560680
528,2110811,HH,정체,126,56,11560680
529,2110810,HL,상권축소,141,55,11560630
530,2110809,HH,정체,142,60,11560515
531,2110808,LH,상권확장,100,64,11560515
532,2110807,HH,정체,141,62,11560535
533,2110806,LL,다이나믹,47,51,11560535
534,2110805,HL,상권축소,119,55,11560660
535,2110804,HL,상권축소,128,54,11560680
536,2110803,HL,상권축소,132,54,11560515
537,2110802,HL,상권축소,124,51,11560660
538,2110801,LL,다이나믹,89,54,11560680
539,2110800,HH,정체,160,62,11560535
540,2110799,LH,상권확장,117,57,11560515
541,2110798,HL,상권축소,126,52,11560680
542,2110797,HL,상권축소,148,53,11560680
543,2110796,HL,상권축소,119,46,11560535
544,2110795,HH,정체,144,60,11560650
545,2110794,LL,다이나믹,88,48,11560560
546,2110793,HH,정체,161,59,11560700
547,2110792,LL,다이나믹,107,55,11560585
548,2110791,LH,상권확장,91,59,11560670
549,2110790,LL,다이나믹,109,49,11560670
550,2110789,HL,상권축소,150,55,11560700
551,2110788,HH,정체,123,62,11560535
552,2110787,HH,정체,121,57,11560650
553,2110786,HH,정체,120,61,11560560
554,2110785,HH,정체,120,56,11560585
555,2110784,HL,상권축소,153,48,11560700
556,2110783,LL,다이나믹,118,51,11560535
557,2110782,HL,상권축소,128,55,11560535
558,2110781,LL,다이나믹,118,47,11560700
559,2110780,LH,상권확장,104,56,11560670
560,2110779,LL,다이나믹,106,53,11560700
561,2110778,LL,다이나믹,109,43,11560710
562,2110777,HL,상권축소,124,52,11560605
563,2110776,HL,상권축소,130,49,11560720
564,2110775,LL,다이나믹,109,46,11560710
565,2110774,LL,다이나믹,102,53,11560560
566,2110773,HH,정체,119,62,11560620
567,2110772,HH,정체,167,62,11560720
568,2110771,LL,다이나믹,92,51,11560710
569,2110770,HH,정체,121,56,11560550
570,2110769,LL,다이나믹,91,45,11560710
571,2110768,LL,다이나믹,99,53,11560585
572,2110767,LH,상권확장,95,60,11560585
573,2110766,LL,다이나믹,118,45,11560720
574,2110765,HH,정체,144,82,11560605
575,2110764,HL,상권축소,172,50,11560550
576,2110763,LH,상권확장,98,58,11560550
577,2110762,LH,상권확장,117,57,11560620
578,2110761,HH,정체,148,73,11560605
579,2110760,LH,상권확장,111,55,11560620
580,2110759,LH,상권확장,100,57,11560605
581,2110758,LL,다이나믹,112,48,11560605
582,2110757,LL,다이나믹,103,51,11560610
583,2110756,LH,상권확장,91,60,11560610
584,2110755,LH,상권확장,108,56,11545680
585,2110754,HL,상권축소,125,50,11545710
586,2110753,HH,정체,124,56,11545710
587,2110752,LL,다이나믹,116,49,11545700
588,2110751,LL,다이나믹,114,50,11545630
589,2110750,HL,상권축소,122,54,11545700
590,2110749,HH,정체,131,67,11545690
591,2110748,LL,다이나믹,117,50,11545710
592,2110747,HH,정체,156,61,11545690
593,2110746,LL,다이나믹,118,46,11545670
594,2110745,LL,다이나믹,118,54,11545620
595,2110744,HL,상권축소,126,53,11545640
596,2110743,LL,다이나믹,108,53,11545670
597,2110742,HL,상권축소,122,54,11545670
598,2110741,LH,상권확장,104,56,11545620
599,2110740,LL,다이나믹,118,54,11545670
600,2110739,HH,정체,130,65,11545690
601,2110738,LL,다이나믹,114,51,11545630
602,2110737,HL,상권축소,155,52,11545630
603,2110736,LL,다이나믹,113,47,11545640
604,2110735,HL,상권축소,126,53,11545620
605,2110734,HL,상권축소,120,51,11545670
606,2110733,LL,다이나믹,110,47,11545670
607,2110732,HL,상권축소,127,50,11545610
608,2110731,LL,다이나믹,111,54,11545670
609,2110730,HH,정체,128,66,11545610
610,2110729,LL,다이나믹,107,47,11545510
611,2110728,HH,정체,124,64,11545610
612,2110727,LH,상권확장,75,58,11545610
613,2110726,LH,상권확장,113,59,11545610
614,2110725,LH,상권확장,110,59,11545510
615,2110724,HL,상권축소,123,53,11545510
616,2110723,LH,상권확장,103,58,11545510
617,2110722,LL,다이나믹,82,49,11530540
618,2110721,HL,상권축소,142,47,11530595
619,2110720,HL,상권축소,125,47,11530550
620,2110719,HH,정체,144,67,11530540
621,2110718,LH,상권확장,108,55,11530560
622,2110717,HL,상권축소,119,54,11530595
623,2110716,HL,상권축소,133,53,11530530
624,2110715,HH,정체,126,59,11530560
625,2110714,HL,상권축소,124,51,11530550
626,2110713,HL,상권축소,126,54,11530560
627,2110712,HL,상권축소,124,48,11530550
628,2110711,HL,상권축소,122,47,11530530
629,2110710,HL,상권축소,128,52,11530530
630,2110709,LL,다이나믹,118,48,11530530
631,2110708,HL,상권축소,132,53,11530530
632,2110707,HH,정체,133,62,11530510
633,2110706,LL,다이나믹,101,54,11530720
634,2110705,HL,상권축소,158,47,11530720
635,2110704,HH,정체,151,75,11530720
636,2110703,HH,정체,122,59,11530740
637,2110702,HL,상권축소,140,55,11530760
638,2110701,HH,정체,122,58,11530730
639,2110700,HL,상권축소,133,54,11530720
640,2110699,LL,다이나믹,107,55,11530730
641,2110698,HH,정체,123,57,11530760
642,2110697,HL,상권축소,126,46,11530760
643,2110696,HH,정체,132,61,11530750
644,2110695,LL,다이나믹,117,50,11530730
645,2110694,LH,상권확장,111,58,11530730
646,2110693,HL,상권축소,149,48,11530770
647,2110692,HH,정체,120,60,11530740
648,2110691,HH,정체,125,55,11530740
649,2110690,LL,다이나믹,112,53,11530780
650,2110689,HL,상권축소,120,49,11530770
651,2110688,LL,다이나믹,99,51,11530770
652,2110687,LH,상권확장,92,56,11530780
653,2110686,HH,정체,122,58,11530790
654,2110685,LH,상권확장,101,70,11530780
655,2110684,LL,다이나믹,75,48,11530790
656,2110683,LL,다이나믹,103,50,11530790
657,2110682,HL,상권축소,122,55,11530790
658,2110681,HH,정체,133,62,11530790
659,2110680,HH,정체,131,65,11530790
660,2110679,HH,정체,120,62,11500510
661,2110678,HH,정체,138,69,11500510
662,2110677,LL,다이나믹,101,50,11500520
663,2110676,LL,다이나믹,101,50,11500530
664,2110675,LL,다이나믹,85,48,11500570
665,2110674,LL,다이나믹,115,50,11500605
666,2110673,HL,상권축소,121,47,11500570
667,2110672,LL,다이나믹,83,48,11500530
668,2110671,LH,상권확장,100,56,11500520
669,2110670,LL,다이나믹,107,49,11500570
670,2110669,HL,상권축소,123,43,11500591
671,2110668,LL,다이나믹,109,50,11500550
672,2110667,LL,다이나믹,80,38,11500535
673,2110666,LL,다이나믹,90,51,11500591
674,2110665,HL,상권축소,122,51,11500550
675,2110664,LL,다이나믹,114,43,11500591
676,2110663,LH,상권확장,88,60,11500591
677,2110662,LL,다이나믹,99,53,11500593
678,2110661,LL,다이나믹,112,48,11500591
679,2110660,LL,다이나믹,103,51,11500535
680,2110659,LL,다이나믹,118,51,11500590
681,2110658,LL,다이나믹,118,54,11500590
682,2110657,LL,다이나믹,102,54,11500535
683,2110656,LL,다이나믹,107,50,11500540
684,2110655,LL,다이나믹,111,52,11500615
685,2110654,LL,다이나믹,114,48,11500540
686,2110653,LL,다이나믹,109,50,11500615
687,2110652,HH,정체,134,58,11500603
688,2110651,HL,상권축소,127,50,11500540
689,2110650,LL,다이나믹,83,50,11500615
690,2110649,LL,다이나믹,107,51,11500615
691,2110648,LL,다이나믹,41,22,11500603
692,2110647,LL,다이나믹,105,49,11500540
693,2110646,LL,다이나믹,101,50,11500560
694,2110645,LL,다이나믹,101,51,11500611
695,2110644,HH,정체,136,64,11500611
696,2110643,LL,다이나믹,116,52,11500620
697,2110642,HH,정체,165,70,11500641
698,2110641,LL,다이나믹,90,54,11500630
699,2110640,HH,정체,130,55,11500641
700,2110639,HL,상권축소,123,53,11500630
701,2110638,HL,상권축소,122,52,11500630
702,2110637,HL,상권축소,118,52,11500620
703,2110636,LL,다이나믹,101,54,11500630
704,2110635,HH,정체,133,64,11500620
705,2110634,LL,다이나믹,113,46,11500620
706,2110633,HL,상권축소,124,51,11500640
707,2110632,LL,다이나믹,118,52,11500630
708,2110631,LL,다이나믹,107,47,11500640
709,2110630,HH,정체,134,55,11500640
710,2110629,HH,정체,146,57,11500620
711,2110628,HH,정체,131,57,11470520
712,2110627,LL,다이나믹,109,49,11470630
713,2110626,LL,다이나믹,93,52,11470520
714,2110625,LL,다이나믹,102,53,11470630
715,2110624,LH,상권확장,107,58,11470520
716,2110623,LL,다이나믹,88,52,11470680
717,2110622,LH,상권확장,104,55,11470520
718,2110621,LH,상권확장,107,57,11470510
719,2110620,LL,다이나믹,112,49,11470540
720,2110619,LL,다이나믹,100,42,11470540
721,2110618,LL,다이나믹,100,43,11470540
722,2110617,LL,다이나믹,89,50,11470530
723,2110616,LL,다이나믹,88,49,11470650
724,2110615,LL,다이나믹,110,45,11470620
725,2110614,LL,다이나믹,114,54,11470650
726,2110613,HH,정체,124,56,11470620
727,2110612,LL,다이나믹,111,49,11470650
728,2110611,HL,상권축소,122,53,11470650
729,2110610,HL,상권축소,156,52,11470640
730,2110609,LL,다이나믹,106,54,11470640
731,2110608,HL,상권축소,132,55,11470570
732,2110607,HH,정체,126,70,11470570
733,2110606,LL,다이나믹,111,55,11470590
734,2110605,LH,상권확장,94,60,11470610
735,2110604,LL,다이나믹,118,53,11470590
736,2110603,LL,다이나믹,91,54,11470640
737,2110602,HL,상권축소,121,53,11470611
738,2110601,HL,상권축소,119,49,11470560
739,2110600,HL,상권축소,121,52,11470611
740,2110599,LL,다이나믹,116,45,11470560
741,2110598,HL,상권축소,124,45,11470611
742,2110597,HL,상권축소,126,52,11470560
743,2110596,LL,다이나믹,113,53,11470580
744,2110595,HH,정체,121,57,11470600
745,2110594,HL,상권축소,122,53,11470600
746,2110593,HL,상권축소,132,52,11470580
747,2110592,HL,상권축소,130,50,11470580
748,2110591,HH,정체,127,60,11140680
749,2110590,HH,정체,151,64,11440565
750,2110589,LH,상권확장,108,61,11440565
751,2110588,LH,상권확장,116,56,11440565
752,2110587,HH,정체,125,59,11440565
753,2110586,HH,정체,129,56,11440565
754,2110585,LL,다이나믹,67,43,11440555
755,2110584,HH,정체,132,62,11440555
756,2110583,HL,상권축소,149,49,11440555
757,2110582,HH,정체,134,59,11440610
758,2110581,LH,상권확장,110,75,11440610
759,2110580,LL,다이나믹,108,55,11440600
760,2110579,LH,상권확장,100,72,11440585
761,2110578,HH,정체,135,62,11440610
762,2110577,LH,상권확장,112,62,11440590
763,2110576,LL,다이나믹,99,54,11440600
764,2110575,LL,다이나믹,111,51,11440600
765,2110574,LH,상권확장,69,72,11440600
766,2110573,HL,상권축소,129,52,11440600
767,2110572,LH,상권확장,105,57,11440630
768,2110571,HH,정체,120,63,11440630
769,2110570,LH,상권확장,97,57,11440630
770,2110569,LL,다이나믹,90,49,11440660
771,2110568,LL,다이나믹,88,49,11440655
772,2110567,HH,정체,142,71,11440655
773,2110566,LL,다이나믹,81,46,11440660
774,2110565,LL,다이나믹,112,45,11440655
775,2110564,LL,다이나믹,75,42,11440660
776,2110563,LL,다이나믹,105,53,11440655
777,2110562,LL,다이나믹,60,43,11440710
778,2110561,LL,다이나믹,89,50,11440655
779,2110560,LH,상권확장,89,60,11440710
780,2110559,LL,다이나믹,73,48,11440680
781,2110558,LH,상권확장,93,56,11440720
782,2110557,LL,다이나믹,100,48,11440660
783,2110556,LH,상권확장,53,61,11440680
784,2110555,LL,다이나믹,111,54,11440660
785,2110554,LL,다이나믹,93,45,11440660
786,2110553,LH,상권확장,106,57,11440730
787,2110552,LL,다이나믹,111,54,11440720
788,2110551,LL,다이나믹,110,55,11440720
789,2110550,LL,다이나믹,100,49,11440680
790,2110549,LH,상권확장,112,58,11440730
791,2110548,HL,상권축소,120,54,11440720
792,2110547,LL,다이나믹,103,50,11440700
793,2110546,LH,상권확장,101,58,11440680
794,2110545,LH,상권확장,88,62,11440730
795,2110544,LL,다이나믹,82,48,11440690
796,2110543,HH,정체,123,59,11440730
797,2110542,LL,다이나믹,109,49,11440700
798,2110541,LL,다이나믹,99,50,11440700
799,2110540,LL,다이나믹,106,52,11440690
800,2110539,HH,정체,129,72,11410565
801,2110538,LL,다이나믹,102,52,11410565
802,2110537,HH,정체,146,60,11410565
803,2110536,LH,상권확장,83,58,11410520
804,2110535,HH,정체,125,73,11410520
805,2110534,HH,정체,121,60,11410565
806,2110533,HH,정체,175,87,11410555
807,2110532,HH,정체,178,59,11410555
808,2110531,LH,상권확장,109,61,11110550
809,2110530,LH,상권확장,113,60,11410555
810,2110529,HH,정체,126,60,11410640
811,2110528,LH,상권확장,101,59,11410640
812,2110527,LH,상권확장,115,64,11410640
813,2110526,HH,정체,132,63,11410585
814,2110525,HH,정체,140,78,11410660
815,2110524,HH,정체,131,63,11410585
816,2110523,LL,다이나믹,108,51,11410620
817,2110522,LL,다이나믹,112,53,11410620
818,2110521,HL,상권축소,124,53,11410620
819,2110520,LL,다이나믹,108,53,11410585
820,2110519,LH,상권확장,108,64,11410620
821,2110518,HH,정체,123,68,11410615
822,2110517,HL,상권축소,130,54,11410615
823,2110516,LH,상권확장,104,70,11410685
824,2110515,LH,상권확장,115,66,11410685
825,2110514,LL,다이나믹,99,53,11410585
826,2110513,LL,다이나믹,114,54,11410615
827,2110512,HH,정체,122,68,11410615
828,2110511,LH,상권확장,117,60,11410615
829,2110510,LH,상권확장,108,69,11410615
830,2110509,LL,다이나믹,115,51,11410585
831,2110508,LL,다이나믹,63,45,11410615
832,2110507,LL,다이나믹,107,48,11410685
833,2110506,LH,상권확장,111,64,11410615
834,2110505,HH,정체,138,60,11410615
835,2110504,HH,정체,218,94,11410685
836,2110503,LL,다이나믹,88,48,11410700
837,2110502,HH,정체,119,59,11410700
838,2110501,HH,정체,131,61,11410615
839,2110500,LH,상권확장,110,65,11410700
840,2110499,LH,상권확장,115,61,11410720
841,2110498,LL,다이나믹,106,52,11410720
842,2110497,LL,다이나믹,113,48,11410690
843,2110496,HH,정체,126,56,11410720
844,2110495,LL,다이나믹,105,54,11410720
845,2110494,HH,정체,142,59,11410710
846,2110493,LL,다이나믹,111,55,11410710
847,2110492,LL,다이나믹,34,31,11380690
848,2110491,HH,정체,125,60,11380530
849,2110490,LL,다이나믹,112,53,11380510
850,2110489,LH,상권확장,102,58,11380510
851,2110488,HH,정체,138,62,11380580
852,2110487,HH,정체,130,68,11380520
853,2110486,LL,다이나믹,116,53,11380510
854,2110485,HH,정체,129,60,11380530
855,2110484,LH,상권확장,118,58,11380510
856,2110483,LH,상권확장,100,62,11380530
857,2110482,LH,상권확장,103,63,11380530
858,2110481,HL,상권축소,127,51,11380570
859,2110480,HH,정체,122,59,11380530
860,2110479,HH,정체,130,57,11380530
861,2110478,HH,정체,127,56,11380580
862,2110477,HL,상권축소,129,50,11380510
863,2110476,LL,다이나믹,90,50,11380570
864,2110475,LL,다이나믹,118,53,11380580
865,2110474,LH,상권확장,111,66,11380530
866,2110473,LL,다이나믹,96,53,11380570
867,2110472,LL,다이나믹,113,50,11380570
868,2110471,LH,상권확장,114,57,11380600
869,2110470,LL,다이나믹,107,52,11380580
870,2110469,HH,정체,126,56,11380600
871,2110468,LL,다이나믹,101,54,11380625
872,2110467,LH,상권확장,112,58,11380551
873,2110466,LL,다이나믹,111,53,11380625
874,2110465,LL,다이나믹,107,50,11380551
875,2110464,LL,다이나믹,89,53,11380552
876,2110463,HH,정체,119,55,11380600
877,2110462,HH,정체,143,58,11380551
878,2110461,HL,상권축소,125,55,11380600
879,2110460,LL,다이나믹,98,54,11380552
880,2110459,LL,다이나믹,98,54,11380625
881,2110458,LL,다이나믹,94,45,11380552
882,2110457,LH,상권확장,117,64,11380560
883,2110456,LL,다이나믹,105,52,11380560
884,2110455,LL,다이나믹,98,49,11380625
885,2110454,LL,다이나믹,93,53,11380552
886,2110453,LL,다이나믹,114,55,11380631
887,2110452,HH,정체,121,55,11380632
888,2110451,HH,정체,125,56,11380640
889,2110450,LL,다이나믹,93,47,11380560
890,2110449,HL,상권축소,139,54,11380640
891,2110448,HH,정체,131,58,11380632
892,2110447,LH,상권확장,100,63,11380560
893,2110446,LL,다이나믹,107,54,11380632
894,2110445,LL,다이나믹,101,47,11380631
895,2110444,HH,정체,156,67,11380640
896,2110443,HH,정체,209,65,11380650
897,2110442,LL,다이나믹,103,47,11350600
898,2110441,LL,다이나믹,103,55,11350619
899,2110440,HH,정체,124,77,11350665
900,2110439,HH,정체,127,60,11350665
901,2110438,LL,다이나믹,102,49,11350600
902,2110437,HL,상권축소,127,55,11350665
903,2110436,LL,다이나믹,114,54,11350624
904,2110435,LH,상권확장,82,56,11350600
905,2110434,LL,다이나믹,116,52,11350595
906,2110433,LL,다이나믹,94,51,11350595
907,2110432,HL,상권축소,121,53,11350611
908,2110431,LL,다이나믹,97,47,11350624
909,2110430,LL,다이나믹,103,47,11350624
910,2110429,HL,상권축소,120,53,11350595
911,2110428,LL,다이나믹,108,53,11350670
912,2110427,LH,상권확장,113,58,11350611
913,2110426,LL,다이나믹,100,53,11350640
914,2110425,LL,다이나믹,112,46,11350670
915,2110424,LL,다이나믹,88,47,11350640
916,2110423,LH,상권확장,118,55,11350560
917,2110422,LL,다이나믹,109,47,11350720
918,2110421,LH,상권확장,106,58,11350560
919,2110420,LL,다이나믹,110,54,11350560
920,2110419,LL,다이나믹,98,54,11350630
921,2110418,HL,상권축소,134,55,11350560
922,2110417,LL,다이나믹,93,51,11350570
923,2110416,LL,다이나믹,112,50,11350630
924,2110415,LL,다이나믹,111,49,11350630
925,2110414,LH,상권확장,110,62,11350560
926,2110413,LL,다이나믹,75,42,11320522
927,2110412,LL,다이나믹,109,49,11320690
928,2110411,LH,상권확장,104,55,11320522
929,2110410,LL,다이나믹,102,48,11320690
930,2110409,LL,다이나믹,98,44,11320515
931,2110408,LL,다이나믹,112,50,11320515
932,2110407,HL,상권축소,132,50,11320521
933,2110406,LH,상권확장,106,56,11320521
934,2110405,LL,다이나믹,108,50,11320690
935,2110404,LH,상권확장,107,56,11320513
936,2110403,LL,다이나믹,103,46,11320690
937,2110402,LL,다이나믹,114,51,11320690
938,2110401,HL,상권축소,121,52,11320515
939,2110400,LL,다이나믹,114,51,11320670
940,2110399,LL,다이나믹,109,53,11320512
941,2110398,HL,상권축소,127,51,11320670
942,2110397,HH,정체,123,57,11320521
943,2110396,LH,상권확장,109,57,11320511
944,2110395,LL,다이나믹,110,54,11320690
945,2110394,LL,다이나믹,100,48,11320700
946,2110393,LH,상권확장,114,57,11320710
947,2110392,HL,상권축소,143,50,11320681
948,2110391,LL,다이나믹,100,53,11320700
949,2110390,LL,다이나믹,103,52,11320700
950,2110389,LH,상권확장,110,56,11320680
951,2110388,LL,다이나믹,106,53,11320680
952,2110387,LL,다이나믹,117,53,11320660
953,2110386,LL,다이나믹,111,43,11320710
954,2110385,HL,상권축소,145,42,11320660
955,2110384,LH,상권확장,75,60,11320660
956,2110383,LL,다이나믹,100,53,11320660
957,2110382,HH,정체,133,56,11320660
958,2110381,LL,다이나믹,98,47,11305606
959,2110380,HH,정체,122,71,11305600
960,2110379,LH,상권확장,113,56,11305590
961,2110378,LL,다이나믹,94,46,11305545
962,2110377,LL,다이나믹,109,50,11305545
963,2110376,LL,다이나믹,95,48,11305590
964,2110375,HL,상권축소,127,51,11305600
965,2110374,HL,상권축소,122,53,11305545
966,2110373,LL,다이나믹,104,42,11305590
967,2110372,LL,다이나믹,114,47,11305630
968,2110371,LL,다이나믹,112,53,11305555
969,2110370,HL,상권축소,139,53,11305555
970,2110369,LL,다이나믹,110,46,11305535
971,2110368,HH,정체,119,56,11305555
972,2110367,LL,다이나믹,85,42,11305630
973,2110366,HL,상권축소,126,46,11305630
974,2110365,HL,상권축소,126,55,11305535
975,2110364,HL,상권축소,119,53,11305535
976,2110363,LL,다이나믹,117,52,11305555
977,2110362,LL,다이나믹,92,52,11305620
978,2110361,HH,정체,142,63,11305555
979,2110360,HL,상권축소,120,48,11305610
980,2110359,LL,다이나믹,95,46,11305630
981,2110358,LL,다이나믹,109,53,11305630
982,2110357,LL,다이나믹,106,46,11305620
983,2110356,HL,상권축소,119,54,11305620
984,2110355,HH,정체,139,56,11305534
985,2110354,LL,다이나믹,100,46,11305575
986,2110353,HH,정체,121,61,11305620
987,2110352,LL,다이나믹,103,53,11305610
988,2110351,LL,다이나믹,103,47,11305660
989,2110350,LH,상권확장,97,64,11305660
990,2110349,LL,다이나믹,89,46,11305610
991,2110348,LL,다이나믹,107,52,11305660
992,2110347,LL,다이나믹,86,55,11305534
993,2110346,LL,다이나믹,83,47,11305645
994,2110345,LH,상권확장,110,58,11305645
995,2110344,LL,다이나믹,107,43,11305610
996,2110343,LL,다이나믹,101,48,11305645
997,2110342,LL,다이나믹,104,46,11305660
998,2110341,LH,상권확장,100,57,11305645
999,2110340,LL,다이나믹,115,53,11305660
1000,2110339,LL,다이나믹,113,52,11305645
1001,2110338,HH,정체,121,74,11305660
1002,2110337,LL,다이나믹,110,45,11305660
1003,2110336,HH,정체,131,55,11290810
1004,2110335,HL,상권축소,128,52,11290810
1005,2110334,HH,정체,145,61,11290810
1006,2110333,HH,정체,130,61,11290810
1007,2110332,HH,정체,152,59,11290770
1008,2110331,HH,정체,123,56,11290810
1009,2110330,HL,상권축소,137,53,11290770
1010,2110329,LH,상권확장,114,57,11290770
1011,2110328,HH,정체,132,63,11290725
1012,2110327,LH,상권확장,118,67,11290770
1013,2110326,HH,정체,138,75,11290760
1014,2110325,LH,상권확장,106,56,11290760
1015,2110324,LL,다이나믹,70,50,11290725
1016,2110323,LL,다이나믹,110,49,11290725
1017,2110322,HL,상권축소,135,51,11290760
1018,2110321,LH,상권확장,94,67,11290715
1019,2110320,HH,정체,175,66,11290705
1020,2110319,HH,정체,133,63,11290705
1021,2110318,HH,정체,130,56,11290715
1022,2110317,HH,정체,129,70,11290705
1023,2110316,HH,정체,137,55,11290715
1024,2110315,HL,상권축소,121,54,11290705
1025,2110314,LH,상권확장,110,56,11290705
1026,2110313,LH,상권확장,109,58,11290600
1027,2110312,LL,다이나믹,100,54,11290600
1028,2110311,LH,상권확장,100,59,11290705
1029,2110310,HH,정체,178,66,11290715
1030,2110309,HH,정체,132,62,11290600
1031,2110308,LL,다이나믹,107,54,11290685
1032,2110307,HH,정체,151,73,11290660
1033,2110306,LL,다이나믹,95,53,11290660
1034,2110305,LH,상권확장,115,57,11290600
1035,2110304,HL,상권축소,124,55,11290600
1036,2110303,LL,다이나믹,108,46,11290575
1037,2110302,HH,정체,132,62,11290610
1038,2110301,LL,다이나믹,98,52,11290575
1039,2110300,LH,상권확장,103,56,11290600
1040,2110299,HH,정체,133,59,11290620
1041,2110298,HL,상권축소,156,52,11290620
1042,2110297,LH,상권확장,114,60,11290555
1043,2110296,LH,상권확장,114,55,11290575
1044,2110295,LH,상권확장,111,66,11290630
1045,2110294,LH,상권확장,105,62,11290650
1046,2110293,LH,상권확장,112,56,11290555
1047,2110292,HH,정체,143,62,11290630
1048,2110291,LH,상권확장,112,57,11290555
1049,2110290,LH,상권확장,106,61,11290650
1050,2110289,LH,상권확장,109,57,11290640
1051,2110288,LH,상권확장,108,57,11290525
1052,2110287,LH,상권확장,101,68,11290640
1053,2110286,LL,다이나믹,84,54,11290525
1054,2110285,LH,상권확장,117,71,11290525
1055,2110284,LH,상권확장,109,57,11290650
1056,2110283,LH,상권확장,115,67,11290525
1057,2110282,HH,정체,119,67,11290640
1058,2110281,LH,상권확장,92,67,11290525
1059,2110280,HH,정체,162,72,11290525
1060,2110279,LH,상권확장,94,63,11260655
1061,2110278,HL,상권축소,123,52,11260655
1062,2110277,HL,상권축소,120,50,11260655
1063,2110276,LH,상권확장,110,59,11260680
1064,2110275,HL,상권축소,130,46,11260655
1065,2110274,LL,다이나믹,113,49,11260575
1066,2110273,HL,상권축소,124,50,11260680
1067,2110272,LL,다이나믹,107,50,11260680
1068,2110271,HH,정체,131,96,11260680
1069,2110270,LL,다이나믹,105,50,11260660
1070,2110269,LL,다이나믹,98,50,11260575
1071,2110268,LL,다이나믹,100,46,11260660
1072,2110267,LL,다이나믹,95,53,11260580
1073,2110266,LL,다이나믹,108,47,11260575
1074,2110265,HL,상권축소,125,51,11260580
1075,2110264,LL,다이나믹,111,53,11260565
1076,2110263,HL,상권축소,133,47,11260565
1077,2110262,LL,다이나믹,103,53,11260590
1078,2110261,LL,다이나믹,112,50,11260570
1079,2110260,HH,정체,133,57,11260565
1080,2110259,LL,다이나믹,99,50,11260575
1081,2110258,LH,상권확장,102,57,11260565
1082,2110257,HL,상권축소,124,55,11260580
1083,2110256,HL,상권축소,120,51,11260520
1084,2110255,LL,다이나믹,111,53,11260590
1085,2110254,LL,다이나믹,105,48,11260570
1086,2110253,HL,상권축소,123,54,11260540
1087,2110252,LL,다이나믹,111,50,11260550
1088,2110251,LL,다이나믹,107,47,11260600
1089,2110250,LL,다이나믹,84,50,11260620
1090,2110249,LH,상권확장,118,56,11260600
1091,2110248,LH,상권확장,108,64,11260620
1092,2110247,LH,상권확장,110,60,11260620
1093,2110246,HL,상권축소,124,52,11260590
1094,2110245,HL,상권축소,142,51,11260610
1095,2110244,LL,다이나믹,117,47,11260610
1096,2110243,HL,상권축소,127,50,11260520
1097,2110242,HH,정체,119,58,11260550
1098,2110241,LL,다이나믹,109,54,11260630
1099,2110240,HH,정체,120,57,11260610
1100,2110239,HL,상권축소,147,54,11260610
1101,2110238,LL,다이나믹,92,52,11260610
1102,2110237,LL,다이나믹,105,46,11260520
1103,2110236,LL,다이나믹,105,50,11260630
1104,2110235,LL,다이나믹,87,40,11260610
1105,2110234,HH,정체,122,58,11260610
1106,2110233,HL,상권축소,123,51,11260610
1107,2110232,HL,상권축소,121,51,11230660
1108,2110231,HH,정체,156,80,11230660
1109,2110230,LL,다이나믹,115,45,11230660
1110,2110229,LL,다이나믹,116,53,11230650
1111,2110228,HL,상권축소,135,54,11230660
1112,2110227,HH,정체,122,56,11230610
1113,2110226,LL,다이나믹,118,50,11230650
1114,2110225,HH,정체,128,56,11230610
1115,2110224,HH,정체,146,56,11230720
1116,2110223,HL,상권축소,121,50,11230650
1117,2110222,HL,상권축소,192,53,11230720
1118,2110221,HL,상권축소,121,54,11290810
1119,2110220,HL,상권축소,130,55,11230740
1120,2110219,LH,상권확장,106,58,11230730
1121,2110218,HH,정체,119,59,11230610
1122,2110217,HH,정체,196,86,11230610
1123,2110216,HH,정체,138,59,11230570
1124,2110215,HL,상권축소,123,50,11230720
1125,2110214,LH,상권확장,111,59,11230740
1126,2110213,LH,상권확장,91,56,11230740
1127,2110212,LH,상권확장,94,56,11230600
1128,2110211,HH,정체,121,56,11230560
1129,2110210,LL,다이나믹,107,55,11230560
1130,2110209,LL,다이나믹,114,45,11230600
1131,2110208,LL,다이나믹,113,43,11230710
1132,2110207,LL,다이나믹,100,49,11230560
1133,2110206,LH,상권확장,97,64,11230560
1134,2110205,LL,다이나믹,101,49,11230710
1135,2110204,LL,다이나믹,106,53,11230600
1136,2110203,LL,다이나믹,117,49,11230705
1137,2110202,HH,정체,155,67,11230560
1138,2110201,HH,정체,129,90,11230560
1139,2110200,HH,정체,146,57,11230705
1140,2110199,HH,정체,153,65,11230545
1141,2110198,HH,정체,142,69,11230545
1142,2110197,HH,정체,153,59,11230705
1143,2110196,HH,정체,131,71,11230705
1144,2110195,HH,정체,141,62,11230536
1145,2110194,HH,정체,131,61,11230545
1146,2110193,HH,정체,124,61,11230545
1147,2110192,LL,다이나믹,113,46,11230536
1148,2110191,HH,정체,128,57,11230545
1149,2110190,LH,상권확장,112,55,11230545
1150,2110189,HH,정체,137,63,11230545
1151,2110188,HH,정체,125,59,11230536
1152,2110187,HL,상권축소,119,51,11230536
1153,2110186,HH,정체,136,68,11230545
1154,2110185,HL,상권축소,124,45,11230536
1155,2110184,HL,상권축소,128,43,11230536
1156,2110183,LL,다이나믹,112,52,11230536
1157,2110182,HH,정체,138,62,11230536
1158,2110181,HL,상권축소,133,54,11230536
1159,2110180,LL,다이나믹,112,55,11215810
1160,2110179,LH,상권확장,98,59,11215810
1161,2110178,LH,상권확장,97,58,11215810
1162,2110177,LL,다이나믹,87,49,11215860
1163,2110176,LH,상권확장,110,56,11215770
1164,2110175,LL,다이나믹,105,52,11215870
1165,2110174,LL,다이나믹,112,53,11215770
1166,2110173,LL,다이나믹,106,53,11215870
1167,2110172,LH,상권확장,116,66,11215860
1168,2110171,HH,정체,124,56,11215770
1169,2110170,LL,다이나믹,100,52,11215850
1170,2110169,HL,상권축소,133,55,11215830
1171,2110168,LL,다이나믹,113,48,11215770
1172,2110167,HH,정체,129,57,11215750
1173,2110166,LL,다이나믹,110,49,11215850
1174,2110165,LL,다이나믹,104,52,11215750
1175,2110164,LL,다이나믹,110,46,11215780
1176,2110163,HL,상권축소,120,48,11215830
1177,2110162,LL,다이나믹,83,46,11215750
1178,2110161,LL,다이나믹,104,48,11215760
1179,2110160,HH,정체,127,68,11215850
1180,2110159,HL,상권축소,120,53,11215820
1181,2110158,LL,다이나믹,118,53,11215760
1182,2110157,LL,다이나믹,112,54,11215830
1183,2110156,LL,다이나믹,118,52,11215780
1184,2110155,LL,다이나믹,101,55,11215820
1185,2110154,LL,다이나믹,118,53,11215820
1186,2110153,LL,다이나믹,78,49,11215740
1187,2110152,LH,상권확장,116,61,11215740
1188,2110151,LL,다이나믹,114,53,11215830
1189,2110150,HL,상권축소,124,54,11215740
1190,2110149,HH,정체,137,63,11215730
1191,2110148,LH,상권확장,111,64,11215710
1192,2110147,LL,다이나믹,114,53,11215730
1193,2110146,LH,상권확장,108,63,11215840
1194,2110145,LL,다이나믹,90,50,11215730
1195,2110144,LL,다이나믹,110,43,11215710
1196,2110143,LH,상권확장,85,66,11215840
1197,2110142,LL,다이나믹,106,48,11215710
1198,2110141,LL,다이나믹,95,49,11215710
1199,2110140,LL,다이나믹,99,51,11215847
1200,2110139,HH,정체,124,55,11215847
1201,2110138,HH,정체,135,57,11200720
1202,2110137,LH,상권확장,113,60,11200690
1203,2110136,LL,다이나믹,97,52,11200670
1204,2110135,HH,정체,153,58,11200720
1205,2110134,LL,다이나믹,117,54,11200670
1206,2110133,HH,정체,148,63,11200790
1207,2110132,LH,상권확장,117,62,11200690
1208,2110131,LH,상권확장,83,56,11200670
1209,2110130,HH,정체,128,74,11200790
1210,2110129,LH,상권확장,99,66,11200660
1211,2110128,HH,정체,125,57,11200650
1212,2110127,LL,다이나믹,84,52,11200650
1213,2110126,LH,상권확장,63,57,11200650
1214,2110125,LH,상권확장,105,69,11200550
1215,2110124,LH,상권확장,83,65,11200660
1216,2110123,HH,정체,145,65,11200540
1217,2110122,LH,상권확장,111,61,11200540
1218,2110121,LH,상권확장,98,60,11200550
1219,2110120,LL,다이나믹,42,47,11200660
1220,2110119,HH,정체,140,72,11200540
1221,2110118,LL,다이나믹,107,49,11200560
1222,2110117,HH,정체,128,60,11200540
1223,2110116,LH,상권확장,103,61,11200540
1224,2110115,HH,정체,128,63,11200535
1225,2110114,LH,상권확장,116,59,11200535
1226,2110113,LL,다이나믹,111,53,11200580
1227,2110112,HL,상권축소,140,53,11200560
1228,2110111,LH,상권확장,112,80,11200580
1229,2110110,LH,상권확장,104,61,11200520
1230,2110109,HL,상권축소,120,52,11200590
1231,2110108,LH,상권확장,113,63,11200590
1232,2110107,HH,정체,150,80,11200620
1233,2110106,LH,상권확장,112,65,11200590
1234,2110105,LH,상권확장,116,57,11200615
1235,2110104,LH,상권확장,107,60,11200615
1236,2110103,LL,다이나믹,92,54,11200620
1237,2110102,LL,다이나믹,109,54,11200645
1238,2110101,HL,상권축소,131,46,11200645
1239,2110100,LH,상권확장,116,56,11200645
1240,2110099,LL,다이나믹,85,52,11170685
1241,2110098,LL,다이나믹,65,42,11170685
1242,2110097,LH,상권확장,68,81,11170685
1243,2110096,LH,상권확장,107,67,11170685
1244,2110095,LL,다이나믹,73,53,11170685
1245,2110094,HH,정체,141,65,11170700
1246,2110093,LH,상권확장,99,57,11170685
1247,2110092,HH,정체,132,58,11170700
1248,2110091,LL,다이나믹,59,49,11170685
1249,2110090,LL,다이나믹,93,50,11170700
1250,2110089,HH,정체,149,82,11170690
1251,2110088,LH,상권확장,115,60,11170690
1252,2110087,HH,정체,131,61,11170650
1253,2110086,LH,상권확장,111,60,11170650
1254,2110085,LL,다이나믹,98,47,11170660
1255,2110084,LL,다이나믹,96,52,11170660
1256,2110083,HH,정체,126,60,11170690
1257,2110082,LL,다이나믹,84,54,11170650
1258,2110081,LL,다이나믹,84,52,11170520
1259,2110080,LL,다이나믹,108,54,11170510
1260,2110079,LH,상권확장,113,61,11170510
1261,2110078,HH,정체,138,70,11170630
1262,2110077,LH,상권확장,108,64,11170510
1263,2110076,HH,정체,145,65,11170625
1264,2110075,HH,정체,127,59,11170530
1265,2110074,HH,정체,120,63,11170530
1266,2110073,LL,다이나믹,106,55,11170625
1267,2110072,LH,상권확장,89,57,11170560
1268,2110071,HH,정체,154,68,11170630
1269,2110070,HH,정체,171,79,11170625
1270,2110069,LL,다이나믹,111,51,11170555
1271,2110068,HH,정체,122,64,11170560
1272,2110067,HH,정체,144,60,11170555
1273,2110066,HH,정체,123,64,11170555
1274,2110065,HH,정체,152,64,11170560
1275,2110064,HH,정체,139,65,11170580
1276,2110063,HH,정체,153,62,11170590
1277,2110062,HH,정체,122,68,11170625
1278,2110061,HH,정체,134,68,11170580
1279,2110060,LH,상권확장,109,56,11170590
1280,2110059,HH,정체,151,76,11170640
1281,2110058,HH,정체,143,63,11170570
1282,2110057,HH,정체,136,63,11140670
1283,2110056,LL,다이나믹,112,54,11140650
1284,2110055,HH,정체,174,71,11140670
1285,2110054,LH,상권확장,103,56,11140645
1286,2110053,HH,정체,130,57,11140615
1287,2110052,HH,정체,135,64,11140625
1288,2110051,LH,상권확장,104,67,11140615
1289,2110050,LH,상권확장,103,56,11140635
1290,2110049,LH,상권확장,101,60,11140625
1291,2110048,HH,정체,121,61,11140580
1292,2110047,LL,다이나믹,105,45,11140625
1293,2110046,LL,다이나믹,78,54,11140625
1294,2110045,HH,정체,134,68,11140580
1295,2110044,HH,정체,160,73,11140580
1296,2110043,HH,정체,149,64,11140580
1297,2110042,HH,정체,124,63,11140570
1298,2110041,LH,상권확장,109,58,11140550
1299,2110040,HH,정체,154,71,11140540
1300,2110039,HH,정체,134,93,11140540
1301,2110038,HH,정체,120,62,11140520
1302,2110037,HL,상권축소,125,54,11110710
1303,2110036,LL,다이나믹,117,48,11110710
1304,2110035,HH,정체,140,56,11110710
1305,2110034,HH,정체,123,77,11110670
1306,2110033,HH,정체,139,66,11110700
1307,2110032,HL,상권축소,156,52,11110670
1308,2110031,HH,정체,121,57,11110690
1309,2110030,HH,정체,154,56,11110670
1310,2110029,HH,정체,135,69,11110680
1311,2110028,HH,정체,127,65,11110640
1312,2110027,LH,상권확장,72,56,11110640
1313,2110026,HH,정체,156,86,11110630
1314,2110025,HH,정체,151,64,11110630
1315,2110024,HH,정체,123,65,11110650
1316,2110023,HH,정체,129,64,11110640
1317,2110022,LH,상권확장,113,63,11110650
1318,2110021,LL,다이나믹,118,50,11110650
1319,2110020,LL,다이나믹,106,55,11110650
1320,2110019,HH,정체,131,60,11110615
1321,2110018,LL,다이나믹,104,52,11110600
1322,2110017,LL,다이나믹,88,44,11110600
1323,2110016,LH,상권확장,111,67,11110560
1324,2110015,HL,상권축소,150,48,11110515
1325,2110014,LH,상권확장,111,82,11110515
1326,2110013,LH,상권확장,61,67,11110530
1327,2110012,HH,정체,124,56,11110530
1328,2110011,LH,상권확장,113,59,11110515
1329,2110010,LH,상권확장,118,61,11110560
1330,2110009,LL,다이나믹,84,55,11110550
1331,2110008,LL,다이나믹,70,55,11110515
1332,2110007,LH,상권확장,72,61,11110530
1333,2110006,LH,상권확장,116,63,11110550
1334,2110005,HH,정체,126,61,11110550
1335,2110004,HH,정체,154,80,11110570
1336,2110003,HH,정체,119,59,11110550
1337,2110002,HH,정체,144,66,11110570
1338,2110001,LH,상권확장,108,62,11110560
