,행정동코드,1월_외국인_총생활인구수,2월_외국인_총생활인구수,3월_외국인_총생활인구수,4월_외국인_총생활인구수,5월_외국인_총생활인구수,6월_외국인_총생활인구수,7월_외국인_총생활인구수,8월_외국인_총생활인구수,9월_외국인_총생활인구수,10월_외국인_총생활인구수,11월_외국인_총생활인구수,12월_외국인_총생활인구수,2021년_외국인_평균
0,11110515,133.5057,153.6764,88.6195,33.9746,60.4322,91.7095,170.8472,162.3644,147.0677,86.4885,130.4913,163.2061,118.5319
1,11110530,173.1118,103.6464,173.404,178.4712,133.2385,153.3415,405.3911,368.3092,202.3244,321.4031,368.0959,251.0198,235.9797
2,11110540,79.1698,101.3165,46.9073,31.7085,40.9539,96.4326,110.0849,76.3283,106.7277,87.1721,43.5726,47.2468,72.3017
3,11110550,73.7316,88.3074,280.5183,243.5525,227.0147,389.2789,97.7123,119.2809,229.7091,219.0819,65.6827,70.123,175.3328
4,11110560,106.7163,79.3454,93.9804,111.6123,216.0127,303.646,256.6897,245.0089,195.7125,162.4073,114.5386,113.2496,166.5766
5,11110570,75.999,40.4599,21.3338,41.5488,0.5176,24.4698,53.5503,13.9112,82.5095,29.428,8.1436,25.2511,34.7602
6,11110580,23.3429,15.1708,19.9494,37.6954,2.753,17.339,44.2042,35.3776,92.6342,35.066,29.6949,21.3745,31.2168
7,11110600,81.1345,134.4568,102.91,41.9423,95.1098,124.2409,101.2423,78.6777,80.4167,57.2799,37.3797,56.9445,82.6446
8,11110615,545.1903,1443.8312,1412.1516,319.6159,418.1512,596.8417,622.5267,1929.1619,1700.9499,837.7837,913.218,644.7979,948.685
9,11110630,112.1141,111.8283,184.9182,66.7871,150.4509,81.96,183.1408,157.251,195.5872,229.4443,233.113,107.2267,151.1518
10,11110640,151.9415,151.8675,242.8093,142.6556,99.8895,127.744,116.8876,102.6662,162.8866,115.574,151.1298,238.2373,150.3574
11,11110650,321.2649,835.2395,1294.6946,835.568,852.3966,1087.1293,687.4112,1838.147,1873.0274,1278.1879,1080.4113,746.0374,1060.7929
12,11110670,90.5055,38.1245,84.5462,60.1278,71.6446,108.3244,60.4434,92.3494,121.6623,99.8358,65.6568,156.7483,87.4974
13,11110680,120.9693,43.8503,194.3728,181.6959,64.4493,94.4174,53.3574,133.1445,65.4555,64.6617,105.9853,85.6658,100.6688
14,11110690,47.3813,9.6176,33.2779,25.5609,5.2306,14.0887,23.7547,10.9063,36.4591,45.4367,28.8266,48.1371,27.3898
15,11110700,56.5952,80.7015,52.8611,67.416,81.4674,65.0792,35.1521,53.7027,71.9402,58.4174,37.9686,49.0739,59.1979
16,11110710,36.6457,159.9974,418.5549,386.8552,657.6145,235.9335,62.445,382.2146,512.4696,198.9729,164.7353,237.9569,287.8663
17,11140520,1619.4537,2664.6298,2660.1596,3070.57,2186.9339,2167.5121,2218.2239,1640.0503,1597.2712,2068.1002,1805.7851,1876.8371,2131.2939
18,11140540,848.5232,1055.1435,1590.1666,1787.4407,1400.1008,1160.453,1153.9508,879.4285,1001.5851,1042.3771,934.7129,960.7289,1151.2176
19,11140550,741.9467,1246.1604,1192.4699,983.5781,1016.2594,1305.5491,1229.4461,2181.9953,1143.088,1485.336,1649.6572,1954.2104,1344.1414
20,11140570,314.0603,293.5561,374.5253,472.346,494.5566,301.4817,729.0614,1259.2339,1139.7151,1292.5766,1528.5958,1874.9229,839.5526
21,11140580,159.3232,233.7909,314.2158,526.4467,205.7161,328.3185,420.5215,509.5828,690.839,747.4032,464.612,484.4351,423.7671
22,11140590,1483.8897,1465.1848,1778.5845,1708.6827,1470.5111,1681.9374,2138.5289,2937.0357,2403.6451,2111.3898,2119.1746,2537.6769,1986.3534
23,11140605,222.3345,485.297,460.3812,230.0863,254.2481,252.9437,609.496,1629.812,1245.9592,1185.8379,1396.2835,1999.341,831.0017
24,11140615,363.0033,337.952,310.5379,241.1975,269.0395,328.4899,399.0818,422.63,499.3837,421.6222,523.8719,287.7676,367.0481
25,11140625,77.3707,215.8379,90.863,102.115,89.0449,115.8647,90.668,68.3044,100.8779,58.0075,105.9832,49.7476,97.0571
26,11140635,59.4042,70.3922,105.7104,74.2968,117.9057,149.2343,83.3127,103.4262,125.0568,84.8819,93.2019,115.9821,98.5671
27,11140645,52.8038,63.3507,71.0867,79.2192,63.5192,70.9531,95.9106,68.7653,72.7419,51.5372,54.2217,44.3631,65.706
28,11140650,49.1017,113.8609,139.8568,61.2281,93.4273,133.2574,123.7046,72.8154,113.6715,98.9893,57.3995,42.9703,91.6902
29,11140665,27.5218,135.3109,72.9717,79.2523,121.6722,50.2159,83.8287,70.442,64.1938,61.2229,39.3087,106.829,76.0642
30,11140670,223.3788,272.8352,272.8379,261.0503,242.1001,251.6597,125.1372,110.8359,141.5147,208.7116,114.1597,210.0827,202.8586
31,11140680,241.1137,242.9459,132.2167,186.5355,141.4773,206.7501,164.5877,214.1578,205.4373,210.0025,214.3286,183.7935,195.2789
32,11170510,129.9409,78.755,212.886,162.3137,203.6272,236.7382,182.5965,232.4582,295.0191,276.1098,214.7018,127.1292,196.023
33,11170520,118.7748,168.3973,243.0066,70.0608,116.9203,144.4088,252.2062,173.0709,101.342,62.3849,106.7727,64.0301,135.1146
34,11170530,89.0638,164.4649,263.7117,264.2522,166.4628,195.4447,200.9318,306.0785,367.6226,247.1151,267.7878,180.9529,226.1574
35,11170555,268.78,446.7203,478.4848,338.3702,380.5667,313.3727,351.9621,422.7422,368.3498,344.8956,226.0267,223.3613,346.9694
36,11170560,123.6964,147.8721,122.4061,66.2743,171.0235,128.9392,194.23,85.9586,88.497,107.0543,231.153,207.5473,139.5543
37,11170570,53.7603,103.2449,56.0531,47.2118,54.2668,110.0794,71.4668,88.8008,84.2566,58.5692,121.2166,87.6606,78.0489
38,11170580,53.2477,24.6672,41.1969,62.9409,25.0877,48.886,84.0505,32.1379,28.9755,46.095,129.7772,97.0807,56.1786
39,11170590,19.3624,17.4447,27.1498,13.8755,46.4495,35.3009,42.1762,44.7805,61.9518,62.4289,53.5076,31.0199,37.954
40,11170625,617.6577,846.7539,761.0575,595.5911,422.7642,568.3241,457.0373,861.0363,429.1527,468.9478,520.3709,642.1326,599.2355
41,11170630,248.016,291.399,437.4132,220.5188,314.1367,288.4583,278.4435,308.0726,330.4877,246.2346,172.8239,340.0489,289.6711
42,11170640,59.1425,52.9775,19.5339,36.459,31.2091,77.2442,19.2115,25.3576,23.5526,28.9977,58.7319,18.3815,37.5666
43,11170650,146.2462,337.191,234.2549,204.2439,147.0489,278.8047,390.3048,367.1055,273.7569,220.9071,238.9906,339.2254,264.84
44,11170660,166.6076,272.3575,508.0218,121.8072,156.3321,259.5206,335.1729,395.6118,181.6967,221.2603,318.2879,231.1666,263.9869
45,11170685,427.17,333.2568,681.8836,299.6706,400.1886,453.3832,703.3776,504.3392,584.3426,359.0485,356.3127,655.3588,479.861
46,11170690,124.6589,131.5425,199.5207,209.4058,176.0417,332.639,174.4078,344.7625,205.168,170.4417,131.9486,133.9874,194.5437
47,11170700,47.6074,113.2382,130.6111,32.3479,64.8904,93.8103,265.877,115.0704,84.6007,126.124,102.1178,50.4796,102.2312
48,11200520,113.5295,98.7652,57.8841,70.1253,78.1198,79.5437,62.4974,79.5426,106.2474,101.2531,89.8354,84.4166,85.1467
49,11200535,120.3301,240.4087,227.3421,296.397,267.1642,286.2029,189.4869,149.1114,239.8208,199.3453,178.5754,162.1061,213.0242
50,11200540,142.9097,258.9397,373.4523,197.6534,300.2749,334.1513,162.5265,312.7124,478.5122,138.8153,336.8485,222.1728,271.5807
51,11200550,283.903,631.7992,810.2145,397.2909,273.8472,445.277,296.4953,910.6249,1526.8154,608.0892,695.5466,484.2097,613.6761
52,11200560,97.0726,204.6212,122.669,128.1579,111.5014,115.4377,108.5287,145.6104,136.2307,107.8559,133.1018,192.0349,133.5685
53,11200570,84.3697,98.7013,54.5961,24.2645,86.7946,88.1862,128.4997,65.0456,67.4611,75.0119,90.8408,110.035,81.1505
54,11200580,82.3071,115.9022,32.7501,43.1727,73.1875,13.8319,16.1212,16.5443,28.5394,37.0491,16.6965,76.0244,46.0105
55,11200590,54.7917,36.5103,24.7074,65.861,44.5169,66.0371,50.9683,48.7614,59.7944,84.3323,82.5267,51.8086,55.8847
56,11200615,82.6413,67.6565,97.0573,24.7826,67.9153,87.6868,66.9232,92.3113,47.6753,100.9014,74.7336,79.9521,74.1864
57,11200620,80.5671,33.0708,47.9184,64.1107,57.2559,58.8652,197.3603,38.1844,29.1931,101.5743,55.5782,88.3632,71.0035
58,11200645,180.7927,77.4135,191.1823,199.5917,138.176,188.9356,234.5797,174.3104,152.7547,139.4066,106.1592,214.4466,166.4791
59,11200650,122.7866,89.4887,171.7543,48.4339,52.5128,63.7346,80.6109,86.7917,101.1677,119.1319,345.8728,216.2113,124.8748
60,11200660,85.1526,77.1932,94.3003,93.4525,18.6351,71.0398,82.8011,80.1743,51.5194,76.6462,257.2665,149.341,94.7935
61,11200670,102.4063,73.3277,174.3942,123.2718,118.2664,170.5609,122.9101,143.1803,185.7996,247.5352,403.2853,361.0265,185.497
62,11200690,240.092,325.7532,389.1965,499.2889,262.4378,212.5116,240.4802,232.6761,224.0732,176.6831,594.7903,480.2422,323.1854
63,11200720,55.7799,62.7297,128.257,81.6967,36.9997,56.6535,35.7411,80.0104,76.2728,79.3481,170.4372,56.3335,76.6883
64,11200790,352.5957,112.4365,403.9519,353.9994,288.0101,268.1717,144.154,288.8956,362.1518,206.4388,353.7992,143.6627,273.1889
65,11215710,437.1324,697.9915,758.8018,487.6468,585.6755,442.5711,424.2789,967.5155,1147.4483,835.4511,909.5687,595.1561,690.7698
66,11215730,217.7335,274.1316,400.2568,235.3091,90.9579,363.287,231.2139,171.8582,428.5014,235.1025,360.8256,178.9016,265.6733
67,11215740,49.1424,61.787,42.8853,37.4343,55.8958,58.3885,36.8016,98.3166,50.2705,91.9065,54.7044,62.1116,58.3037
68,11215750,26.7768,57.6725,44.3393,19.1384,39.9441,42.5186,78.2663,30.5464,41.9044,61.3712,75.9072,43.9314,46.8597
69,11215760,62.1207,22.267,98.2642,48.9946,34.2389,34.6101,78.7292,97.2752,45.9149,63.2431,30.2215,78.7717,57.8876
70,11215770,36.4104,67.9594,68.7137,49.3983,41.7185,74.0121,42.5005,100.4556,70.8737,41.6739,26.1462,62.8657,56.894
71,11215780,42.2503,59.3694,60.2994,123.2393,128.1224,80.2604,78.5373,72.1559,109.5607,95.3359,138.4833,144.8206,94.3696
72,11215810,86.066,107.1638,55.003,61.5167,126.9318,119.3685,217.7718,134.267,147.5425,137.1382,256.1475,400.2592,154.098
73,11215820,92.973,874.4627,421.635,142.4555,103.6569,127.9768,196.701,177.8986,202.8919,121.2175,333.6402,183.2357,248.2287
74,11215830,64.8078,108.7617,53.8595,36.4783,355.5665,65.7077,80.0474,157.4585,52.2521,52.923,203.0184,143.4035,114.5237
75,11215840,166.8881,175.3902,76.5732,171.7479,140.7154,155.575,89.1659,158.6905,159.1627,103.8128,246.9014,153.8881,149.8759
76,11215847,572.029,441.2218,832.9861,662.1684,584.1046,673.0845,753.9593,595.7704,798.281,566.5561,583.2077,537.4149,633.3986
77,11215850,122.7399,104.1086,69.0181,61.2476,107.9837,79.811,64.4044,113.7571,128.4098,133.2992,277.1347,129.4263,115.945
78,11215860,24.0949,63.5555,64.9595,77.8187,37.4379,45.4956,61.6966,80.0621,63.2684,42.3898,29.262,57.6249,53.9721
79,11215870,92.9475,136.4424,88.2685,112.8833,95.0564,50.7142,217.9588,122.5708,103.3995,106.609,225.5048,203.2357,129.6326
80,11230536,268.6244,442.5699,253.6644,726.1504,230.0202,383.8049,338.8976,404.4387,463.3855,268.7667,409.7951,287.9287,373.1705
81,11230545,224.0074,531.7506,686.0986,728.5607,482.2512,619.8613,380.1333,979.3752,1292.6328,692.3323,495.7505,518.8616,635.968
82,11230560,465.9531,256.7848,216.4717,216.5612,82.4104,198.534,123.1791,609.9081,626.3947,138.173,261.6193,206.9153,283.5754
83,11230570,57.4335,34.8077,93.6324,88.0544,15.9134,82.0023,28.4711,26.4783,116.709,51.7951,46.2643,107.5324,62.4245
84,11230600,78.9518,94.7968,80.6503,173.9187,134.0349,131.6948,67.6622,98.5694,152.0105,124.6224,87.1365,68.2652,107.6928
85,11230610,57.1874,49.2432,94.7534,63.9729,96.9365,199.2769,120.3779,102.1669,109.8507,95.8245,126.2941,120.5975,103.0402
86,11230650,112.1171,104.4797,199.3113,138.1189,182.4495,231.4748,164.1284,306.6823,319.6319,254.1969,217.9069,183.1649,201.1385
87,11230660,33.3062,58.9621,146.9439,161.1662,58.3392,52.9749,50.2103,68.2344,81.9398,36.3508,106.7576,83.8531,78.2532
88,11230705,109.7,196.8647,188.1755,138.4766,126.1489,130.5294,218.032,149.5363,411.358,251.2332,185.549,145.091,187.5579
89,11230710,502.8534,539.8026,1001.3623,781.5742,632.8158,911.6595,448.3644,940.4228,1862.3606,1076.3341,628.4953,839.0518,847.0914
90,11230720,251.7731,412.9133,666.3915,663.5836,356.3301,661.6501,304.9236,693.3029,1044.5786,646.4871,508.6845,532.2424,561.9051
91,11230730,102.2925,236.6794,221.6717,125.9366,74.4044,91.9765,118.7054,228.5389,266.7759,233.1613,200.047,180.7016,173.4076
92,11230740,422.2232,732.7261,750.0537,410.9103,562.5569,650.023,473.5471,988.9562,1965.5585,722.6895,546.9965,496.0474,726.8574
93,11230750,62.1569,70.4088,124.612,64.183,82.0148,77.7949,23.6051,23.1561,46.6537,17.8001,8.5671,38.0366,53.2491
94,11260520,30.9276,56.7483,29.8771,58.2809,59.1094,58.7006,38.0896,44.8451,32.5453,33.9023,27.3173,55.5861,43.8275
95,11260540,82.52,107.0697,27.1098,45.5673,26.7762,31.2821,29.7969,36.487,44.4474,81.9779,47.3471,73.0353,52.7847
96,11260550,1.5063,79.1847,11.334,41.1376,9.6195,9.0493,29.8811,46.5572,50.7632,28.4524,28.3564,25.9203,30.1468
97,11260565,100.2993,51.7041,101.6156,62.0643,66.6395,68.9066,142.5454,81.0765,148.2146,230.3574,84.8549,83.3279,101.8005
98,11260570,18.0378,102.2594,38.8227,59.9942,54.6475,78.0774,52.5455,60.8997,40.0714,24.8908,63.6193,54.6179,54.0403
99,11260575,24.9377,51.0072,17.4175,16.8498,61.9241,46.2439,61.863,22.9636,31.7832,44.2735,19.4293,29.7014,35.6995
100,11260580,23.9918,13.6589,71.1711,16.1025,55.8737,43.3415,31.8663,21.7169,28.03,49.3793,18.2134,50.9119,35.3548
101,11260590,68.3716,19.6677,113.0685,82.5791,59.3636,105.151,69.2193,25.471,26.8398,60.8954,42.3441,42.5375,59.6257
102,11260600,41.7008,52.5293,38.7752,71.2394,7.0614,33.9433,26.8008,38.0024,39.9871,33.0425,11.4282,72.2762,38.8989
103,11260610,61.9085,13.6553,62.1417,110.534,31.4917,51.8473,63.7217,50.5427,47.5636,38.6971,100.9279,71.611,58.7202
104,11260620,76.0935,41.2574,42.7589,27.0236,82.117,55.9287,67.9393,80.5422,61.1175,67.2695,60.0824,33.7479,57.9898
105,11260630,53.3877,52.376,24.6237,57.0743,66.0456,22.6345,46.6722,64.5743,18.0962,9.7563,32.6877,53.6076,41.7947
106,11260655,62.7502,24.5812,80.0988,74.2305,53.9098,62.7211,94.0181,43.6754,74.1174,81.675,91.7533,48.3685,65.9916
107,11260660,44.0084,13.6849,10.5889,31.3299,29.0416,28.684,19.7431,15.9563,6.1768,26.3499,4.9084,13.6437,20.343
108,11260680,47.5843,66.5821,85.1294,42.5001,51.9663,38.6739,70.4178,61.2307,69.9244,51.4925,26.9984,69.3567,56.8214
109,11260690,59.846,32.7719,23.343,13.9371,48.2108,45.6871,93.9657,10.6231,14.3718,75.6796,18.4945,53.8212,40.896
110,11290525,303.4454,174.5535,444.8942,104.6168,128.9589,211.9957,183.341,101.852,150.041,103.2557,164.4636,110.3159,181.8111
111,11290555,157.0104,206.1212,271.2277,224.6924,261.2447,57.1988,181.752,208.7322,179.223,328.8918,86.3223,147.894,192.5259
112,11290575,316.2168,811.7714,319.9688,469.7615,433.4877,214.0466,260.0859,399.1574,271.2322,228.7581,197.2564,261.1986,348.5785
113,11290580,57.2357,27.639,29.1323,69.6988,120.7339,31.2632,71.7963,58.497,41.7277,14.1151,57.1591,25.4048,50.3669
114,11290590,75.4004,104.5028,52.4414,56.8698,57.6677,58.0004,78.082,49.8381,61.7512,30.8904,54.2895,43.9996,60.3111
115,11290600,243.2591,730.759,644.4884,571.6608,299.1763,396.2572,224.9559,764.3808,792.4669,352.2009,290.4297,407.2727,476.4423
116,11290610,42.2616,123.7814,115.607,85.1184,95.4745,51.7028,60.1783,142.2446,110.6706,111.7169,57.9211,38.0779,86.2296
117,11290620,49.6291,92.0635,32.9938,63.311,75.6092,56.6851,70.7937,28.3102,57.5248,54.6309,44.9823,38.4865,55.4183
118,11290630,133.0169,94.3107,191.5353,78.9774,78.9481,47.3135,62.6226,119.0417,145.4704,35.007,34.2213,50.1711,89.2197
119,11290640,206.7105,311.4448,842.4896,255.6629,205.9345,244.7226,226.4131,757.3456,859.531,491.6241,290.9543,282.0943,414.5773
120,11290650,50.6084,66.3542,156.6054,140.743,157.6933,89.7063,106.564,149.9544,276.2791,124.2719,109.1763,92.2924,126.6874
121,11290660,123.0714,58.237,102.8559,26.7512,40.5304,102.5104,104.1128,107.2612,80.1309,77.4069,114.5261,109.8921,87.2739
122,11290685,82.2564,20.4622,50.2857,91.066,34.9914,57.7119,78.5959,91.4288,96.1246,45.02,55.951,107.4824,67.6147
123,11290705,187.9624,441.9042,953.0515,377.6186,400.1597,388.6962,265.3249,961.4203,1300.441,679.012,493.3317,1061.455,625.8648
124,11290715,88.9603,155.8647,47.3003,31.3757,45.4481,119.3276,140.6024,191.6952,124.3971,74.6493,69.7683,39.6168,94.0838
125,11290725,57.3364,44.596,126.343,63.0535,46.6821,58.8225,95.3766,69.0882,112.4042,100.9563,65.3223,72.3362,76.0265
126,11290760,10.9231,53.153,15.3193,52.1083,15.7731,13.6741,33.1532,68.9163,46.2567,44.6453,24.8977,51.5113,35.8609
127,11290770,22.3973,79.0914,2.237,32.0289,55.6394,29.9601,23.8484,17.0146,38.7325,6.7396,20.887,46.4094,31.2488
128,11290780,5.7246,14.4779,13.3194,23.6181,32.3022,17.947,24.9572,20.2706,24.2899,69.6572,13.6344,13.2489,22.7873
129,11290810,15.9813,149.2143,67.7965,104.2006,113.6893,160.4189,132.2643,110.172,49.0601,94.361,37.7427,121.0846,96.3321
130,11305534,16.1376,121.4886,54.078,12.9517,70.2156,69.779,18.3696,49.9824,44.6318,55.8818,31.7819,69.285,51.2152
131,11305535,106.0537,51.1382,104.8738,65.1715,41.5497,117.9965,25.8122,76.5735,79.7889,62.9806,46.7692,60.4184,69.9272
132,11305545,62.0078,193.1993,174.0171,85.5532,94.7585,181.6594,187.7736,61.7538,152.5107,196.1613,58.2397,112.1424,129.9814
133,11305555,58.6484,68.4865,63.7989,142.8863,94.2998,79.8107,45.3813,117.8354,68.8489,19.3766,109.3633,46.8762,76.301
134,11305575,52.1531,27.7793,92.8125,32.2707,39.115,28.8563,62.5033,29.2712,85.9993,29.6216,123.5424,63.0915,55.5847
135,11305590,15.2929,58.3894,159.8784,51.4394,39.0779,25.0519,102.0934,71.9538,33.7142,46.9138,72.0865,48.3871,60.3566
136,11305600,52.4469,32.1816,62.4949,14.6656,20.8539,77.9417,49.4415,19.6863,23.4272,23.3251,29.8991,48.5131,37.9064
137,11305606,22.9435,44.0742,33.0869,42.0064,20.4008,90.1052,33.5867,35.0057,9.9847,56.5663,8.329,35.1662,35.938
138,11305610,87.2136,55.2756,61.8237,78.5929,36.3782,39.0512,37.2173,25.7971,47.9998,75.8226,29.3321,41.1247,51.3024
139,11305620,116.7143,45.2105,32.9519,34.6808,24.3261,36.9921,35.319,19.0749,92.5329,42.481,20.0395,60.5874,46.7425
140,11305630,127.2416,169.0643,116.9441,50.51,106.4774,62.9437,60.9543,48.9856,127.2832,57.3959,49.1825,23.9321,83.4095
141,11305645,49.1677,25.4582,30.391,38.1768,72.6178,31.2313,111.381,119.5509,29.4409,44.1882,105.653,116.7176,64.4979
142,11305660,105.5252,86.6843,59.0994,44.1274,39.0853,22.3015,130.0075,46.6242,80.8815,162.1516,123.8201,29.9433,77.5209
143,11320511,59.6962,53.4783,39.8647,61.4862,78.7134,65.5059,75.6621,55.0276,43.3552,70.2145,34.4861,40.3373,56.4856
144,11320512,33.2886,27.9862,120.3593,73.5245,96.1408,36.2758,80.5307,47.5721,67.1167,54.0719,49.6571,83.4778,64.1668
145,11320513,8.2212,10.5449,34.8717,103.0927,82.226,39.1023,21.4621,52.7594,23.1075,10.7927,19.8826,40.4203,37.2069
146,11320514,49.7748,27.3093,44.3215,13.605,32.9051,105.3995,107.915,52.3554,110.2941,105.7681,51.943,56.7187,63.1924
147,11320515,46.1267,82.0867,50.9732,69.8618,19.2891,60.9251,68.2791,78.4588,50.0347,67.5092,23.0521,18.0586,52.8879
148,11320521,84.527,34.2123,25.8926,52.7375,27.6751,32.7409,66.3783,40.3308,43.4051,22.1839,14.4018,66.0451,42.5442
149,11320522,136.8664,14.8406,55.1986,73.7846,70.7119,49.0624,30.6148,45.6586,53.3458,55.781,26.937,22.9345,52.978
150,11320660,20.4762,91.6925,49.8793,32.9507,28.4109,61.1433,26.49,49.8986,12.6534,36.1572,26.8009,22.4881,38.2534
151,11320670,51.6226,95.4482,51.6065,61.776,64.0376,57.4533,37.1024,10.8216,55.5437,37.6511,15.8436,13.8306,46.0614
152,11320680,37.6692,38.9892,69.2381,31.363,21.114,31.8158,11.6535,29.3864,59.5182,30.2305,49.719,20.0117,35.8924
153,11320681,20.0995,4.8425,46.1875,23.7239,52.8168,48.4087,25.0101,11.1315,35.4129,44.2645,44.5796,9.4409,30.4932
154,11320690,75.2542,33.2355,12.7868,27.7628,78.273,67.3085,72.9313,49.0339,63.794,138.2693,101.1584,67.6592,65.6222
155,11320700,63.2534,18.5426,14.9839,42.5408,71.8259,35.3454,31.6177,20.1423,16.2777,20.1759,27.1419,29.2197,32.5889
156,11320710,17.4205,74.3282,21.5862,98.7429,53.5762,34.8536,77.5087,29.6561,67.2398,49.2436,31.0211,47.3922,50.2141
157,11350560,34.5648,71.6195,147.8217,111.312,146.7513,108.1804,43.7867,124.3125,175.4961,122.1794,111.8057,57.6652,104.6246
158,11350570,28.7517,14.1389,31.198,20.9251,109.6692,45.0984,35.0422,36.0651,32.1979,57.2246,30.1796,37.7025,39.8494
159,11350580,40.6293,49.8491,38.506,27.4161,38.5828,110.0886,70.7304,39.1793,71.1285,57.5184,55.7645,68.3835,55.648
160,11350595,92.238,55.9287,53.0485,74.6744,74.912,80.904,113.4562,115.2788,47.6452,91.3102,44.7226,76.0154,76.6778
161,11350600,106.5034,131.0126,166.6756,166.4481,95.0872,117.223,151.6805,111.3806,188.8809,100.2261,117.4872,109.9581,130.2136
162,11350611,57.1645,55.8979,90.5288,109.9117,119.915,127.3669,39.388,84.7888,148.6884,74.1245,60.1811,75.876,86.986
163,11350612,31.4533,35.6472,46.1056,13.4295,4.2957,51.4503,34.9469,17.0963,21.413,17.3399,28.5215,16.7361,26.5363
164,11350619,83.4987,15.7157,25.592,86.4648,68.1286,28.7481,55.141,39.3562,74.4337,28.961,35.7946,53.4863,49.6101
165,11350621,36.4702,17.1067,42.3252,42.511,111.648,24.8101,17.6494,41.7814,44.6944,21.1584,40.1194,73.475,42.8124
166,11350624,28.9782,28.4723,28.6425,19.0048,28.8509,53.414,25.1973,25.7675,12.193,22.5232,54.8225,147.3319,39.5999
167,11350625,53.6863,56.0487,67.9497,23.5986,21.5342,120.226,35.6266,86.1506,26.919,16.2392,34.8661,48.4653,49.2758
168,11350630,114.8877,51.6156,47.9827,127.0441,56.1925,96.9554,123.998,73.7593,99.8248,97.3738,131.8059,33.5056,87.9121
169,11350640,44.0785,69.1183,71.971,36.5026,40.5463,114.3658,64.405,41.8373,42.4917,63.8112,57.5712,35.5995,56.8582
170,11350665,57.1724,71.1235,19.9362,46.7339,67.0785,106.3831,78.2146,188.1724,31.7309,41.738,26.1802,136.9021,72.6138
171,11350670,22.3368,18.4007,18.9835,29.3623,6.5988,56.3375,27.9635,18.2793,81.1732,20.2587,42.1873,38.7416,31.7186
172,11350695,101.5375,51.2673,77.8045,107.7609,118.575,38.7159,173.4888,106.4571,116.5181,70.7681,85.5607,114.551,96.9171
173,11350700,33.5821,23.6448,24.467,24.2718,59.2626,39.6539,24.7652,9.6429,13.622,13.0644,40.7188,32.6385,28.2778
174,11350710,41.4415,12.9834,11.7937,0.6685,33.4819,33.9166,88.0985,17.4657,38.9709,38.5899,28.8428,38.9,32.0961
175,11350720,52.6405,32.7228,21.7488,54.5281,28.5704,46.1253,28.2127,23.9107,23.1074,11.5038,21.5505,19.854,30.3729
176,11380510,133.7636,133.2519,150.5509,109.1746,71.8313,162.157,167.0342,125.6032,135.4007,114.4736,151.8348,127.9516,131.9189
177,11380520,87.3243,31.8406,91.6678,54.3972,134.9832,77.5761,55.9391,93.3433,132.6414,56.9159,63.0307,154.3629,86.1685
178,11380530,58.8783,22.8126,35.0913,67.8367,38.5966,35.8309,43.7532,34.9401,81.7867,68.3545,69.0713,45.6521,50.217
179,11380551,96.4398,22.3486,77.6317,23.2353,110.499,22.1864,35.3425,69.4464,40.1662,58.873,41.8792,71.1517,55.7667
180,11380552,115.2876,47.5991,35.1706,65.3818,116.322,51.2337,61.714,66.3435,46.5703,19.612,47.8558,58.479,60.9641
181,11380560,134.4205,64.9448,65.657,94.8547,99.3886,39.911,45.7932,114.7026,128.109,107.297,81.4168,102.1491,89.887
182,11380570,177.195,69.4503,102.1132,61.6822,100.4047,140.9039,97.0336,97.1361,85.4338,93.9144,93.652,135.8978,104.5681
183,11380580,56.7494,53.0843,124.3109,91.5526,100.2116,126.2725,73.5185,129.1432,95.7342,132.1561,98.3388,75.6517,96.3936
184,11380590,60.4199,53.503,58.3469,35.2375,61.5636,48.8586,104.8258,28.4906,76.6238,45.8671,26.1699,47.3788,53.9405
185,11380600,66.2058,76.9467,99.0784,85.8664,43.9413,45.9581,85.4153,50.2876,109.2426,60.4459,58.0817,90.6801,72.6791
186,11380625,177.0134,94.8816,116.3458,147.0141,71.4932,38.4212,96.4417,185.567,97.8281,83.2824,66.5146,117.7103,107.7094
187,11380631,51.2019,142.8774,44.7724,32.017,115.8035,44.846,34.8587,85.639,72.4644,78.0435,66.0059,42.972,67.6251
188,11380632,28.093,65.8445,20.4052,67.3167,16.6927,73.8846,90.608,22.2656,12.4512,52.251,49.792,54.0613,46.1388
189,11380640,58.0163,41.9764,7.2563,55.208,17.8303,63.2196,12.489,48.9153,63.4612,53.383,50.2032,44.8998,43.0715
190,11380650,8.5629,22.9411,30.8793,31.8556,56.954,23.7323,60.277,17.7538,46.5843,22.9662,53.0839,48.1707,35.3134
191,11380690,131.4202,109.1686,168.9454,95.7545,148.8663,165.1272,184.8999,343.8245,157.4178,175.2074,150.4819,177.2366,167.3625
192,11410520,146.1042,95.1541,63.8077,43.976,55.6728,80.1645,154.0793,72.6131,83.9267,109.3496,57.1618,95.1069,88.0931
193,11410555,417.9827,688.5605,531.8107,511.535,411.9964,622.2458,396.5725,558.0193,548.2093,736.8314,824.8971,763.9529,584.3845
194,11410565,414.7387,505.2021,487.3348,282.107,353.5159,406.1323,416.9127,558.3783,416.1773,547.8525,680.1711,550.4163,468.2449
195,11410585,1281.3491,2087.4558,2141.1969,1468.9941,1424.543,1854.0732,1068.9275,2539.6556,2321.2762,1296.9172,1478.4809,1563.4717,1710.5284
196,11410615,409.7186,416.3484,862.7548,537.8087,469.5754,607.3823,375.6102,791.009,794.1948,535.2658,607.3152,697.5079,592.0409
197,11410620,128.2865,91.986,166.4682,39.4725,93.519,172.0791,64.0014,54.4983,107.692,73.0311,115.8933,96.9099,100.3198
198,11410640,15.024,41.6863,152.6653,54.3566,77.4328,30.5914,39.6051,75.7176,103.1238,149.517,29.2464,35.1364,67.0086
199,11410655,20.7659,25.443,60.983,21.2746,35.4447,38.9838,31.1071,42.1339,28.7204,39.2352,37.7018,20.7275,33.5434
200,11410660,389.7816,71.8645,21.653,20.3714,61.3269,57.5887,36.5026,32.4928,94.9894,161.8989,27.501,69.6264,87.1331
201,11410685,117.221,167.2016,183.4027,149.7058,196.9479,189.3096,96.3947,222.1128,279.7995,206.2912,243.6649,228.4797,190.0443
202,11410690,109.9316,80.6348,129.73,65.9463,42.1092,85.9797,25.8159,40.359,42.8075,63.2418,68.8972,20.0567,64.6258
203,11410700,111.5872,189.7401,262.5062,130.2811,149.8339,75.9245,111.6197,198.203,208.3068,107.3805,222.5498,154.9363,160.2391
204,11410710,21.9326,30.169,28.4117,31.8512,15.038,37.6797,21.3975,74.2752,40.0714,115.0898,58.6508,52.8296,43.9497
205,11410720,105.2852,162.2104,202.9014,144.9286,72.9151,86.3069,99.5735,108.3524,113.7608,107.3814,249.9129,169.9666,135.2913
206,11440555,267.1182,317.5008,279.9344,189.8969,153.9852,214.577,239.1696,143.7897,123.5179,210.4353,357.885,207.4204,225.4359
207,11440565,362.3968,197.6268,417.5012,214.1853,192.2235,308.1639,360.3701,224.0014,384.7661,323.8681,563.8707,385.7533,327.8939
208,11440585,253.1645,181.8714,164.4517,223.784,151.7695,212.3438,131.7865,128.0296,140.5649,134.1279,211.6772,135.958,172.4608
209,11440590,287.0322,361.4734,196.5258,215.332,217.0456,239.3439,219.398,271.6033,301.5596,321.0534,400.6645,424.3198,287.946
210,11440600,376.8625,693.7219,821.8471,343.8332,493.013,484.8329,264.6478,649.387,578.3894,394.1756,441.6979,617.6836,513.341
211,11440610,55.2679,177.7047,162.1476,164.4005,149.6595,90.6464,102.4123,74.6991,162.8234,109.3474,182.8958,97.3854,127.4492
212,11440630,108.3962,124.3991,169.0286,48.9652,108.1412,77.7723,143.9957,98.0262,95.8068,146.1304,182.6123,178.3024,123.4647
213,11440655,143.9391,335.2587,327.262,180.0146,306.7597,316.8531,247.0363,362.892,441.3968,429.8727,493.483,451.9503,336.3932
214,11440660,1105.4363,2050.4876,2543.6195,1324.2102,2465.7659,1953.9075,1488.8952,2437.1666,2335.4944,1149.5632,1696.7214,1839.0851,1865.8627
215,11440680,137.0958,227.5034,250.9391,141.9665,119.4982,80.2795,95.9854,182.5371,203.5757,273.1213,227.9587,256.7061,183.0972
216,11440690,55.6131,100.223,50.7776,68.173,121.988,39.4073,82.3508,100.3149,54.1338,131.5067,209.697,97.7873,92.6644
217,11440700,70.3063,26.5347,65.5297,62.7853,54.2833,52.8784,33.1086,77.9615,93.2798,98.9603,128.1111,37.851,66.7992
218,11440710,621.7105,1146.2817,1056.9284,612.5954,912.302,952.2715,696.9444,1046.778,805.1904,302.1889,501.9915,617.4151,772.7165
219,11440720,108.3712,207.4585,195.8302,109.8031,109.0124,156.2989,165.5738,241.8143,172.6071,169.5049,242.4697,233.6115,176.0296
220,11440730,158.5148,168.0366,104.2076,133.5549,121.1435,114.6909,121.2454,137.2713,107.5979,165.0317,263.6923,140.1897,144.5981
221,11440740,293.4839,216.0633,149.2175,366.2004,303.7021,217.0069,354.7184,257.8355,249.6091,364.1048,410.0599,339.1013,293.4253
222,11470510,170.5992,274.604,205.293,135.7439,90.3714,91.0219,193.2284,154.5551,85.2621,188.8622,368.5741,289.929,187.337
223,11470520,91.6356,69.3936,77.1853,70.8025,121.1721,123.1422,147.0884,181.6586,109.0663,80.9033,124.2202,115.7807,109.3374
224,11470530,35.4831,40.5856,104.1352,71.5052,62.3245,55.4262,89.27,46.2213,53.8874,77.4147,68.0118,43.471,62.3113
225,11470540,34.5744,59.0433,41.1773,66.9749,30.506,26.2799,55.3437,88.6288,45.4341,103.753,149.3187,55.1162,63.0125
226,11470550,108.1267,562.7047,100.0736,95.937,108.9561,87.6994,138.8748,164.7643,79.3215,226.0823,244.1074,205.9578,176.8838
227,11470560,123.223,30.0203,55.0689,66.4612,14.7191,22.0362,53.0527,56.4761,30.7421,99.7032,90.5664,118.3033,63.3644
228,11470570,22.4958,88.0067,51.455,54.4566,80.7915,29.4963,41.8406,94.6649,98.5812,47.5501,110.9338,69.1121,65.7821
229,11470580,39.3207,42.0162,51.1691,32.5576,51.0488,52.2677,64.2884,31.7817,19.7828,29.1726,111.5891,76.8886,50.1569
230,11470590,53.1169,75.9158,22.1824,55.0557,48.8097,10.2475,27.3412,62.3228,42.7467,63.5879,64.0716,67.2274,49.3855
231,11470600,47.8131,50.501,24.8383,55.6469,16.3257,14.1711,38.2884,24.2176,45.5266,23.3713,52.9057,64.4991,38.1754
232,11470610,6.8963,28.4589,24.0666,28.983,24.8607,25.7739,15.2412,11.3177,12.1322,18.8102,40.2722,15.7543,21.0473
233,11470611,72.6392,153.3007,9.881,31.3859,20.4905,218.1993,31.1936,23.7902,57.708,54.0903,55.9977,67.2849,66.3301
234,11470620,15.3958,60.2357,117.8052,53.4784,25.9563,42.4109,75.0285,61.5076,55.8132,84.5717,111.7683,85.4243,65.783
235,11470630,70.2514,81.4715,16.0264,22.979,67.9428,113.5249,38.1981,60.1401,109.2037,42.8933,46.9552,93.8745,63.6217
236,11470640,137.9192,93.7712,148.826,151.5085,172.9775,61.3999,173.2847,123.6315,604.4423,239.512,237.0664,205.4639,195.8169
237,11470650,260.0779,166.0767,107.0268,42.1233,174.4676,80.7436,213.1584,118.9878,104.0277,127.9617,335.7921,194.1068,160.3792
238,11470670,96.6158,143.1486,47.0763,96.9764,74.2111,47.885,77.4017,89.3447,83.0675,60.5099,130.6734,160.1914,92.2585
239,11470680,98.7099,59.8809,58.7914,58.3127,77.0212,32.716,122.1728,166.1503,84.5043,109.6904,153.0624,109.4525,94.2054
240,11500510,969.1539,828.1076,932.3453,924.7161,1390.4231,1050.3185,996.6103,1362.0151,923.2232,1024.4217,1599.8492,1517.1776,1126.5301
241,11500520,345.2002,326.2213,162.5652,233.6618,133.9373,79.6855,149.2759,130.3761,129.3674,124.9006,206.2278,150.58,180.9999
242,11500530,39.9079,25.9906,56.9938,47.1987,52.4741,34.0977,64.8682,106.6624,54.8819,52.1311,67.3709,67.9043,55.8735
243,11500535,170.5402,80.5894,105.1221,268.2804,115.1779,237.3206,200.921,213.9444,151.3032,286.4331,376.9164,266.9519,206.1251
244,11500540,325.4797,354.3178,387.6162,263.9731,282.4027,217.3047,296.5177,167.8613,227.7446,245.2686,271.7103,254.757,274.5795
245,11500550,75.5314,58.2024,50.6937,39.4262,16.0683,56.107,62.4803,38.8527,38.8896,104.6053,94.5447,18.8883,54.5242
246,11500560,88.1194,92.9608,46.4366,51.4143,77.2407,120.8938,82.4747,42.6165,62.2333,81.9818,119.1283,107.1428,81.0536
247,11500570,69.4805,45.6925,29.6735,81.8979,47.4623,53.8611,70.7359,95.1641,53.6282,76.1442,115.3573,76.904,68.0001
248,11500590,79.2367,103.8298,61.5853,75.5355,168.4214,79.4169,75.9485,152.0381,178.3649,70.4005,202.5374,84.1887,110.9586
249,11500591,156.7667,230.7171,108.3414,112.7231,45.2319,42.2416,81.4712,77.2193,121.5706,122.1017,147.6138,88.3082,111.1922
250,11500593,165.5762,146.8174,104.226,129.4166,62.0869,92.2046,102.3629,130.1884,111.1966,97.7923,183.4184,117.8241,120.2592
251,11500603,361.0959,457.3745,295.5599,438.4788,423.1332,301.5996,240.0675,450.0208,302.4712,281.7852,772.3123,536.3847,405.0236
252,11500604,10.657,38.542,57.0007,17.5425,51.6707,47.1906,31.6729,29.8077,92.842,40.7492,92.2183,48.6203,46.5428
253,11500605,41.3776,36.1166,36.3658,39.4944,37.7071,53.0585,113.5396,20.6236,50.7438,62.1113,63.3094,164.608,59.9213
254,11500611,124.6206,102.7045,62.3901,76.5502,47.607,196.41,111.7963,86.5041,71.5603,84.8903,286.2334,156.4056,117.306
255,11500615,136.8932,155.7203,82.8958,117.8534,75.7319,117.4731,99.6653,79.7834,124.3518,114.4637,255.2368,217.5098,131.4649
256,11500620,398.4652,227.0152,236.2272,236.0731,197.7993,201.5581,266.1384,226.6949,159.9049,327.6331,299.2977,295.6433,256.0375
257,11500630,289.712,208.3454,211.6881,123.829,157.3489,94.9452,131.6039,154.2794,157.8438,182.8997,264.3728,179.0026,179.6559
258,11500640,249.7426,216.6779,337.1203,287.2537,361.191,340.1627,331.5973,205.2919,175.1366,286.3979,361.9189,389.2218,295.1427
259,11500641,38.1724,89.8043,91.0696,148.9339,75.0578,122.2461,85.7483,109.1713,64.8774,110.2049,241.864,83.1319,105.0235
260,11530510,196.5957,304.1197,204.1507,100.4825,191.4064,142.9783,254.0968,117.7555,192.3503,174.9637,196.9767,452.7945,210.7226
261,11530520,35.1725,49.8409,67.7556,35.691,98.01,103.1529,81.8169,31.8313,44.7271,26.5999,77.6396,51.4243,58.6385
262,11530530,715.5738,903.194,770.7351,1032.1404,865.5245,1026.4798,1093.0049,656.4226,749.7726,1115.1076,1173.7447,932.2387,919.4949
263,11530540,647.2574,506.7278,594.993,616.9655,626.8867,483.9489,670.2496,362.9967,396.7547,555.2799,866.1972,582.0399,575.8581
264,11530550,300.469,532.8679,374.6652,556.3053,655.1067,603.6099,640.0732,294.5124,430.5195,457.0349,549.898,443.1922,486.5212
265,11530560,420.5498,511.9786,519.2218,342.1714,570.3294,367.5317,478.9516,358.0911,395.1032,409.2572,437.5,374.2584,432.0787
266,11530595,757.8642,497.8009,549.8349,617.974,830.9925,548.602,551.0864,428.6991,339.6553,491.1336,634.735,616.0341,572.0343
267,11530720,72.3257,104.0102,67.1126,100.4848,124.9525,100.0243,93.0369,120.7873,29.4132,201.4335,153.5242,170.1474,111.4377
268,11530730,42.1483,34.0642,138.1006,68.2712,117.1333,37.1543,110.5298,95.5531,66.6296,85.259,105.5792,108.5788,84.0835
269,11530740,415.6424,372.81,289.0505,321.3163,503.7584,487.6336,561.7444,453.9523,345.5865,402.2313,596.761,654.1631,450.3875
270,11530750,168.2368,301.0045,279.7153,289.9824,309.98,303.505,245.9777,107.3236,79.2385,167.4726,125.8108,92.4263,205.8895
271,11530760,43.5861,77.5314,88.8583,30.0492,30.7905,76.6832,87.7811,47.3542,53.5205,45.434,58.3678,120.2335,63.3492
272,11530770,813.6879,688.9081,737.3336,719.7843,1106.0691,660.8337,753.1261,811.0133,564.1672,679.908,847.0111,866.4143,770.6881
273,11530780,508.0332,744.9,731.4736,629.4863,1034.4635,731.2372,976.0998,980.9639,757.0348,901.4009,1069.7587,1087.2853,846.0114
274,11530790,155.5559,128.1584,53.2076,47.3309,79.4974,91.5659,99.6369,141.0003,109.9476,112.8944,169.9389,141.653,110.8656
275,11545510,694.198,560.0016,567.5389,716.3866,1180.7885,572.7988,618.9459,433.7632,486.484,523.654,703.8902,671.6111,644.1717
276,11545610,478.1611,452.682,361.1338,320.7457,271.6918,309.6368,317.569,190.2264,245.2018,133.183,226.8192,210.9482,293.1666
277,11545620,291.5031,94.2206,219.8475,185.6867,222.0224,205.3612,229.6979,122.7666,248.7196,471.6374,269.4929,205.461,230.5347
278,11545630,345.4538,184.3194,360.5215,294.1226,409.9852,422.0819,442.8637,238.2446,316.8675,467.0311,257.015,343.4552,340.1635
279,11545640,178.9579,206.5891,211.8528,173.8165,220.3223,236.3672,289.111,226.973,219.7107,337.8076,180.8294,232.236,226.2145
280,11545670,262.0201,210.2198,297.8943,205.9434,203.6202,213.9964,475.8153,150.2824,202.0007,187.0564,215.574,420.8578,253.7734
281,11545680,61.5961,0.4797,12.8615,19.5032,76.8353,79.972,84.7998,43.7226,62.7208,66.2373,35.3943,128.5806,56.0586
282,11545690,108.7386,17.0608,16.8727,28.7486,34.2734,24.7329,38.3813,101.3031,14.6169,43.7416,54.2423,87.9465,47.5549
283,11545700,137.3612,110.1225,51.5474,66.5194,83.4073,49.1656,152.0431,144.0021,71.5577,104.3977,101.7203,134.0044,100.4874
284,11545710,63.0054,68.2764,61.1804,48.8998,136.9356,67.3753,49.634,84.8775,51.7029,59.0711,68.8584,125.1268,73.7453
285,11560515,327.398,312.0324,308.4078,249.511,228.5665,382.6231,298.0665,173.5507,213.5347,244.776,301.5078,293.3038,277.7732
286,11560535,310.0576,917.9477,302.7757,203.7087,252.5404,268.7933,317.2364,326.646,307.7301,500.9305,484.006,362.9099,379.6069
287,11560540,748.6042,1379.5856,785.6682,547.356,644.1518,629.7262,649.5997,838.2575,1091.0059,886.1314,1351.6627,790.3006,861.8375
288,11560550,49.9533,276.0817,119.1521,123.62,37.5093,127.0884,37.4844,90.0083,133.6431,105.3421,206.9754,116.7091,118.6306
289,11560560,347.4013,805.1577,154.4411,106.4478,68.181,149.216,218.1941,117.2384,155.397,196.9391,178.7889,131.6136,219.0847
290,11560585,256.7272,214.4563,245.7623,190.7945,144.7615,142.4956,332.7487,130.7897,144.8021,277.9338,260.4742,177.6325,209.9482
291,11560605,146.8012,479.646,213.8845,77.9149,111.0136,60.2935,215.6503,140.6127,91.0077,266.4848,434.5697,233.0315,205.9092
292,11560610,134.1142,223.9859,82.5813,110.0415,50.8795,86.7169,66.53,47.5624,67.5507,110.2092,203.0018,151.2756,111.2041
293,11560620,154.7572,421.4484,87.7223,122.6757,75.3637,84.3867,132.4342,120.9528,165.6973,159.2103,254.4079,144.9414,160.3332
294,11560630,128.9674,223.424,199.6759,102.587,199.3419,120.8576,188.3166,189.6216,177.8317,218.2164,249.1527,107.2466,175.4366
295,11560650,249.1743,124.7708,323.7409,224.7994,248.8395,207.3877,180.8905,70.5608,170.3018,98.2045,109.4482,107.6184,176.3114
296,11560660,163.9933,85.216,92.1639,62.2079,71.6237,87.6919,190.5072,97.7326,162.7205,180.4785,110.2655,98.2502,116.9043
297,11560670,100.5979,171.7114,100.6665,120.6695,102.239,55.2388,63.2927,79.017,37.1232,101.0491,150.776,54.9759,94.7798
298,11560680,139.9929,98.9896,123.8698,188.2832,316.47,196.6406,124.6904,127.5518,119.5472,181.5678,166.2545,184.7987,164.0547
299,11560690,123.6205,85.1021,64.3736,152.9666,146.5056,80.7404,29.7622,26.2173,67.5668,57.815,92.1348,112.6272,86.6194
300,11560700,359.2785,318.3275,271.3076,295.0189,343.9421,361.4681,308.0899,250.2118,269.5179,362.3106,418.4223,349.8121,325.6423
301,11560710,1044.2045,1064.2575,977.4474,1043.0493,1176.1509,955.402,908.3776,791.2207,706.9266,913.3611,1026.6223,949.1418,963.0135
302,11560720,535.8083,447.6328,633.7884,708.6224,742.1732,679.952,571.1505,539.7137,589.2582,629.2677,992.0514,730.9728,650.0326
303,11590510,188.0835,152.9324,87.1127,30.4361,129.0061,125.7303,78.9736,81.8298,126.8347,73.6325,153.8385,158.4273,115.5698
304,11590520,86.9862,114.8472,66.9103,68.233,103.7361,101.3858,77.9558,110.6008,97.5896,94.2289,121.2299,112.2416,96.3288
305,11590530,239.5068,539.6985,626.2042,453.4963,316.79,419.4735,453.5105,459.1691,673.4868,407.7576,264.3658,314.7872,430.6872
306,11590540,28.7747,121.3819,97.7218,131.3524,107.3739,109.6319,203.6867,230.0205,122.0564,63.7418,82.6127,172.4079,122.5635
307,11590550,59.1446,113.0065,51.6673,53.9278,87.2703,27.3983,43.6516,18.5679,45.5867,44.9382,57.9752,80.8547,56.9991
308,11590560,77.9248,213.7918,56.2449,167.1931,116.2904,27.8496,107.4516,116.7497,49.7404,86.2908,64.6289,130.4887,101.2204
309,11590605,369.3848,753.7691,1189.9254,480.0709,442.3096,890.5068,466.8514,832.2378,1260.696,643.4037,471.6451,758.2373,713.2532
310,11590620,93.7089,53.5058,70.5521,147.98,57.4527,64.9302,63.0798,107.7894,121.7094,85.2597,167.7968,151.634,98.7832
311,11590630,74.1012,60.1802,139.3602,114.1325,81.9614,134.5679,121.9443,65.3107,96.9508,108.0833,118.2198,272.6645,115.6231
312,11590640,69.9731,60.5182,31.191,49.0668,60.9719,71.1075,71.3239,56.8303,50.6803,35.3886,33.3411,70.6158,55.084
313,11590650,44.9353,85.192,47.1817,56.5976,76.9396,23.8316,21.391,43.0253,30.9502,20.1198,75.3898,60.6086,48.8469
314,11590651,41.5495,33.5313,23.3802,19.439,10.0326,46.5141,20.8823,98.8234,37.5263,39.7513,41.553,81.9247,41.2423
315,11590660,236.2235,156.5054,371.3484,87.665,119.8128,165.6307,103.2241,112.9859,159.8804,175.5888,243.7451,155.9401,174.0458
316,11590670,118.0037,243.467,265.9792,219.7338,326.783,301.7565,243.6009,135.9471,124.0196,326.8984,322.2043,246.2841,239.5565
317,11590680,85.5429,70.383,97.9029,27.6694,113.4024,188.2619,95.6539,57.7697,80.6507,90.9971,134.1321,83.4049,93.8143
318,11620525,102.7996,49.6104,80.5884,36.6749,73.7157,75.5667,22.5875,33.9808,37.9942,103.5045,120.3994,68.3058,67.144
319,11620545,119.9859,98.9267,33.5806,38.3465,75.3568,22.7401,35.8722,61.0997,79.1249,53.7323,51.7164,29.3091,58.3159
320,11620565,80.4016,23.7071,51.6348,63.7681,57.9793,24.4419,206.0768,35.9623,44.7938,95.7216,49.9746,111.7864,70.5207
321,11620575,99.7938,374.6627,124.647,36.9098,97.7737,59.0711,263.7288,102.124,84.8349,118.7115,119.7319,135.0764,134.7555
322,11620585,172.59,225.4413,211.978,119.593,230.8516,215.7978,125.2172,148.2647,332.7086,143.0875,162.3093,294.0253,198.4887
323,11620595,182.8817,288.868,168.7125,108.126,148.3536,314.6782,183.2843,229.9897,258.1416,241.582,401.1424,299.2753,235.4196
324,11620605,104.3036,166.4995,99.3404,82.4247,121.9538,142.2956,100.8671,63.8853,110.2454,117.7062,142.4193,193.6166,120.4631
325,11620615,84.2744,41.8196,53.7832,44.982,132.0443,49.3921,176.2865,79.4417,112.2097,97.791,118.8316,125.7638,93.0517
326,11620625,66.888,169.5584,43.9149,65.3068,153.1741,99.0975,105.5663,62.079,103.2165,97.3446,100.6457,89.7154,96.3756
327,11620630,61.2181,136.8448,85.7456,48.924,48.6705,61.933,46.7232,93.4051,77.3477,97.6711,130.5895,130.4232,84.958
328,11620645,88.8987,120.8765,48.4968,44.7934,28.2634,76.9704,111.0105,52.4608,28.5797,145.4126,194.0173,162.9909,91.8976
329,11620655,112.7184,140.66,126.5306,162.3908,100.7767,125.6262,175.304,153.2673,114.3807,168.0997,118.1651,126.1522,135.3393
330,11620665,125.7781,172.2879,120.6088,92.6175,123.1485,107.069,94.112,210.2231,239.104,174.3741,210.4333,175.3297,153.7572
331,11620685,273.0181,223.309,306.2992,286.4637,379.7817,363.6064,319.6256,210.3779,167.2758,222.9367,267.6698,346.4765,280.57
332,11620695,27.5718,119.2308,93.1357,115.8486,60.7096,62.1533,82.7113,65.9986,103.6823,121.1717,257.2118,193.5347,108.58
333,11620715,24.2514,21.4916,25.9339,120.0012,8.161,44.4744,7.1089,53.1947,62.1413,40.8216,101.6221,20.7335,44.1613
334,11620725,480.3373,234.2391,462.9364,397.9746,492.3163,436.3157,437.3228,443.3228,372.527,440.2077,378.793,299.8891,406.3485
335,11620735,123.8449,304.6992,384.0789,212.069,133.2435,205.6614,77.1092,136.1162,366.6421,170.0357,273.5033,189.1599,214.6803
336,11620745,107.4999,74.5897,75.9749,54.9047,83.289,64.2486,70.6227,48.5288,46.3169,90.0789,68.3541,64.8644,70.7727
337,11620765,68.2573,91.4018,66.0286,104.369,128.5988,171.563,177.0573,105.4026,59.8324,173.0135,100.3825,106.1122,112.6683
338,11620775,20.9533,46.9678,97.2709,67.6568,170.8814,41.1938,81.8526,10.0219,84.3288,68.459,91.643,30.8521,67.6734
339,11650510,57.0538,162.1006,104.3264,72.9647,91.4099,147.1516,210.6513,220.3974,179.6981,170.463,263.1326,261.2394,161.7157
340,11650520,279.0193,280.4992,208.4397,276.3343,335.9535,412.1579,474.5469,555.3884,516.7756,531.452,685.0855,442.8682,416.5434
341,11650530,343.5671,454.0139,274.8911,342.9014,257.3157,502.5147,430.6175,340.3381,469.4347,376.9398,679.1844,707.0611,431.565
342,11650531,242.6186,268.742,199.9685,189.3018,243.3022,199.4658,257.4982,307.7165,298.9239,368.1836,438.9503,380.1877,282.9049
343,11650540,272.5452,279.6448,211.2721,145.5177,176.8069,253.0599,231.5192,290.5838,178.3853,139.0049,277.1624,422.0744,239.7981
344,11650550,13.114,33.2312,24.1435,19.569,61.6026,43.5609,37.2246,41.0776,88.2048,20.2798,26.641,29.3277,36.4981
345,11650560,357.9275,452.7974,259.8935,230.4927,321.194,191.5564,293.4742,254.617,132.7027,241.683,251.51,208.4639,266.3594
346,11650570,43.2852,74.6348,90.6634,78.6806,49.7128,83.0774,69.8008,152.0366,202.1201,95.1878,92.3693,134.1793,97.1457
347,11650580,75.5656,142.8231,105.0317,41.5511,52.7844,113.0619,152.2976,145.3287,135.0101,124.966,200.0663,160.231,120.7265
348,11650581,308.3649,188.916,221.7934,335.2431,266.473,486.703,423.6533,612.619,552.0191,711.4088,498.9853,512.0153,426.5162
349,11650590,188.2699,87.2133,89.5179,108.7372,101.4865,164.9187,196.8913,207.5937,150.8679,98.5803,70.8443,113.2895,131.5176
350,11650600,48.9327,64.7961,98.5185,44.294,87.3288,132.8897,92.5635,106.566,117.9349,94.3216,163.1892,161.528,101.0719
351,11650610,13.1984,59.8234,103.4242,53.3281,46.1315,108.2875,58.2684,105.0,90.185,78.6193,134.6495,107.2745,79.8492
352,11650620,55.1791,173.2711,188.7218,107.7136,116.1647,255.6246,190.2389,116.6252,130.1085,199.5287,157.3066,114.5253,150.4173
353,11650621,154.1866,60.7034,186.1133,130.8479,77.031,144.6915,102.1874,137.5798,166.8663,105.8828,153.337,275.8615,141.274
354,11650651,133.8817,249.8185,206.5764,176.4596,170.9391,149.7099,321.223,258.2328,262.7038,287.7338,644.2098,308.2887,264.1481
355,11650652,101.5531,145.3353,164.3396,139.6915,114.6219,170.9344,134.5357,88.6714,125.749,282.4933,713.2541,337.9734,209.9294
356,11650660,221.612,56.2804,77.4109,150.9341,106.5163,95.6688,132.0132,67.2244,63.336,195.5016,230.0947,224.848,135.12
357,11680510,372.208,430.498,323.787,254.7106,276.1352,482.8508,278.832,480.4232,424.6169,502.4738,561.6516,500.0799,407.3556
358,11680521,585.0154,621.8509,449.2335,535.1075,471.9429,464.6363,589.7227,639.9242,498.8512,453.1359,667.8255,684.6225,555.1557
359,11680531,298.9658,587.0303,350.8415,142.2893,357.782,383.2076,433.6135,485.89,377.624,425.8376,732.9496,541.4217,426.4544
360,11680545,276.8092,262.9545,287.4369,145.4418,231.809,408.1437,399.1564,446.0107,308.5664,345.0405,635.6616,694.2491,370.1067
361,11680565,533.5057,514.4622,511.2208,345.4664,280.1198,453.7469,573.0973,647.5645,499.9386,711.2397,829.2101,793.6236,557.7663
362,11680580,328.7874,433.5554,557.3741,393.8607,463.5823,684.2893,822.0753,753.9928,678.2759,1349.4975,1355.1524,990.7139,734.2631
363,11680590,248.8602,319.9482,277.1299,243.4891,198.5966,291.2421,416.5646,399.1086,451.9481,376.2401,404.7075,452.227,340.0052
364,11680600,36.8466,57.8071,94.093,92.5047,89.729,225.9363,184.491,190.4734,116.9282,78.3963,176.2817,252.7349,133.0185
365,11680610,289.4054,371.111,276.9244,292.8754,483.3888,527.3371,441.2283,382.502,423.2195,644.4059,801.3426,421.1641,446.242
366,11680630,353.5234,234.6596,504.5682,190.536,152.8873,362.8796,181.8359,204.8493,246.3892,188.7309,341.6433,202.6251,263.7606
367,11680640,1160.0882,1310.6357,944.9998,823.4792,941.7709,1289.6555,973.0533,996.4745,1103.9186,1163.4778,1421.3429,1235.9999,1113.7414
368,11680650,436.0348,481.5333,635.9959,480.0134,411.1515,501.3484,419.856,481.4402,369.692,293.7218,401.3334,372.0088,440.3441
369,11680655,179.8234,189.8162,106.4813,226.8768,188.8153,215.7123,251.9321,201.7376,210.4314,309.7129,343.7201,275.8832,225.0786
370,11680656,169.4316,208.8524,181.8151,213.5654,141.2134,272.4225,330.4815,262.61,204.5432,143.726,233.2707,325.473,223.9504
371,11680660,72.4736,76.6537,78.3025,55.9911,33.3975,52.4992,73.3347,106.6731,80.5132,70.5358,77.4046,92.1033,72.4902
372,11680670,129.7751,73.5556,73.4017,76.2195,150.8393,248.5679,153.1258,143.7632,117.0567,174.0364,204.832,203.3068,145.7066
373,11680690,88.457,79.225,223.0985,245.7194,60.623,140.622,56.3739,74.101,104.6915,98.6172,119.1651,138.0737,119.0639
374,11680700,167.3362,113.2999,139.7802,87.6787,136.422,116.8677,199.6258,154.4455,190.1263,168.4546,216.8061,165.6103,154.7044
375,11680720,69.3719,41.235,72.0113,69.4289,110.4974,93.8951,67.4137,156.3755,125.0997,155.5918,171.5943,132.0532,105.3806
376,11680730,77.5466,209.5998,75.0805,20.7376,51.692,83.3202,69.3987,82.0168,27.8887,53.402,137.4346,78.8932,80.5842
377,11680740,53.358,87.5485,44.9806,44.8596,103.885,61.1571,89.5992,99.0728,132.1705,76.4599,177.6364,98.7003,89.119
378,11680750,39.9101,38.9813,81.8734,47.0856,100.31,83.7441,154.9474,69.983,159.6875,77.6333,225.5631,155.1231,102.9035
379,11710510,39.6599,85.299,80.9818,106.2156,67.4676,36.1628,67.7626,31.217,33.3351,40.7531,231.7525,51.2849,72.6577
380,11710520,195.703,73.0295,84.3241,82.7167,141.397,50.4183,81.2155,91.6704,111.9395,102.4484,228.102,298.6023,128.4639
381,11710531,49.3983,20.1357,33.4192,27.0474,28.6155,22.5324,7.3622,29.1257,25.7723,50.1775,32.2059,40.4675,30.5216
382,11710532,24.1822,32.8604,55.3622,41.4534,39.6889,22.4449,82.9406,50.5111,40.0302,50.694,23.4067,25.14,40.7262
383,11710540,51.4929,24.2692,47.3011,78.4289,17.0594,61.7264,27.6297,24.9041,48.214,38.0166,105.2427,23.1359,45.6184
384,11710550,62.0267,66.0758,38.7923,62.5958,30.0777,37.6826,26.4128,40.3878,69.825,70.1624,26.4341,48.7546,48.269
385,11710561,101.2203,110.7608,49.6713,37.8719,96.9811,73.4253,85.6873,63.4408,81.2731,49.6398,223.2229,126.5537,91.6457
386,11710562,212.8379,106.545,102.0187,155.4393,214.0105,410.7251,191.3269,273.6907,109.0389,233.5984,493.1544,233.5154,227.9918
387,11710566,96.0701,91.1655,106.8282,69.8281,148.2515,44.6846,124.8935,93.8829,69.7491,46.0272,102.0729,122.604,93.0048
388,11710570,155.0846,109.8471,58.0167,89.2763,151.3375,155.6211,116.9775,132.6062,88.3175,128.6041,325.215,161.0352,139.3282
389,11710580,49.597,154.6469,85.8346,79.03,179.3613,287.0348,112.1724,170.4423,140.6479,132.2761,261.1613,166.7038,151.5757
390,11710590,74.8232,136.1171,108.7206,78.924,91.3658,101.3705,30.864,104.7623,49.0688,70.1933,218.1376,144.5583,100.7421
391,11710600,159.4793,238.8072,186.9915,402.3929,196.5497,260.6531,205.1678,175.1819,181.9688,129.2932,265.0884,167.8339,214.1173
392,11710610,96.2196,137.3676,77.1769,89.0685,77.2453,162.1305,57.9958,93.0082,125.5881,84.2697,197.3487,109.5876,108.9172
393,11710620,51.2665,120.3292,186.5753,85.2356,85.8618,102.5643,183.5183,202.393,99.5217,178.3133,331.9164,245.8399,156.1113
394,11710631,167.0902,104.0969,83.3399,114.7991,137.7417,243.9951,183.8121,128.6613,98.8856,133.821,162.004,247.7673,150.5012
395,11710632,126.9353,104.8967,92.4301,121.6903,95.6925,70.4689,55.9842,120.9935,108.9988,115.7289,189.8217,111.1508,109.566
396,11710641,106.841,52.0968,98.3353,112.7283,90.2207,142.8671,64.9476,84.5367,205.3392,52.1216,183.6687,143.867,111.4642
397,11710642,160.3246,231.0273,204.4683,164.0641,120.8039,209.1181,155.6719,144.6556,234.1034,228.5244,311.8101,268.2709,202.7369
398,11710646,196.8863,93.228,227.2351,87.1188,76.0322,127.6825,76.6365,79.6815,132.7752,69.6672,154.1203,100.3783,118.4535
399,11710647,198.4434,139.7927,104.5965,69.1614,125.3755,107.7435,174.6171,200.1713,122.5744,143.1653,85.4059,156.0906,135.5948
400,11710650,177.6699,159.3359,111.4474,201.7511,196.3101,151.2453,154.4702,131.6687,121.9474,125.086,288.5763,304.0505,176.9632
401,11710670,102.929,176.4133,158.3601,57.6174,181.4094,172.2084,200.2237,151.4554,112.2918,75.0623,305.75,190.9489,157.0558
402,11710680,202.8178,238.5488,188.1253,229.498,157.2347,680.5843,351.1315,274.9177,303.5064,263.8769,356.6808,451.5526,308.2062
403,11710690,122.11,74.0044,132.4852,152.7116,152.6042,45.8803,95.3565,240.6227,85.1593,105.6996,138.3394,114.7894,121.6469
404,11710710,175.9351,160.1462,116.2712,270.8948,191.9288,391.0033,259.3998,311.6427,220.5321,332.4237,389.8282,295.1477,259.5961
405,11710720,38.5086,85.5272,96.1307,239.5976,93.8548,117.2127,134.6591,85.7044,126.5235,91.6859,139.1032,81.6331,110.8451
406,11740515,169.2152,188.3858,137.0674,44.9453,104.6024,46.5193,153.9856,71.6415,99.5163,64.7732,236.2984,171.8063,124.0631
407,11740520,81.2567,28.5268,65.0836,52.4742,160.0045,139.1557,61.6764,95.6378,99.641,138.8072,171.1191,219.7125,109.4246
408,11740530,26.0459,62.9033,62.6425,39.5532,36.3565,32.2006,93.3611,61.2355,59.5416,36.504,64.0497,55.4697,52.4886
409,11740540,56.0427,20.9209,2.5147,72.4751,47.6825,16.2457,47.3083,43.4203,37.685,33.7183,43.7549,39.1773,38.4121
410,11740550,23.4513,52.3264,71.585,47.1923,36.9099,43.0198,47.4438,64.6667,42.3002,45.4801,90.8393,75.0188,53.3528
411,11740560,64.7533,66.5426,73.1684,59.5955,46.0889,36.395,70.7893,79.0146,13.9062,39.7566,80.5095,93.8625,60.3652
412,11740570,49.878,106.0341,85.0376,79.4952,54.2173,70.1618,49.2482,77.884,99.9315,37.8836,74.1873,69.5706,71.1274
413,11740580,88.0131,22.697,37.5485,24.8288,20.8489,12.7832,92.544,24.3681,44.0746,48.7985,30.4521,31.7284,39.8904
414,11740590,24.8326,39.584,38.3462,40.5697,51.9012,62.9997,81.9315,44.7963,93.9719,26.7895,55.3827,39.3346,50.0367
415,11740600,28.8449,109.6686,84.7804,86.867,83.3579,108.6882,67.7307,42.6787,63.8984,104.5846,81.7379,69.784,77.7184
416,11740610,126.9795,54.9881,114.4351,145.5037,161.5891,235.7618,118.0566,246.4755,129.32,177.6429,235.6437,188.9486,161.2787
417,11740620,55.0579,113.3295,52.3155,68.7867,120.7322,103.5336,36.6936,102.7506,145.9352,61.2473,35.4181,60.2627,79.6719
418,11740640,66.029,147.0711,87.7534,44.2106,107.8963,85.1479,27.3142,56.5722,74.8383,96.958,92.2385,67.8269,79.488
419,11740650,111.7412,104.2428,60.105,57.2259,78.5255,37.4291,79.4165,76.7739,129.3417,107.6638,264.5618,50.1491,96.4314
420,11740660,68.7487,110.3774,102.944,54.2485,40.9356,80.1349,25.1773,46.7788,98.5591,93.708,110.1775,70.7104,75.2084
421,11740685,74.0467,135.7976,106.8432,102.0257,103.5206,130.8387,145.9237,169.6924,159.2158,163.5553,167.9231,115.2124,131.2163
422,11740690,24.0977,19.5837,18.8067,23.2688,19.3668,15.8905,14.1664,30.76,28.8837,38.7188,13.1633,27.7705,22.8731
423,11740700,90.925,36.1511,68.0024,22.9346,58.6409,69.1134,80.0161,37.9875,66.184,66.5239,65.8089,118.3973,65.0571
