,상권_코드,개업률_평균,폐업률_평균
0,2110001,2.3667,5.3
1,2110002,1.2778,2.3361
2,2110003,2.8797,2.3474
3,2110004,5.1282,1.359
4,2110005,0.4231,2.5449
5,2110006,3.925,3.8833
6,2110007,10.2493,5.5637
7,2110008,3.2407,4.5648
8,2110009,3.6169,4.5104
9,2110010,2.3796,2.1018
10,2110011,4.9888,0.0
11,2110012,2.8866,4.1111
12,2110013,5.3958,3.2986
13,2110014,4.2292,3.3333
14,2110015,0.8333,1.375
15,2110016,2.6694,4.4983
16,2110017,0.0,1.7544
17,2110018,2.0555,2.7361
18,2110019,3.7169,1.6535
19,2110020,2.1458,3.1979
20,2110021,5.1342,5.458
21,2110022,3.9348,1.022
22,2110023,5.081,5.8831
23,2110024,3.6239,0.7292
24,2110025,0.6945,3.0555
25,2110026,0.0,0.0
26,2110027,3.4042,3.4889
27,2110028,2.6852,2.3241
28,2110029,7.5752,6.5606
29,2110030,1.3125,2.375
30,2110031,2.1333,3.7167
31,2110032,3.3333,10.4722
32,2110033,3.2639,1.9444
33,2110034,0.0,2.7917
34,2110035,4.289,2.7171
35,2110036,2.7709,1.3854
36,2110037,5.1627,4.9583
37,2110038,3.1019,4.0185
38,2110039,7.3796,3.787
39,2110040,3.0958,1.9558
40,2110041,1.3809,0.6191
41,2110042,2.4583,1.3565
42,2110043,1.4107,2.3348
43,2110044,0.0,0.6944
44,2110045,4.2841,4.1742
45,2110046,17.7778,0.0
46,2110047,5.5,3.3333
47,2110048,7.5239,7.5616
48,2110049,7.5775,3.1917
49,2110050,7.4542,1.4558
50,2110051,5.0224,3.8889
51,2110052,1.5104,1.0938
52,2110053,5.209,3.0687
53,2110054,5.8426,4.9167
54,2110055,0.0,0.0
55,2110056,7.4677,4.1196
56,2110057,2.373,1.8234
57,2110058,1.7037,2.1945
58,2110059,2.0208,2.3958
59,2110060,4.5694,5.0159
60,2110061,4.1199,4.5197
61,2110062,4.5463,5.1481
62,2110063,5.3576,3.1551
63,2110064,2.4167,3.5105
64,2110065,0.0,2.7778
65,2110066,3.8333,3.3704
66,2110067,2.3048,3.5179
67,2110068,2.4444,4.4167
68,2110069,4.5463,4.1296
69,2110070,1.3889,0.0
70,2110071,1.9402,2.7323
71,2110072,3.5714,5.4583
72,2110073,13.1746,2.1746
73,2110074,2.8889,4.4259
74,2110075,4.8212,3.3572
75,2110076,3.7146,4.3069
76,2110077,2.1562,5.0625
77,2110078,1.7326,3.9179
78,2110079,3.0185,3.5833
79,2110080,3.213,5.2222
80,2110081,5.9867,4.4476
81,2110082,3.8796,5.8333
82,2110083,2.25,0.0
83,2110084,3.1389,4.6574
84,2110085,2.463,5.5741
85,2110086,2.3586,2.4221
86,2110087,2.0032,2.9278
87,2110088,2.9444,1.6852
88,2110089,3.8144,4.62
89,2110090,3.3415,2.5317
90,2110091,6.2718,4.4802
91,2110092,2.0278,1.8889
92,2110093,5.8341,2.8341
93,2110094,4.9571,4.4103
94,2110095,2.963,1.3982
95,2110096,1.3889,1.5
96,2110097,4.1667,0.0
97,2110098,5.2024,5.0357
98,2110099,4.2708,0.0
99,2110100,6.6924,4.7316
100,2110101,3.328,1.7857
101,2110102,3.5209,6.4792
102,2110103,3.4226,1.7544
103,2110104,3.4137,5.1607
104,2110105,5.5764,3.8044
105,2110106,4.9378,4.1667
106,2110107,3.9888,1.7715
107,2110108,3.5714,3.1667
108,2110109,3.5126,4.6746
109,2110110,5.6518,5.1202
110,2110111,7.197,0.0
111,2110112,4.1667,4.1111
112,2110113,1.7457,2.377
113,2110114,3.7589,1.5873
114,2110115,3.2523,5.7489
115,2110116,3.2222,0.6944
116,2110117,6.9653,5.322
117,2110118,5.0857,3.1167
118,2110119,3.125,0.0
119,2110120,9.627,4.4961
120,2110121,3.7533,4.8695
121,2110122,3.0714,2.4166
122,2110123,2.2126,3.4934
123,2110124,6.5,2.9524
124,2110125,2.8426,3.8982
125,2110126,9.3282,5.7405
126,2110127,5.1609,3.8598
127,2110128,6.3704,4.3333
128,2110129,4.75,1.9524
129,2110130,2.7917,7.3125
130,2110131,6.1389,2.6204
131,2110132,7.1638,4.5143
132,2110133,3.3208,0.5042
133,2110134,6.9526,4.5104
134,2110135,2.5416,5.0521
135,2110136,4.287,3.8241
136,2110137,7.7601,6.5143
137,2110138,2.3691,2.6071
138,2110139,5.4259,3.0926
139,2110140,5.0648,3.463
140,2110141,4.7981,3.0197
141,2110142,4.4259,4.4815
142,2110143,4.2831,3.6155
143,2110144,3.1232,3.7596
144,2110145,3.4506,0.9167
145,2110146,3.0859,2.2895
146,2110147,5.4303,4.966
147,2110148,2.5625,4.1339
148,2110149,2.7941,3.3016
149,2110150,4.8678,5.1595
150,2110151,5.3796,4.2098
151,2110152,3.5167,4.8667
152,2110153,8.0241,4.442
153,2110154,4.0741,3.463
154,2110155,6.3873,5.2046
155,2110156,6.5596,5.0119
156,2110157,3.1759,5.9815
157,2110158,4.0185,5.2778
158,2110159,6.4908,7.0278
159,2110160,5.7639,2.5556
160,2110161,6.7635,4.3873
161,2110162,4.4717,3.8333
162,2110163,3.75,3.3704
163,2110164,8.0014,2.8519
164,2110165,4.1465,4.1642
165,2110166,5.4463,3.6193
166,2110167,5.4377,4.0547
167,2110168,4.3485,2.6945
168,2110169,1.2083,2.5104
169,2110170,9.2,5.8722
170,2110171,3.125,6.25
171,2110172,6.1411,2.8667
172,2110173,2.8009,5.0031
173,2110174,5.54,4.8281
174,2110175,6.2799,3.7805
175,2110176,6.5425,5.1182
176,2110177,5.5044,2.1086
177,2110178,5.0174,3.4707
178,2110179,2.6442,4.2529
179,2110180,3.8796,6.463
180,2110181,1.6694,2.3134
181,2110182,1.75,3.3333
182,2110183,2.5833,3.6667
183,2110184,5.0,3.3333
184,2110185,5.206,0.3542
185,2110186,2.4167,4.4375
186,2110187,3.842,2.7309
187,2110188,2.7419,3.6852
188,2110189,5.8681,4.2014
189,2110190,5.3438,5.7325
190,2110191,5.1667,8.1111
191,2110192,3.244,7.9742
192,2110193,2.556,3.2644
193,2110194,4.6042,4.0917
194,2110195,3.9257,3.4573
195,2110196,3.3704,2.8333
196,2110197,5.5849,3.2792
197,2110198,0.875,0.4167
198,2110199,4.8778,8.6202
199,2110200,0.4167,0.7194
200,2110201,4.287,1.213
201,2110202,5.9436,3.9828
202,2110203,5.502,1.4544
203,2110204,5.366,4.3752
204,2110205,3.8333,5.6019
205,2110206,7.1841,4.5052
206,2110207,2.4352,4.4629
207,2110208,9.5556,8.8175
208,2110209,6.4308,5.3141
209,2110210,2.4303,1.3488
210,2110211,6.224,5.3643
211,2110212,4.1822,6.6065
212,2110213,1.131,1.5625
213,2110214,2.8398,3.4532
214,2110215,4.7813,5.5
215,2110216,6.2291,3.7891
216,2110217,9.2195,1.3869
217,2110218,4.0937,5.8125
218,2110219,4.5487,4.7956
219,2110220,2.8611,4.3611
220,2110221,4.0943,4.6251
221,2110222,6.7209,5.0668
222,2110223,9.8148,4.6204
223,2110224,2.1297,7.7449
224,2110225,6.4593,3.5399
225,2110226,4.2315,3.4815
226,2110227,3.0714,3.4286
227,2110228,4.785,4.0
228,2110229,5.2407,4.2222
229,2110230,5.8982,4.7572
230,2110231,3.0303,0.0
231,2110232,3.6945,3.4352
232,2110233,3.8093,2.223
233,2110234,2.6458,4.9062
234,2110235,8.3334,6.4815
235,2110236,4.1863,3.8426
236,2110237,3.8982,5.7963
237,2110238,2.7639,1.375
238,2110239,6.9458,5.2792
239,2110240,5.7467,3.0667
240,2110241,6.3813,4.867
241,2110242,5.0566,2.8781
242,2110243,5.0648,4.037
243,2110244,6.1019,9.213
244,2110245,2.6818,0.0
245,2110246,4.0972,3.1528
246,2110247,4.6111,4.4039
247,2110248,7.6595,0.4167
248,2110249,4.5521,4.8854
249,2110250,4.3413,4.2362
250,2110251,4.9722,5.5
251,2110252,7.2381,4.6548
252,2110253,6.0436,4.6579
253,2110254,7.3423,3.9688
254,2110255,7.908,4.0175
255,2110256,8.0738,3.8097
256,2110257,8.2958,2.9709
257,2110258,5.7404,5.1645
258,2110259,3.6944,3.3148
259,2110260,7.4976,5.0409
260,2110261,5.5617,4.5766
261,2110262,6.1458,5.6458
262,2110263,4.4306,3.9028
263,2110264,4.8912,4.0509
264,2110265,5.9815,6.9907
265,2110266,4.5926,5.1852
266,2110267,4.2288,4.1796
267,2110268,5.6635,4.23
268,2110269,7.1422,5.7184
269,2110270,6.0994,5.8217
270,2110271,0.1875,0.8958
271,2110272,3.3704,4.0833
272,2110273,4.7193,4.796
273,2110274,5.3021,3.3588
274,2110275,4.8877,3.6782
275,2110276,6.1699,5.1282
276,2110277,6.122,2.9434
277,2110278,4.8877,4.6562
278,2110279,12.2037,0.0
279,2110280,0.0,1.5833
280,2110281,1.625,1.3889
281,2110282,2.5625,5.1771
282,2110283,3.6667,5.3611
283,2110284,5.0625,6.7917
284,2110285,3.7381,4.626
285,2110286,3.9583,3.9062
286,2110287,3.4289,2.3078
287,2110288,3.5476,3.4166
288,2110289,6.3956,2.2396
289,2110290,5.1767,1.3889
290,2110291,2.4346,5.9801
291,2110292,5.655,5.1452
292,2110293,4.4679,5.3279
293,2110294,5.5633,4.8944
294,2110295,5.011,5.5458
295,2110296,5.1458,1.9584
296,2110297,6.7931,2.4742
297,2110298,1.7667,3.2215
298,2110299,6.2619,3.5
299,2110300,5.0924,4.4674
300,2110301,4.9234,5.3107
301,2110302,4.2188,4.4792
302,2110303,6.2315,6.9074
303,2110304,5.6296,4.053
304,2110305,4.4576,3.5229
305,2110306,9.2096,6.4235
306,2110307,1.3113,6.2708
307,2110308,2.7434,3.4349
308,2110309,1.5714,5.2083
309,2110310,0.0,0.0
310,2110311,0.0,0.0
311,2110312,3.4167,4.7593
312,2110313,2.8426,3.8241
313,2110314,2.8958,5.1215
314,2110315,7.5805,4.2443
315,2110316,3.1667,3.6019
316,2110317,2.5119,3.1191
317,2110318,4.9167,4.2084
318,2110319,6.4619,4.0708
319,2110320,1.4493,0.0
320,2110321,6.1111,5.0
321,2110322,4.0917,3.1341
322,2110323,4.8086,2.7646
323,2110324,4.0441,0.0
324,2110325,3.188,1.1692
325,2110326,0.4583,0.0
326,2110327,6.4107,4.4345
327,2110328,3.4167,2.0417
328,2110329,6.7667,3.3689
329,2110330,2.5741,2.8241
330,2110331,2.6204,3.5926
331,2110332,5.1299,2.3833
332,2110333,4.122,3.5175
333,2110334,2.2738,4.0238
334,2110335,3.7129,3.5648
335,2110336,2.7667,1.8833
336,2110337,3.5752,6.0011
337,2110338,1.5714,1.4293
338,2110339,5.135,2.8667
339,2110340,3.6,3.8833
340,2110341,1.4778,3.5472
341,2110342,7.3761,6.558
342,2110343,3.1306,3.3944
343,2110344,2.0809,3.0748
344,2110345,2.4524,2.8408
345,2110346,3.2655,4.208
346,2110348,1.9422,1.8229
347,2110349,5.2999,3.4645
348,2110350,2.5268,3.6384
349,2110351,5.9536,4.0217
350,2110352,5.2678,4.3376
351,2110353,4.9456,4.4108
352,2110354,4.8896,6.6607
353,2110355,1.2262,1.0714
354,2110356,2.9861,4.5695
355,2110357,5.4197,5.1739
356,2110358,4.8226,6.2463
357,2110359,5.4659,3.1231
358,2110360,4.4896,3.2627
359,2110361,2.4067,6.1515
360,2110362,5.2261,3.8454
361,2110363,6.4554,1.7361
362,2110364,3.8688,2.2822
363,2110365,3.8195,4.1944
364,2110366,7.8207,5.082
365,2110367,7.3505,3.7648
366,2110368,7.5438,4.4342
367,2110369,5.0788,5.1
368,2110370,6.2134,4.9242
369,2110371,4.4539,3.4447
370,2110372,4.2094,3.4745
371,2110373,3.9762,3.5
372,2110374,6.4127,5.1103
373,2110375,0.0,2.1983
374,2110376,5.4537,3.5741
375,2110377,5.4479,4.7574
376,2110378,6.1784,4.8905
377,2110379,0.9028,0.4722
378,2110380,14.052,2.6983
379,2110381,1.6667,4.8667
380,2110382,3.2619,4.8572
381,2110383,4.766,6.1528
382,2110384,4.7619,0.0
383,2110385,0.0,0.0
384,2110386,3.8638,2.7736
385,2110387,3.2917,4.1771
386,2110388,3.8611,3.8179
387,2110389,4.9167,4.5509
388,2110390,6.1431,4.1498
389,2110391,5.88,5.1328
390,2110392,3.121,3.1571
391,2110393,2.5714,1.8214
392,2110394,5.481,4.8886
393,2110395,8.2678,3.6565
394,2110396,4.6928,3.8434
395,2110397,3.4498,1.7638
396,2110398,3.8796,5.0185
397,2110399,4.5247,4.2411
398,2110400,6.0093,6.25
399,2110401,1.8634,2.9692
400,2110402,8.0962,4.9311
401,2110403,5.485,6.4549
402,2110404,5.9815,4.5555
403,2110405,5.7828,5.8984
404,2110406,3.605,2.8202
405,2110407,2.8981,1.2963
406,2110408,1.6759,4.4722
407,2110409,3.7187,5.3855
408,2110410,2.8704,4.9815
409,2110411,2.4546,5.3651
410,2110412,1.4872,0.0
411,2110413,6.3131,3.8717
412,2110414,3.3333,3.3333
413,2110415,2.9908,4.6667
414,2110416,3.8148,3.7407
415,2110417,4.2049,5.604
416,2110418,2.4628,3.0387
417,2110419,3.287,3.4908
418,2110420,4.5671,4.3541
419,2110421,3.7407,3.6389
420,2110422,4.2232,3.8616
421,2110423,2.5098,5.2369
422,2110424,6.7407,7.6296
423,2110425,5.5,3.4444
424,2110426,6.6394,4.5532
425,2110427,1.3833,5.0
426,2110428,7.485,4.4132
427,2110429,3.5741,5.5833
428,2110430,4.5926,2.5617
429,2110431,3.7129,4.2222
430,2110432,5.1327,4.9677
431,2110433,6.1296,7.0
432,2110434,3.108,2.6045
433,2110435,3.1368,4.8965
434,2110436,3.5917,0.8167
435,2110437,3.876,1.1521
436,2110438,6.0278,5.5834
437,2110439,2.0909,0.8923
438,2110440,1.9608,3.6275
439,2110441,4.7185,4.5375
440,2110442,4.6987,6.2276
441,2110443,0.0,0.0
442,2110444,0.9524,3.7037
443,2110445,23.0,1.4293
444,2110446,5.5963,4.809
445,2110447,13.8889,3.7037
446,2110448,5.3662,4.1572
447,2110449,2.7268,2.4944
448,2110450,6.0278,6.2315
449,2110451,4.1771,4.6979
450,2110452,4.7952,5.453
451,2110453,3.3809,4.8333
452,2110454,7.1885,5.4464
453,2110455,5.2373,6.3009
454,2110456,7.2062,4.5359
455,2110457,4.0298,4.8266
456,2110458,7.9426,4.4717
457,2110459,5.0373,5.4784
458,2110460,7.396,4.3592
459,2110461,6.4524,5.5
460,2110462,6.6878,6.2975
461,2110463,4.6159,5.6949
462,2110464,4.5521,4.7291
463,2110465,5.4058,4.2964
464,2110466,6.9163,6.5626
465,2110467,6.4301,3.4806
466,2110468,4.9537,5.4444
467,2110469,5.4907,4.4815
468,2110470,4.3245,3.7059
469,2110471,4.5833,2.6459
470,2110472,3.9444,2.4074
471,2110473,5.5833,6.2917
472,2110474,7.6769,4.7392
473,2110475,7.1313,2.5203
474,2110476,5.0555,4.6825
475,2110477,2.2604,4.375
476,2110478,7.3034,3.6574
477,2110479,7.889,7.0507
478,2110480,1.4697,4.9061
479,2110481,3.3715,4.1137
480,2110482,8.7206,5.2977
481,2110483,4.0937,2.5232
482,2110484,5.2074,5.7785
483,2110485,2.375,2.9687
484,2110486,5.2418,4.5571
485,2110487,5.1362,0.6775
486,2110488,5.7802,6.557
487,2110489,10.1031,4.8503
488,2110490,2.8833,4.9
489,2110491,2.8667,4.4167
490,2110492,9.6877,2.2842
491,2110493,6.3622,3.9739
492,2110494,0.0,0.0
493,2110495,5.7146,6.2113
494,2110496,5.6018,5.7871
495,2110497,3.7442,3.6386
496,2110498,4.1785,3.3334
497,2110499,2.1801,4.6607
498,2110500,1.375,2.0833
499,2110501,2.425,3.75
500,2110502,4.1835,3.7014
501,2110503,6.3796,4.5648
502,2110504,6.6667,0.0
503,2110505,6.6138,0.7857
504,2110506,7.3198,2.7313
505,2110507,3.8518,2.9722
506,2110508,4.7016,3.2635
507,2110509,4.3796,4.9722
508,2110510,4.1891,5.296
509,2110511,4.012,5.1055
510,2110512,2.3414,1.7619
511,2110513,3.0903,2.4989
512,2110514,3.0682,2.6982
513,2110515,3.6945,3.6944
514,2110516,7.5694,0.0
515,2110517,1.9683,1.5968
516,2110518,2.4608,1.9608
517,2110519,2.7217,4.879
518,2110520,3.0066,3.5287
519,2110521,2.1217,2.545
520,2110522,4.9418,1.9981
521,2110523,3.6945,1.3889
522,2110524,2.4907,4.4815
523,2110525,4.4048,2.2381
524,2110526,3.2503,2.0241
525,2110527,2.8426,1.9167
526,2110528,1.8519,2.6481
527,2110529,5.7097,2.4559
528,2110530,6.1616,1.5241
529,2110531,3.3333,0.0
530,2110532,0.8472,1.8055
531,2110533,16.6667,0.0
532,2110534,0.5714,2.821
533,2110535,1.8,2.2167
534,2110536,4.227,1.2802
535,2110537,2.4908,3.6945
536,2110538,5.8323,5.1946
537,2110539,3.8336,3.4538
538,2110540,4.2227,5.3333
539,2110541,5.842,4.6466
540,2110542,4.2402,5.3174
541,2110543,3.7375,2.2167
542,2110544,5.7037,4.6111
543,2110545,4.4815,3.8426
544,2110546,3.5,2.7619
545,2110547,7.3704,6.6852
546,2110548,3.6103,2.6638
547,2110549,4.3333,5.5417
548,2110550,3.5926,3.7037
549,2110551,4.8146,4.5687
550,2110552,6.2823,4.105
551,2110553,5.6424,5.4196
552,2110554,5.7592,7.7315
553,2110555,5.3386,2.4663
554,2110556,12.3293,0.0
555,2110557,5.5741,4.9444
556,2110558,7.1852,5.2222
557,2110559,5.531,4.2554
558,2110560,1.3437,2.5
559,2110561,4.213,5.3333
560,2110562,5.8796,4.6019
561,2110563,4.4524,3.6667
562,2110564,6.3519,6.4166
563,2110565,2.6892,3.372
564,2110566,4.6111,5.4352
565,2110567,4.75,3.7411
566,2110568,6.1378,4.6261
567,2110569,4.6852,4.4907
568,2110570,5.1186,3.8333
569,2110571,5.6046,4.642
570,2110572,3.9445,4.713
571,2110573,5.0318,5.8333
572,2110574,1.6667,4.1667
573,2110575,2.0083,3.2
574,2110576,5.2407,5.7685
575,2110577,6.371,6.8641
576,2110578,3.9734,3.2234
577,2110579,6.3577,3.9885
578,2110580,5.0253,5.2723
579,2110581,1.1905,1.1905
580,2110582,4.794,2.4254
581,2110583,1.4484,2.7133
582,2110584,7.2199,1.7544
583,2110585,3.5727,6.5273
584,2110586,3.3519,5.7685
585,2110587,3.0876,4.7676
586,2110588,5.4009,1.9496
587,2110589,2.2167,1.6667
588,2110590,2.1786,2.2262
589,2110591,1.2778,0.6944
590,2110592,1.6984,2.6825
591,2110593,5.2014,4.8789
592,2110594,6.6404,5.1203
593,2110595,4.6902,5.646
594,2110596,3.0714,1.534
595,2110597,5.7159,7.1183
596,2110598,4.6383,5.2674
597,2110599,3.6428,3.2976
598,2110600,6.7028,4.0861
599,2110601,3.3878,3.2708
600,2110602,6.6491,6.9675
601,2110603,3.9749,3.7853
602,2110604,3.5953,3.5715
603,2110605,2.7361,2.9445
604,2110606,4.601,2.4102
605,2110607,6.3776,1.4662
606,2110608,4.0699,4.6411
607,2110609,1.3889,0.0
608,2110610,0.7246,1.7663
609,2110611,7.42,6.4463
610,2110612,6.846,3.4227
611,2110613,2.7381,5.6746
612,2110614,2.0377,1.8301
613,2110615,4.011,1.2518
614,2110616,9.4451,2.4235
615,2110617,6.7137,5.8462
616,2110618,7.6418,6.8172
617,2110619,8.2333,10.0167
618,2110620,4.6456,4.3333
619,2110621,3.5,3.0313
620,2110622,7.3848,3.8775
621,2110623,3.7037,0.0
622,2110624,1.4272,4.2982
623,2110625,4.7963,4.4537
624,2110626,4.2681,2.6377
625,2110627,6.381,4.1024
626,2110628,4.1568,2.248
627,2110629,2.4445,2.375
628,2110630,3.5287,1.621
629,2110631,4.4202,4.7707
630,2110632,6.0238,4.4062
631,2110633,2.5833,2.1771
632,2110634,4.1852,5.6389
633,2110635,3.2917,4.0313
634,2110636,3.9524,5.3214
635,2110637,7.9965,6.5542
636,2110638,5.8603,4.4834
637,2110639,6.6662,4.8648
638,2110640,2.695,1.6623
639,2110641,3.4524,1.8929
640,2110642,1.3889,2.7778
641,2110643,6.3913,6.7445
642,2110644,0.0,0.0
643,2110645,4.3464,4.5959
644,2110646,7.544,6.8206
645,2110647,5.1759,3.4167
646,2110648,11.2153,6.5764
647,2110649,5.836,4.6673
648,2110650,7.5961,5.0252
649,2110651,6.2085,5.0346
650,2110652,7.178,3.364
651,2110653,3.4749,4.1368
652,2110654,5.9352,5.6389
653,2110655,5.4167,7.5648
654,2110656,3.3333,2.7129
655,2110657,5.1563,5.4792
656,2110658,2.25,5.5
657,2110659,3.4723,5.0741
658,2110660,4.6482,5.6759
659,2110661,6.7987,3.3783
660,2110662,4.0648,3.8426
661,2110663,3.939,4.7292
662,2110664,3.4003,4.0015
663,2110665,5.4249,3.9951
664,2110666,5.8942,4.4974
665,2110667,5.5833,9.7037
666,2110668,4.9327,5.4417
667,2110669,6.1639,4.7278
668,2110670,4.7632,3.3297
669,2110671,5.0648,4.8055
670,2110672,1.9444,4.8611
671,2110673,3.7659,3.4762
672,2110674,4.216,2.1739
673,2110675,13.0261,5.2122
674,2110676,5.2997,4.3491
675,2110677,5.4561,5.9551
676,2110678,0.0,1.6667
677,2110679,3.2982,0.6622
678,2110680,5.3586,5.3831
679,2110681,2.7953,1.0111
680,2110682,3.3723,0.0
681,2110683,6.4284,5.9781
682,2110684,5.7718,6.2321
683,2110685,6.6667,0.0
684,2110686,5.5312,6.5313
685,2110687,4.9541,2.242
686,2110688,8.857,8.4539
687,2110689,2.8052,3.7509
688,2110690,6.6667,5.1019
689,2110691,6.0595,9.0952
690,2110692,0.7611,3.1278
691,2110693,0.5373,2.375
692,2110694,4.6713,3.5347
693,2110695,4.9722,4.3518
694,2110696,0.7246,1.4493
695,2110697,6.6905,8.7899
696,2110698,1.9375,1.8874
697,2110699,2.6875,3.0104
698,2110700,3.2968,1.519
699,2110701,2.4116,1.2698
700,2110702,5.1032,3.5569
701,2110703,3.3519,4.7222
702,2110704,0.0,1.875
703,2110705,2.2222,0.0
704,2110706,3.9537,4.3056
705,2110707,1.5833,2.5417
706,2110708,2.9493,2.5211
707,2110709,5.9835,5.6042
708,2110710,2.841,3.3541
709,2110711,6.3959,3.5262
710,2110712,5.117,3.7365
711,2110713,4.5417,2.3125
712,2110714,5.0087,3.9919
713,2110715,5.67,4.2254
714,2110716,3.5833,4.4896
715,2110717,3.7963,3.2592
716,2110718,4.6759,3.3796
717,2110719,0.0,0.0
718,2110720,3.3966,4.1266
719,2110721,2.2222,3.2593
720,2110722,3.6574,1.25
721,2110723,3.5873,3.1347
722,2110724,3.8918,3.2559
723,2110725,3.8325,2.3207
724,2110726,6.5913,3.5714
725,2110727,8.2466,4.6191
726,2110728,2.725,3.173
727,2110729,3.9688,3.0104
728,2110730,7.0861,4.4966
729,2110731,4.5625,2.4468
730,2110732,2.8611,2.8733
731,2110733,4.733,0.0
732,2110734,3.2222,1.3889
733,2110735,4.3542,5.6771
734,2110736,4.7083,3.8958
735,2110737,3.8333,6.4
736,2110738,8.9519,6.4182
737,2110739,2.4611,0.6516
738,2110740,6.7714,4.9638
739,2110741,6.4772,3.29
740,2110742,2.9928,3.7577
741,2110743,5.8333,7.0119
742,2110744,4.5209,4.4075
743,2110745,4.1861,3.5799
744,2110746,6.1633,5.5096
745,2110747,4.3962,3.7521
746,2110748,4.8542,6.8646
747,2110749,4.8929,5.8214
748,2110750,5.8655,2.2068
749,2110751,12.1512,5.9086
750,2110752,4.7812,4.8646
751,2110753,2.3426,2.5278
752,2110754,6.3056,5.9492
753,2110755,6.5866,3.6369
754,2110756,3.0729,4.7187
755,2110757,6.4907,9.4444
756,2110758,2.8056,1.6389
757,2110759,5.9537,3.6574
758,2110760,3.7912,4.801
759,2110761,0.0,0.0
760,2110762,3.5278,5.2315
761,2110763,3.7037,5.1667
762,2110764,7.6389,0.0
763,2110765,5.7713,4.9111
764,2110766,5.381,3.0997
765,2110767,3.3553,5.3465
766,2110768,1.75,2.5
767,2110769,3.3958,1.5208
768,2110770,4.7958,3.9299
769,2110771,11.7896,9.7222
770,2110772,0.0,0.0
771,2110773,2.5,1.6667
772,2110774,4.5005,3.6229
773,2110775,3.7361,4.0139
774,2110776,2.0833,4.3056
775,2110777,1.3528,3.7278
776,2110778,5.1759,4.1678
777,2110779,7.4006,8.8141
778,2110780,2.9643,4.1548
779,2110781,4.4583,4.125
780,2110782,3.1766,0.8571
781,2110783,3.5092,3.6667
782,2110784,3.6294,5.2752
783,2110785,5.6065,4.868
784,2110786,2.0833,2.1667
785,2110787,5.7719,3.7734
786,2110788,1.6422,5.4667
787,2110789,3.9896,6.4687
788,2110790,6.0532,3.6781
789,2110791,2.6369,5.9662
790,2110792,3.5729,4.4375
791,2110793,0.6944,6.4722
792,2110794,2.5417,3.1771
793,2110795,4.0985,2.0833
794,2110796,2.3686,4.3143
795,2110797,3.8125,1.0417
796,2110798,1.6667,1.6667
797,2110799,3.7917,3.2847
798,2110800,3.8611,0.8611
799,2110801,2.5641,0.0
800,2110802,2.9072,3.0838
801,2110803,7.9643,4.2381
802,2110804,3.933,4.7797
803,2110805,6.0667,4.2
804,2110806,4.1667,0.0
805,2110807,4.3278,4.5694
806,2110808,0.8646,2.8646
807,2110809,3.7143,5.7857
808,2110810,5.0741,5.4907
809,2110811,5.7271,3.0852
810,2110812,4.1175,5.6739
811,2110813,5.8542,3.7619
812,2110814,4.7304,4.6767
813,2110815,2.5926,3.4259
814,2110816,2.6428,2.6309
815,2110817,4.803,3.2015
816,2110818,5.8958,5.2083
817,2110819,4.2188,4.1354
818,2110820,5.8927,5.7081
819,2110821,3.7857,2.9167
820,2110822,5.1435,2.7778
821,2110823,4.1551,5.5405
822,2110824,2.3646,2.6145
823,2110825,5.841,4.7181
824,2110826,5.9601,8.4905
825,2110827,3.8875,4.0021
826,2110828,3.0194,3.2954
827,2110829,2.7606,6.9109
828,2110830,4.9237,5.3056
829,2110831,2.0476,3.0714
830,2110832,1.5833,2.5699
831,2110833,5.4863,2.2066
832,2110834,2.4497,1.421
833,2110835,3.7917,3.4445
834,2110836,3.1759,4.8148
835,2110837,4.1481,3.7408
836,2110838,0.5376,1.1905
837,2110839,1.9537,2.3704
838,2110840,2.8704,4.0
839,2110841,0.0,0.0
840,2110842,5.054,3.9687
841,2110843,4.0609,2.4942
842,2110844,2.5641,0.0
843,2110845,4.3889,2.7778
844,2110846,3.4387,4.0099
845,2110847,2.7222,7.25
846,2110848,4.4167,4.2143
847,2110849,6.5266,4.5595
848,2110850,4.8704,4.8889
849,2110851,1.9145,1.9189
850,2110852,4.9571,8.7639
851,2110853,7.6674,5.5418
852,2110854,2.0743,1.4191
853,2110855,4.0558,4.168
854,2110856,3.7978,4.5288
855,2110857,2.0754,3.5635
856,2110858,4.1834,4.657
857,2110859,4.625,4.1667
858,2110860,2.8055,2.7083
859,2110861,6.0757,3.6574
860,2110862,6.3583,9.4333
861,2110863,3.8056,3.3241
862,2110864,5.5023,2.875
863,2110865,6.0833,4.3611
864,2110866,5.6257,5.7582
865,2110867,4.9819,3.4393
866,2110868,6.7368,4.3261
867,2110869,5.3982,3.4259
868,2110870,1.6667,1.6667
869,2110871,6.0512,4.1763
870,2110872,4.2381,2.381
871,2110873,5.5555,3.7685
872,2110874,4.5048,2.0132
873,2110875,8.0049,5.2559
874,2110876,6.5283,4.1855
875,2110877,6.091,5.3225
876,2110878,1.1528,2.5417
877,2110879,3.1777,2.5494
878,2110880,2.1875,2.6667
879,2110881,5.25,5.4259
880,2110882,4.5106,3.6228
881,2110883,5.75,5.7685
882,2110884,6.9107,8.4182
883,2110885,5.7205,4.2068
884,2110886,7.0833,6.9926
885,2110887,3.6994,4.9315
886,2110888,6.6174,4.081
887,2110889,6.7961,2.1965
888,2110890,3.9438,2.2733
889,2110891,4.9167,10.2278
890,2110892,5.2871,4.0833
891,2110893,0.0,0.6944
892,2110894,5.5556,0.0
893,2110895,5.8241,4.9259
894,2110896,4.4603,2.2044
895,2110897,7.8245,2.8044
896,2110898,2.8935,2.8935
897,2110899,7.8125,4.0509
898,2110900,5.3321,5.9075
899,2110901,4.5818,4.9016
900,2110902,2.9537,3.0648
901,2110903,6.4992,4.6727
902,2110904,5.1457,2.8661
903,2110905,3.2191,2.5417
904,2110906,12.5,12.5
905,2110907,3.7457,3.0093
906,2110908,0.7931,3.3385
907,2110909,5.5183,2.7835
908,2110910,2.6905,7.7381
909,2110912,2.6354,1.1979
910,2110913,0.6111,1.6667
911,2110914,0.0,4.8697
912,2110915,1.3929,2.2619
913,2110916,2.6928,3.5422
914,2110917,0.0,2.5926
915,2110918,5.5371,2.4605
916,2110919,6.4412,2.3301
917,2110920,0.0,0.0
918,2110921,3.766,2.8629
919,2110922,7.6587,5.2083
920,2110923,0.0,0.0
921,2110924,3.6018,3.5648
922,2110925,1.7,3.5584
923,2110926,2.2143,3.869
924,2110927,3.2928,9.3921
925,2110928,5.7941,3.8451
926,2110929,3.9222,3.0139
927,2110930,4.7556,3.7197
928,2110931,5.2395,4.3239
929,2110932,3.6944,4.1667
930,2110933,1.5152,0.0
931,2110934,4.4433,2.6933
932,2110935,3.8512,7.3413
933,2110936,3.7381,3.6191
934,2110937,1.3833,3.05
935,2110938,1.3021,1.9271
936,2110939,4.1759,4.3148
937,2110940,3.4947,3.9641
938,2110941,5.1947,1.2564
939,2110942,2.9907,4.7407
940,2110943,2.875,2.9271
941,2110944,4.1667,2.7778
942,2110945,6.9649,6.9627
943,2110946,1.2415,2.8526
944,2110947,7.6319,0.2222
945,2110949,4.5236,3.5805
946,2110950,19.6076,2.6983
947,2110951,4.9603,4.7282
948,2110952,9.9598,1.5152
949,2110953,3.4147,0.6944
950,2110954,5.3333,2.6333
951,2110955,3.2685,5.7593
952,2110956,3.125,4.1667
953,2110957,3.4122,3.3706
954,2110958,9.7544,5.9869
955,2110959,4.0833,1.2778
956,2110960,1.6667,1.6667
957,2110961,5.4166,3.3518
958,2110962,5.5333,2.5
959,2110963,5.0834,5.5555
960,2110964,6.25,4.1667
961,2110965,6.7517,4.8248
962,2110966,9.5325,10.4254
963,2110967,3.6999,2.8831
964,2110968,5.9693,4.5096
965,2110969,1.8611,0.0
966,2110970,3.3191,1.7544
967,2110971,3.8259,4.7279
968,2110972,1.7126,0.6667
969,2110973,3.5934,7.1722
970,2110974,6.0269,0.8333
971,2110975,4.5306,2.0278
972,2110976,2.9271,3.2916
973,2110977,0.0,0.6875
974,2110978,3.6058,4.6474
975,2110979,4.0096,0.9375
976,2110980,2.4389,1.6417
977,2110981,3.2548,3.2263
978,2110982,4.4643,4.1667
979,2110983,1.1548,1.1071
980,2110984,2.7768,2.4791
981,2110985,0.6667,5.1404
982,2110986,2.9375,4.8542
983,2110987,4.0476,1.6667
984,2110988,2.9028,2.0833
985,2110989,3.6954,3.7248
986,2110990,2.5394,0.0
987,2110991,3.9662,3.5254
988,2110992,3.8229,4.5313
989,2110994,1.6146,1.7917
990,2110995,3.3127,3.6955
991,2110996,1.872,2.2083
992,2110997,3.0834,2.7685
993,2110998,6.9967,4.3178
994,2110999,5.0593,4.3278
995,2111000,3.4643,5.9048
996,2111001,7.5502,1.2745
997,2111002,2.2353,4.0
998,2111003,4.1759,4.5741
999,2111004,4.2315,4.1667
1000,2111005,5.4396,6.4406
1001,2111006,3.4259,2.9537
1002,2111007,5.1278,0.9935
1003,2111008,8.0429,5.4997
1004,2111009,5.3929,2.8214
1005,2111010,3.9722,5.0093
1006,2111011,5.5333,1.75
1007,2111012,8.5842,5.5407
1008,2111013,5.3055,4.037
1009,2111014,2.8056,3.6389
1010,2111015,5.8889,4.287
1011,2111016,4.8472,4.625
1012,2111017,3.0194,4.3881
1013,2111018,0.0,0.0
1014,2111019,4.6732,6.0844
1015,2111020,6.6297,6.2567
1016,2111021,3.9074,3.6111
1017,2111022,8.2583,6.875
1018,2111023,9.3899,6.5026
1019,2111024,5.3544,2.862
1020,2111025,5.4306,3.7111
1021,2111026,2.9954,4.6053
1022,2111027,3.463,3.8611
1023,2111028,6.0449,4.3747
1024,2111029,4.5278,0.9167
1025,2111030,4.2037,3.7222
1026,2111031,6.1814,3.3789
1027,2111032,2.6019,2.8518
1028,2111033,5.829,1.9689
1029,2111034,2.9617,4.6828
1030,2111035,2.5833,3.2143
1031,2111036,2.8988,2.9841
1032,2111037,0.0,0.0
1033,2111038,4.3187,2.8765
1034,2111039,3.9112,2.6923
1035,2111040,4.1782,2.5509
1036,2111041,17.7778,0.0
1037,2111042,3.0134,2.7541
1038,2111043,1.8519,0.6875
1039,2111044,4.6439,2.9868
1040,2111045,10.2611,4.6222
1041,2111046,4.3173,3.2651
1042,2111047,4.3333,1.7292
1043,2111048,5.2652,4.9533
1044,2111049,5.5908,4.0685
1045,2111050,5.0618,4.5339
1046,2111051,2.8611,4.0833
1047,2111052,6.5712,3.639
1048,2111053,4.2396,5.4265
1049,2111054,8.2769,7.6542
1050,2111055,0.5833,0.0
1051,2111056,1.45,2.6548
1052,2111057,4.9881,3.4762
1053,2111058,5.1257,3.3718
1054,2111059,5.6852,5.5926
1055,2111060,5.6759,4.5926
1056,2111061,4.1203,3.0092
1057,2111062,5.3426,5.9624
1058,2111063,3.6806,4.5695
1059,2111064,4.4245,2.4665
1060,2111065,10.9554,6.8452
1061,2111066,4.5313,2.9896
1062,2111067,3.8958,4.1875
1063,2111068,1.3889,1.3889
1064,2111069,8.5073,4.729
1065,2111070,6.156,6.2313
1066,2111071,4.6667,3.6833
1067,2111072,6.9317,6.5977
1068,2111073,3.0648,5.6204
1069,2111074,2.15,4.75
1070,2111075,2.2333,2.2
1071,2111076,3.6945,5.2407
1072,2111077,6.8232,5.6192
1073,2111078,5.25,5.3148
1074,2111079,2.7886,1.7484
1075,2111080,4.6944,7.1667
1076,2111081,33.3333,0.0
1077,2111082,3.2917,4.8472
1078,2111083,3.477,3.844
1079,2111084,10.3175,4.1667
1080,2111085,5.5,5.0648
1081,2111086,5.713,5.3796
1082,2111087,5.5421,2.6468
1083,2111088,7.1354,5.3314
1084,2111089,4.8333,3.6574
1085,2111090,5.6458,6.9561
1086,2120001,2.1759,3.037
1087,2120002,3.1019,3.4166
1088,2120003,3.3241,3.4722
1089,2120004,2.7963,3.6204
1090,2120005,4.2963,4.0
1091,2120006,3.2871,3.8148
1092,2120007,3.537,4.0463
1093,2120008,3.1482,2.3889
1094,2120009,3.5463,3.3796
1095,2120010,4.8538,4.4717
1096,2120011,3.1389,5.8611
1097,2120012,2.8333,4.0555
1098,2120013,3.6667,3.6389
1099,2120014,3.1297,3.4815
1100,2120015,3.5712,3.2655
1101,2120016,5.4498,5.8916
1102,2120017,1.6019,3.125
1103,2120018,2.3704,2.7593
1104,2120019,4.0603,3.157
1105,2120020,4.6759,3.5463
1106,2120021,4.1482,4.0833
1107,2120022,1.9352,3.4259
1108,2120023,2.4167,3.7222
1109,2120024,4.5881,2.9187
1110,2120025,1.2708,3.3646
1111,2120026,2.7037,3.4815
1112,2120027,2.1944,4.5278
1113,2120028,1.8148,3.3241
1114,2120029,0.9259,4.9074
1115,2120030,2.7593,2.8704
1116,2120031,3.5,2.463
1117,2120032,2.9722,3.4907
1118,2120033,6.9812,5.6292
1119,2120034,4.4726,3.5301
1120,2120035,1.6806,3.5059
1121,2120036,1.7778,2.5093
1122,2120037,2.0463,3.1389
1123,2120038,3.5926,2.9815
1124,2120039,4.8148,4.2407
1125,2120040,2.3704,2.6852
1126,2120041,4.1667,3.8982
1127,2120042,2.5463,2.787
1128,2120043,1.75,2.8333
1129,2120044,3.9722,2.5741
1130,2120045,3.6296,3.3333
1131,2120046,3.8796,5.213
1132,2120047,2.5093,3.1482
1133,2120048,5.4907,2.7222
1134,2120049,2.8426,4.1111
1135,2120050,10.8837,2.9991
1136,2120051,5.6481,3.4259
1137,2120052,4.787,3.5
1138,2120053,3.7685,3.9907
1139,2120054,5.6574,4.3426
1140,2120055,4.0278,2.7315
1141,2120056,3.6296,3.8148
1142,2120057,3.6111,4.4907
1143,2120058,3.6089,3.1948
1144,2120059,6.8333,5.7222
1145,2120060,1.3356,3.1829
1146,2120061,3.3797,3.0648
1147,2120062,3.0278,4.2407
1148,2120063,3.4074,3.8796
1149,2120064,3.8889,4.3611
1150,2120065,1.4167,3.9352
1151,2120066,3.7407,4.4907
1152,2120067,4.7778,4.3981
1153,2120068,2.9722,2.5278
1154,2120069,3.6296,3.6389
1155,2120070,3.963,2.9629
1156,2120071,3.2778,2.7407
1157,2120072,3.9908,4.3796
1158,2120073,4.3637,5.4036
1159,2120074,2.3704,3.5463
1160,2120075,2.7315,3.4259
1161,2120076,3.6574,3.5556
1162,2120077,4.1296,2.9074
1163,2120078,3.9259,5.25
1164,2120079,3.4445,3.5
1165,2120080,4.5107,3.5396
1166,2120081,3.7685,3.6481
1167,2120082,2.5435,3.5141
1168,2120083,3.665,4.6928
1169,2120084,2.9444,3.8333
1170,2120085,3.1944,3.3056
1171,2120086,4.3796,4.1018
1172,2120087,3.5313,5.3854
1173,2120088,3.8981,4.0
1174,2120089,7.8229,7.9792
1175,2120090,3.6574,4.0278
1176,2120091,2.6481,3.1018
1177,2120092,3.5588,3.4021
1178,2120093,3.9815,3.8519
1179,2120094,3.2778,3.7592
1180,2120095,2.6945,3.3426
1181,2120096,3.9074,4.1389
1182,2120097,4.3333,2.5463
1183,2120098,4.713,5.25
1184,2120099,3.6988,4.2384
1185,2120100,5.3148,6.6574
1186,2120101,3.1759,4.0741
1187,2120102,4.1574,4.0
1188,2120103,4.1667,5.1111
1189,2120104,4.9722,4.6389
1190,2120105,4.8889,6.6204
1191,2120106,4.213,5.3611
1192,2120107,3.6667,3.2222
1193,2120108,4.5648,3.6574
1194,2120109,4.8982,4.5
1195,2120110,5.0833,4.75
1196,2120111,4.1759,4.6944
1197,2120112,4.2778,4.713
1198,2120113,5.4722,3.7315
1199,2120114,3.1389,4.213
1200,2120115,0.6384,3.6012
1201,2120116,3.4537,4.8333
1202,2120117,3.1333,2.4333
1203,2120118,15.7751,3.9287
1204,2120119,7.3704,4.6204
1205,2120120,5.1389,4.3241
1206,2120121,3.4722,4.4074
1207,2120122,4.4815,4.6759
1208,2120123,5.8259,4.3004
1209,2120124,3.4815,2.4908
1210,2120125,2.9259,4.2593
1211,2120126,3.0833,3.0139
1212,2120127,3.2685,2.7222
1213,2120128,2.6759,3.6667
1214,2120129,4.4629,4.5741
1215,2120130,2.9537,3.3148
1216,2120131,4.6389,3.9815
1217,2120132,3.8889,4.0556
1218,2120133,4.0673,4.1891
1219,2120134,3.6111,2.8241
1220,2120135,4.2604,4.3958
1221,2120136,4.2407,4.213
1222,2120137,2.2593,2.6759
1223,2120138,3.9259,4.4537
1224,2120139,4.9896,4.5833
1225,2120140,5.4445,4.3611
1226,2120141,4.8123,5.8906
1227,2120142,5.7903,4.4398
1228,2120143,4.6852,4.0741
1229,2120144,4.8704,2.6296
1230,2120145,2.8055,3.5463
1231,2120146,2.0093,2.8611
1232,2120147,2.5463,3.75
1233,2120148,3.1852,2.9352
1234,2120149,3.3796,3.1019
1235,2120150,2.4129,2.5738
1236,2120151,3.4445,4.4444
1237,2120152,2.8426,3.4445
1238,2120153,3.3426,3.8241
1239,2120154,1.3704,2.9167
1240,2120155,7.3194,4.6557
1241,2120156,3.1389,4.0648
1242,2120157,3.6852,3.7222
1243,2120158,3.8796,4.3889
1244,2120159,3.6852,3.6574
1245,2120160,3.7222,3.5
1246,2120161,5.2645,3.8667
1247,2120162,1.8426,3.6852
1248,2120163,5.6613,3.403
1249,2120164,2.4815,2.3796
1250,2120165,2.4259,3.6667
1251,2120166,3.1574,3.713
1252,2120167,2.5555,2.8889
1253,2120168,0.1979,2.5
1254,2120169,3.7037,3.7685
1255,2120170,2.75,3.0
1256,2120171,2.4537,2.8148
1257,2120172,3.8796,3.4352
1258,2120173,3.6667,4.0185
1259,2120174,4.6485,3.2576
1260,2120175,3.0,2.8982
1261,2120176,6.0801,4.1965
1262,2120177,3.5556,2.5463
1263,2120178,3.2778,3.8796
1264,2120179,2.3055,3.0833
1265,2120180,7.25,7.3021
1266,2120181,4.6204,5.3611
1267,2120182,2.0093,2.5556
1268,2120183,3.8241,3.4907
1269,2120184,3.6204,4.1759
1270,2120185,4.7315,5.6204
1271,2120186,4.0,4.1296
1272,2120187,3.7778,3.8519
1273,2120188,3.4074,4.0371
1274,2120189,3.3148,3.6204
1275,2120190,3.6111,3.8241
1276,2120191,3.1111,4.287
1277,2120192,3.2315,3.8982
1278,2120193,3.5093,4.3148
1279,2120194,6.213,5.5185
1280,2120195,5.0926,3.6759
1281,2120196,3.8611,3.6111
1282,2120197,4.4167,4.1111
1283,2120198,4.3333,4.2778
1284,2120199,6.0556,4.161
1285,2120200,3.787,3.8333
1286,2120201,3.3889,4.5185
1287,2120202,4.6945,4.0648
1288,2120203,3.6482,4.1667
1289,2120204,3.4444,3.6482
1290,2120205,4.1574,3.9908
1291,2120206,4.0648,3.2315
1292,2120207,3.9722,3.8518
1293,2120208,3.6019,4.4722
1294,2120209,2.8426,3.1574
1295,2120210,4.2593,4.1111
1296,2120211,3.8856,3.4357
1297,2120212,3.0463,3.4629
1298,2120213,4.9908,4.9815
1299,2120214,2.8608,5.5036
1300,2120215,4.3426,4.6111
1301,2120216,2.3961,5.1755
1302,2120217,2.5092,3.5463
1303,2120218,1.5521,2.3333
1304,2120219,3.7222,3.7963
1305,2120220,2.4444,3.5185
1306,2120221,2.8889,2.787
1307,2120222,2.3981,3.4815
1308,2120223,0.7883,1.1022
1309,2120224,2.7593,2.8519
1310,2120225,3.6111,3.9074
1311,2120226,3.1852,3.8518
1312,2120227,2.6481,3.5185
1313,2120228,4.9537,4.1852
1314,2120229,4.1852,3.5556
1315,2120230,5.4352,4.2685
1316,2120231,0.8021,1.2396
1317,2120232,4.4537,4.1481
1318,2120233,4.2831,3.2812
1319,2120234,3.9444,4.4445
1320,2120235,7.7592,5.3148
1321,2120236,1.8426,4.2129
1322,2120237,5.213,5.3426
1323,2120238,4.1019,5.0463
1324,2120239,3.6574,3.5926
1325,2120240,2.4537,3.0185
1326,2120241,3.2222,3.7222
1327,2120242,4.3055,4.5741
1328,2120243,3.4167,4.287
1329,2120244,5.3834,4.8218
1330,2120245,2.8241,3.9444
1331,2120246,4.4259,4.5833
1332,2120247,3.4682,3.7979
1333,2120248,3.6389,4.5
1334,2120249,2.9444,1.8889
