,행정동_코드,상권_구분_코드,상권_코드,분기당_매출_금액,분기당_매출_건수,건당_매출액_평균,"환산임대료(원, 21년도)","증감율(%, 19-21년도)",임대료/매출,매출/임대료
0,11110515,A,2110008,546856034,39025,14013,141341,4.188,10.0864,0.0991
1,11110515,A,2110011,41876155,2660,15744,141341,4.188,8.9775,0.1114
2,11110515,A,2110014,118812168,4828,24607,141341,4.188,5.7439,0.1741
3,11110515,A,2110015,479770071,13575,35343,141341,4.188,3.9991,0.2501
4,11110530,A,2110007,56345703,7114,7920,138422,0.83,17.4775,0.0572
5,11110530,A,2110012,521881093,28873,18075,138422,0.83,7.6582,0.1306
6,11110530,D,2120002,1642288241,71414,22997,138422,0.83,6.0191,0.1661
7,11110530,D,2120003,-2147483648,262790,16788,138422,0.83,8.2453,0.1213
8,11110540,D,2120005,1096132708,52122,21030,176422,-0.366,8.3891,0.1192
9,11110550,A,2110003,156210342,15288,10218,87651,-2.048,8.5781,0.1166
10,11110550,A,2110005,239428181,22494,10644,87651,-2.048,8.2348,0.1214
11,11110550,A,2110006,153305957,11147,13753,87651,-2.048,6.3732,0.1569
12,11110550,A,2110009,300699466,9869,30468,87651,-2.048,2.8768,0.3476
13,11110560,A,2110001,238421368,18772,12701,89817,0.443,7.0716,0.1414
14,11110560,A,2110010,296829579,23347,12714,89817,0.443,7.0644,0.1416
15,11110560,A,2110016,321002767,7519,42693,89817,0.443,2.1038,0.4753
16,11110570,A,2110002,745381733,100919,7386,105741,0.082,14.3164,0.0698
17,11110570,A,2110004,436286415,11284,38664,105741,0.082,2.7349,0.3656
18,11110580,D,2120001,1247979731,77134,16179,191982,-0.391,11.8661,0.0843
19,11110600,A,2110017,178511274,676,264148,165483,3.562,0.6265,1.5962
20,11110600,A,2110018,408191650,31452,12978,165483,3.562,12.751,0.0784
21,11110600,D,2120007,-2147483648,128605,16908,165483,3.562,9.7873,0.1022
22,11110615,A,2110019,161481671,8838,18271,189227,-3.76,10.3567,0.0966
23,11110615,D,2120004,1373328825,85999,15969,189227,-3.76,11.8496,0.0844
24,11110615,D,2120006,-2147483648,336960,17188,189227,-3.76,11.0093,0.0908
25,11110615,D,2120008,1873494974,102504,18277,189227,-3.76,10.3533,0.0966
26,11110615,D,2120009,-2147483648,281469,16296,189227,-3.76,11.6119,0.0861
27,11110615,D,2120010,414523200,33637,12324,189227,-3.76,15.3543,0.0651
28,11110615,D,2120011,571809271,55818,10244,189227,-3.76,18.472,0.0541
29,11110630,A,2110025,460050744,24450,18816,245416,-2.317,13.0429,0.0767
30,11110630,A,2110026,122197391,16447,7430,245416,-2.317,33.0304,0.0303
31,11110630,D,2120014,1049034128,73702,14233,245416,-2.317,17.2427,0.058
32,11110630,D,2120015,350532362,29682,11810,245416,-2.317,20.7804,0.0481
33,11110640,A,2110023,370151543,47932,7722,118103,-4.572,15.2944,0.0654
34,11110640,A,2110027,87577695,6683,13104,118103,-4.572,9.0127,0.111
35,11110640,A,2110028,507040180,71508,7091,118103,-4.572,16.6553,0.06
36,11110640,D,2120013,548678361,40169,13659,118103,-4.572,8.6465,0.1157
37,11110650,A,2110020,195699722,24750,7907,125751,-3.9,15.9038,0.0629
38,11110650,A,2110021,183830865,18604,9881,125751,-3.9,12.7265,0.0786
39,11110650,A,2110022,231633318,28270,8194,125751,-3.9,15.3467,0.0652
40,11110650,A,2110024,326803116,16135,20255,125751,-3.9,6.2084,0.1611
41,11110650,D,2120012,-2147483648,208642,15926,125751,-3.9,7.896,0.1266
42,11110670,A,2110030,203392523,11002,18487,177247,3.301,9.5877,0.1043
43,11110670,A,2110032,61556194,2008,30650,177247,3.301,5.7829,0.1729
44,11110670,A,2110034,18576258,1186,15663,177247,3.301,11.3163,0.0884
45,11110670,D,2120016,487798473,34685,14064,177247,3.301,12.6029,0.0793
46,11110670,D,2120017,583427604,58608,9955,177247,3.301,17.8048,0.0562
47,11110680,A,2110029,203759620,16951,12020,103760,12.833,8.6323,0.1158
48,11110690,A,2110031,100538912,8323,12080,90330,-7.498,7.4776,0.1337
49,11110700,A,2110033,400299900,43369,9230,86529,1.529,9.3748,0.1067
50,11110710,A,2110035,169109794,16908,10002,128484,19.421,12.8458,0.0778
51,11110710,A,2110036,267861681,28571,9375,128484,19.421,13.705,0.073
52,11110710,A,2110037,352220052,39099,9008,128484,19.421,14.2633,0.0701
53,11140520,A,2110038,580563188,45810,12673,148930,-0.14,11.7518,0.0851
54,11140520,D,2120019,1017972896,87145,11681,148930,-0.14,12.7498,0.0784
55,11140520,D,2120020,1045288897,81370,12846,148930,-0.14,11.5935,0.0863
56,11140520,D,2120021,2077993358,146301,14204,148930,-0.14,10.4851,0.0954
57,11140520,D,2120022,-2147483648,124214,23642,148930,-0.14,6.2994,0.1587
58,11140520,D,2120025,432180606,39592,10916,148930,-0.14,13.6433,0.0733
59,11140540,A,2110039,38307020,2569,14910,312666,0.811,20.9702,0.0477
60,11140540,A,2110040,174257043,14724,11835,312666,0.811,26.4188,0.0379
61,11140540,D,2120024,663238472,49570,13380,312666,0.811,23.3682,0.0428
62,11140540,D,2120043,-2147483648,215905,12741,312666,0.811,24.5401,0.0407
63,11140550,A,2110041,980104736,36436,26899,164231,-4.27,6.1055,0.1638
64,11140550,D,2120023,1919876039,104862,18309,164231,-4.27,8.97,0.1115
65,11140550,D,2120026,-2147483648,193429,14287,164231,-4.27,11.4951,0.087
66,11140550,D,2120027,706433153,72227,9781,164231,-4.27,16.7908,0.0596
67,11140550,D,2120028,-2147483648,286207,13414,164231,-4.27,12.2433,0.0817
68,11140550,D,2120029,458419378,25195,18195,164231,-4.27,9.0262,0.1108
69,11140550,D,2120030,1012807918,78487,12904,164231,-4.27,12.7271,0.0786
70,11140570,A,2110042,160174990,14545,11012,120006,7.897,10.8977,0.0918
71,11140570,D,2120032,-2147483648,179993,12822,120006,7.897,9.3594,0.1068
72,11140580,A,2110043,194864478,20348,9577,107807,6.838,11.2569,0.0888
73,11140580,A,2110044,168911059,3151,53601,107807,6.838,2.0113,0.4972
74,11140580,A,2110045,306879551,13092,23441,107807,6.838,4.5991,0.2174
75,11140580,A,2110048,138267637,6016,22983,107807,6.838,4.6907,0.2132
76,11140580,D,2120036,580689996,37312,15563,107807,6.838,6.9271,0.1444
77,11140590,D,2120034,579728975,26486,21888,190904,2.191,8.7219,0.1147
78,11140590,D,2120035,660261350,57703,11442,190904,2.191,16.6845,0.0599
79,11140590,D,2120037,-2147483648,212802,10844,190904,2.191,17.6046,0.0568
80,11140605,D,2120031,-2147483648,265669,14823,141458,6.805,9.5431,0.1048
81,11140605,D,2120033,494960233,39461,12543,141458,6.805,11.2778,0.0887
82,11140615,A,2110051,248749205,27583,9018,369515,1.273,40.9753,0.0244
83,11140615,A,2110053,276297437,28461,9708,369515,1.273,38.0629,0.0263
84,11140615,D,2120039,1695629867,133444,12707,369515,1.273,29.0796,0.0344
85,11140625,A,2110047,21081409,2040,10331,103685,-0.091,10.0363,0.0996
86,11140625,A,2110049,808589000,20003,40424,103685,-0.091,2.5649,0.3899
87,11140625,A,2110052,225749246,14093,16019,103685,-0.091,6.4726,0.1545
88,11140625,D,2120038,1408967867,113138,12454,103685,-0.091,8.3254,0.1201
89,11140635,A,2110050,243423297,17184,14166,121820,1.371,8.5995,0.1163
90,11140645,A,2110054,369907300,35022,10562,98506,3.478,9.3265,0.1072
91,11140650,A,2110056,263721063,24379,10818,112029,-7.077,10.3558,0.0966
92,11140670,A,2110055,82777283,2331,35518,126362,-2.006,3.5577,0.2811
93,11140670,A,2110057,485718015,55869,8694,126362,-2.006,14.5344,0.0688
94,11140680,A,2110591,224402496,13313,16856,131486,8.629,7.8005,0.1282
95,11140680,D,2120018,696577361,42534,16377,131486,8.629,8.0287,0.1246
96,11170510,A,2110077,171497929,14168,12105,111346,6.701,9.1983,0.1087
97,11170510,A,2110079,519176390,35761,14518,111346,6.701,7.6695,0.1304
98,11170510,A,2110080,171399081,11500,14904,111346,6.701,7.4709,0.1339
99,11170520,A,2110081,447043477,26332,16977,105874,6.359,6.2363,0.1604
100,11170530,A,2110074,853856363,49525,17241,96045,1.273,5.5707,0.1795
101,11170530,A,2110075,316914970,37909,8360,96045,1.273,11.4886,0.087
102,11170530,D,2120042,464501777,40210,11552,96045,1.273,8.3141,0.1203
103,11170530,D,2120045,1293217975,47997,26944,96045,1.273,3.5646,0.2805
104,11170555,A,2110066,525563157,45962,11435,116739,5.304,10.2089,0.098
105,11170555,A,2110067,205697718,17875,11508,116739,5.304,10.1442,0.0986
106,11170555,A,2110069,1012161751,103387,9790,116739,5.304,11.9243,0.0839
107,11170560,A,2110065,5135346,1014,5063,100217,10.984,19.794,0.0505
108,11170560,A,2110068,563027433,48833,11530,100217,10.984,8.6918,0.1151
109,11170560,A,2110072,525936647,13501,38954,100217,10.984,2.5727,0.3887
110,11170570,A,2110058,362623765,33231,10912,107159,10.296,9.8203,0.1018
111,11170570,D,2120040,1199953111,120448,9962,107159,10.296,10.7568,0.093
112,11170580,A,2110061,212120230,13930,15228,110244,3.597,7.2396,0.1381
113,11170580,A,2110064,180921855,15905,11375,110244,3.597,9.6918,0.1032
114,11170590,A,2110060,249973405,24768,10093,122271,3.776,12.1144,0.0825
115,11170590,A,2110063,402821561,20545,19607,122271,3.776,6.2361,0.1604
116,11170625,A,2110062,634333088,27939,22704,125704,7.725,5.5366,0.1806
117,11170625,A,2110070,98563251,1331,74052,125704,7.725,1.6975,0.5891
118,11170625,A,2110073,213071820,2418,88101,125704,7.725,1.4268,0.7009
119,11170625,A,2110076,205782388,8538,24101,125704,7.725,5.2157,0.1917
120,11170625,D,2120041,-2147483648,238853,14644,125704,7.725,8.584,0.1165
121,11170625,D,2120044,760865284,23492,32389,125704,7.725,3.8811,0.2577
122,11170630,A,2110071,356296034,24341,14638,212201,12.657,14.4966,0.069
123,11170630,A,2110078,256028403,23321,10979,212201,12.657,19.3279,0.0517
124,11170640,A,2110059,202692576,25254,8026,106504,0.443,13.2699,0.0754
125,11170650,A,2110082,381331612,18502,20610,161325,-0.534,7.8275,0.1278
126,11170650,A,2110086,221686195,6613,33522,161325,-0.534,4.8125,0.2078
127,11170650,A,2110087,446384132,47602,9377,161325,-0.534,17.2043,0.0581
128,11170650,D,2120046,-2147483648,185126,18639,161325,-0.534,8.6552,0.1155
129,11170660,A,2110084,567699654,23810,23843,142593,5.58,5.9805,0.1672
130,11170660,A,2110085,932407497,57869,16112,142593,5.58,8.8501,0.113
131,11170685,A,2110091,416340623,12938,32180,134208,1.432,4.1705,0.2398
132,11170685,A,2110093,467715772,18880,24773,134208,1.432,5.4175,0.1846
133,11170685,A,2110095,624510265,23659,26397,134208,1.432,5.0842,0.1967
134,11170685,A,2110096,180246486,17763,10147,134208,1.432,13.2264,0.0756
135,11170685,A,2110097,100670904,1339,75184,134208,1.432,1.7851,0.5602
136,11170685,A,2110098,907841039,10302,88120,134208,1.432,1.523,0.6566
137,11170685,A,2110099,225772240,3049,74042,134208,1.432,1.8126,0.5517
138,11170685,D,2120047,1782469885,77609,22967,134208,1.432,5.8435,0.1711
139,11170690,A,2110083,85930988,9886,8692,94385,-9.122,10.8588,0.0921
140,11170690,A,2110088,341363058,26553,12856,94385,-9.122,7.3417,0.1362
141,11170690,A,2110089,221879803,10570,20991,94385,-9.122,4.4965,0.2224
142,11170700,A,2110090,162636179,8043,20220,113260,9.974,5.6014,0.1785
143,11170700,A,2110092,198764853,19877,10000,113260,9.974,11.326,0.0883
144,11170700,A,2110094,337259086,6317,53392,113260,9.974,2.1213,0.4714
145,11200520,A,2110110,298144234,21087,14139,117743,20.689,8.3275,0.1201
146,11200535,A,2110114,255238032,5585,45703,129665,1.442,2.8371,0.3525
147,11200535,A,2110115,474944097,15759,30138,129665,1.442,4.3024,0.2324
148,11200540,A,2110116,395808632,11617,34072,120406,8.118,3.5339,0.283
149,11200540,A,2110117,104014674,3518,29564,120406,8.118,4.0727,0.2455
150,11200540,A,2110119,2904949,128,22739,120406,8.118,5.2951,0.1889
151,11200540,A,2110122,745897555,41222,18094,120406,8.118,6.6545,0.1503
152,11200540,A,2110123,749370114,39442,18999,120406,8.118,6.3375,0.1578
153,11200550,A,2110121,263674666,36633,7198,149461,14.552,20.7642,0.0482
154,11200550,A,2110125,260736682,31824,8193,149461,14.552,18.2425,0.0548
155,11200560,A,2110112,251442644,16154,15565,124133,-5.83,7.9751,0.1254
156,11200560,A,2110118,213608221,15070,14175,124133,-5.83,8.7572,0.1142
157,11200560,D,2120049,1615494335,140392,11507,124133,-5.83,10.7876,0.0927
158,11200580,A,2110113,92932643,8265,11244,117639,7.372,10.4624,0.0956
159,11200590,A,2110106,68735517,6421,10705,108198,-2.019,10.1072,0.0989
160,11200590,A,2110108,57637218,1775,32469,108198,-2.019,3.3323,0.3001
161,11200590,A,2110109,140656251,11834,11886,108198,-2.019,9.103,0.1099
162,11200615,A,2110104,147141585,12293,11969,120347,1.414,10.0549,0.0995
163,11200615,A,2110105,167249054,10811,15470,120347,1.414,7.7794,0.1285
164,11200620,A,2110103,21823436,2450,8908,127499,24.558,14.3129,0.0699
165,11200620,A,2110107,210823064,7351,28678,127499,24.558,4.4459,0.2249
166,11200620,D,2120048,387302287,24348,15907,127499,24.558,8.0153,0.1248
167,11200645,A,2110100,41185565,1070,38500,137023,-1.755,3.559,0.281
168,11200645,A,2110101,227434288,10948,20773,137023,-1.755,6.5962,0.1516
169,11200645,A,2110102,403143254,38148,10568,137023,-1.755,12.9658,0.0771
170,11200650,A,2110126,47446218,4502,10538,108204,10.298,10.268,0.0974
171,11200650,A,2110127,358639553,33634,10663,108204,10.298,10.1476,0.0985
172,11200650,A,2110128,440955111,33821,13038,108204,10.298,8.2991,0.1205
173,11200650,D,2120050,247620993,37923,6530,108204,10.298,16.5703,0.0603
174,11200660,A,2110120,149233680,21840,6833,143080,15.727,20.9396,0.0478
175,11200660,A,2110124,407623385,42126,9676,143080,15.727,14.7871,0.0676
176,11200660,A,2110129,118587879,8584,13816,143080,15.727,10.3561,0.0966
177,11200660,D,2120051,1905850139,137394,13871,143080,15.727,10.315,0.0969
178,11200670,A,2110131,912966834,65312,13978,106517,24.953,7.6203,0.1312
179,11200670,A,2110134,522660541,49705,10515,106517,24.953,10.13,0.0987
180,11200670,A,2110136,488810901,25299,19321,106517,24.953,5.513,0.1814
181,11200690,A,2110132,172091383,12922,13318,139716,18.579,10.4908,0.0953
182,11200690,A,2110137,1133858512,139347,8137,139716,18.579,17.1705,0.0582
183,11200690,D,2120052,-2147483648,202704,12388,139716,18.579,11.2783,0.0887
184,11200720,A,2110135,143102516,8868,16136,108868,14.271,6.7469,0.1482
185,11200720,A,2110138,233811328,27106,8626,108868,14.271,12.6209,0.0792
186,11200790,A,2110130,91040130,7527,12096,106008,6.839,8.7639,0.1141
187,11200790,A,2110133,238378583,7399,32217,106008,6.839,3.2904,0.3039
188,11215710,A,2110141,290664689,14657,19831,150233,7.017,7.5757,0.132
189,11215710,A,2110142,706469226,68870,10258,150233,7.017,14.6454,0.0683
190,11215710,A,2110144,105390426,9709,10855,150233,7.017,13.84,0.0723
191,11215710,A,2110148,206218279,24885,8287,150233,7.017,18.1288,0.0552
192,11215710,D,2120053,-2147483648,261857,14395,150233,7.017,10.4365,0.0958
193,11215710,D,2120054,1153399686,87034,13252,150233,7.017,11.3366,0.0882
194,11215730,A,2110145,197397797,25271,7811,105015,3.735,13.4445,0.0744
195,11215730,A,2110147,313088466,32334,9683,105015,3.735,10.8453,0.0922
196,11215730,A,2110149,112061964,4223,26538,105015,3.735,3.9572,0.2527
197,11215730,D,2120055,2124210011,137538,15445,105015,3.735,6.7993,0.1471
198,11215740,A,2110150,437831204,37732,11604,102751,13.083,8.8548,0.1129
199,11215740,A,2110152,212600730,14489,14673,102751,13.083,7.0027,0.1428
200,11215740,A,2110153,68713364,5152,13337,102751,13.083,7.7042,0.1298
201,11215750,A,2110162,150126611,16274,9225,89542,8.214,9.7064,0.103
202,11215750,A,2110165,291293800,21776,13377,89542,8.214,6.6937,0.1494
203,11215750,A,2110167,207692497,15113,13743,89542,8.214,6.5155,0.1535
204,11215760,A,2110158,349645755,31174,11216,100432,18.114,8.9544,0.1117
205,11215760,A,2110161,367105854,35704,10282,100432,18.114,9.7677,0.1024
206,11215770,A,2110168,173665796,16596,10464,96141,1.273,9.1878,0.1088
207,11215770,A,2110171,268885459,30991,8676,96141,1.273,11.0813,0.0902
208,11215770,A,2110174,346773298,23154,14977,96141,1.273,6.4192,0.1558
209,11215770,A,2110176,234902928,23423,10029,96141,1.273,9.5863,0.1043
210,11215780,A,2110156,412814537,33072,12482,111908,-0.9,8.9656,0.1115
211,11215780,A,2110164,143077692,21043,6799,111908,-0.9,16.4595,0.0608
212,11215780,D,2120057,1015835807,93377,10879,111908,-0.9,10.2866,0.0972
213,11215810,A,2110178,176468767,14140,12480,115164,1.51,9.2279,0.1084
214,11215810,A,2110179,444645004,38870,11439,115164,1.51,10.0677,0.0993
215,11215810,A,2110180,654391931,39732,16470,115164,1.51,6.9923,0.143
216,11215820,A,2110154,310490297,25790,12039,121519,3.276,10.0938,0.0991
217,11215820,A,2110155,319976459,39769,8046,121519,3.276,15.103,0.0662
218,11215820,A,2110159,539495572,55661,9692,121519,3.276,12.5381,0.0798
219,11215830,A,2110151,671875762,47148,14250,98710,4.392,6.927,0.1444
220,11215830,A,2110157,151577858,15165,9995,98710,4.392,9.8759,0.1013
221,11215830,A,2110163,241938730,20014,12088,98710,4.392,8.1659,0.1225
222,11215830,A,2110169,169884021,22203,7651,98710,4.392,12.9016,0.0775
223,11215840,A,2110143,64672744,5574,11602,103750,-10.472,8.9424,0.1118
224,11215840,A,2110146,218198632,16721,13049,103750,-10.472,7.9508,0.1258
225,11215847,A,2110139,375968620,34914,10768,123536,1.055,11.4725,0.0872
226,11215847,A,2110140,1034889618,65697,15753,123536,1.055,7.8421,0.1275
227,11215850,A,2110160,136255966,17297,7877,94102,2.681,11.9464,0.0837
228,11215850,A,2110166,511276838,27128,18847,94102,2.681,4.9929,0.2003
229,11215850,A,2110170,222504070,22129,10055,94102,2.681,9.3587,0.1069
230,11215850,D,2120056,1810707719,127335,14220,94102,2.681,6.6176,0.1511
231,11215850,D,2120058,440404173,45053,9775,94102,2.681,9.6268,0.1039
232,11215860,A,2110172,513517086,66441,7729,112567,-1.542,14.5642,0.0687
233,11215860,A,2110177,76373972,2190,34882,112567,-1.542,3.2271,0.3099
234,11215870,A,2110173,234456618,20474,11451,107213,8.183,9.3628,0.1068
235,11215870,A,2110175,180554169,20717,8715,107213,8.183,12.3021,0.0813
236,11215870,D,2120059,732439721,43353,16895,107213,8.183,6.3458,0.1576
237,11215870,D,2120060,647037191,80586,8029,107213,8.183,13.3532,0.0749
238,11215870,D,2120061,668983035,43392,15417,107213,8.183,6.9542,0.1438
239,11230536,A,2110181,404257396,37667,10732,92221,8.186,8.5931,0.1164
240,11230536,A,2110182,113215712,10768,10514,92221,8.186,8.7713,0.114
241,11230536,A,2110183,191151386,17741,10774,92221,8.186,8.5596,0.1168
242,11230536,A,2110184,193351907,19807,9762,92221,8.186,9.4469,0.1059
243,11230536,A,2110185,175085844,14969,11697,92221,8.186,7.8842,0.1268
244,11230536,A,2110187,741045116,55621,13323,92221,8.186,6.9219,0.1445
245,11230536,A,2110188,288761536,29219,9883,92221,8.186,9.3313,0.1072
246,11230536,A,2110192,176051840,13606,12940,92221,8.186,7.1268,0.1403
247,11230536,A,2110195,357834373,25051,14284,92221,8.186,6.4562,0.1549
248,11230536,D,2120062,2037252792,163424,12466,92221,8.186,7.3978,0.1352
249,11230545,A,2110186,173331836,19001,9122,121772,15.192,13.3493,0.0749
250,11230545,A,2110189,487281036,31455,15491,121772,15.192,7.8608,0.1272
251,11230545,A,2110190,278278270,23573,11805,121772,15.192,10.3153,0.0969
252,11230545,A,2110191,391063813,38565,10140,121772,15.192,12.0091,0.0833
253,11230545,A,2110193,199530463,21366,9339,121772,15.192,13.0391,0.0767
254,11230545,A,2110194,80585443,9933,8113,121772,15.192,15.0095,0.0666
255,11230545,A,2110198,11846364,303,39065,121772,15.192,3.1172,0.3208
256,11230545,A,2110199,81608979,3815,21390,121772,15.192,5.6929,0.1757
257,11230560,A,2110201,110675477,2830,39106,102749,11.673,2.6274,0.3806
258,11230560,A,2110202,81491242,8539,9543,102749,11.673,10.7669,0.0929
259,11230560,A,2110206,200032014,22845,8756,102749,11.673,11.7347,0.0852
260,11230560,A,2110207,127176219,10168,12507,102749,11.673,8.2153,0.1217
261,11230560,A,2110210,333649654,50888,6557,102749,11.673,15.6701,0.0638
262,11230560,A,2110211,206991090,7246,28565,102749,11.673,3.597,0.278
263,11230560,D,2120063,886704111,85671,10350,102749,11.673,9.9274,0.1007
264,11230570,A,2110216,167464590,12280,13637,109132,6.387,8.0026,0.125
265,11230600,A,2110204,392239181,40151,9769,108076,2.79,11.0632,0.0904
266,11230600,A,2110209,16831765,1142,14743,108076,2.79,7.3307,0.1364
267,11230600,A,2110212,421059240,29938,14064,108076,2.79,7.6846,0.1301
268,11230610,A,2110217,58018160,2226,26067,75100,-1.524,2.881,0.3471
269,11230610,A,2110218,415495039,24563,16916,75100,-1.524,4.4396,0.2252
270,11230610,A,2110225,223004129,18409,12114,75100,-1.524,6.1994,0.1613
271,11230610,A,2110227,222426836,26478,8400,75100,-1.524,8.9405,0.1119
272,11230650,A,2110223,127901313,10714,11938,82011,3.658,6.8697,0.1456
273,11230650,A,2110226,1210730385,112513,10761,82011,3.658,7.6211,0.1312
274,11230650,A,2110229,301244157,15728,19153,82011,3.658,4.2819,0.2335
275,11230650,D,2120066,2004396762,147391,13599,82011,3.658,6.0307,0.1658
276,11230660,A,2110228,539103202,41994,12838,89056,5.69,6.9369,0.1442
277,11230660,A,2110230,517340212,36974,13992,89056,5.69,6.3648,0.1571
278,11230660,A,2110231,9295071,239,38851,89056,5.69,2.2922,0.4363
279,11230660,A,2110232,275281231,19576,14062,89056,5.69,6.3331,0.1579
280,11230660,D,2120067,1685641524,125358,13447,89056,5.69,6.6227,0.151
281,11230705,A,2110196,158540540,12584,12598,109402,18.573,8.6841,0.1152
282,11230705,A,2110197,67137928,7479,8977,109402,18.573,12.1869,0.0821
283,11230705,A,2110200,76636732,3575,21435,109402,18.573,5.1039,0.1959
284,11230705,A,2110203,160257110,14771,10850,109402,18.573,10.0831,0.0992
285,11230710,A,2110205,311021215,18345,16954,119783,-1.034,7.0652,0.1415
286,11230710,A,2110208,1162300,140,8282,119783,-1.034,14.4631,0.0691
287,11230710,D,2120064,1563195514,159370,9809,119783,-1.034,12.2115,0.0819
288,11230720,A,2110215,242931772,31179,7792,136766,19.622,17.5521,0.057
289,11230720,A,2110222,102420356,3614,28343,136766,19.622,4.8254,0.2072
290,11230720,A,2110224,117396271,11581,10137,136766,19.622,13.4918,0.0741
291,11230720,D,2120065,686127105,68796,9973,136766,19.622,13.7136,0.0729
292,11230730,A,2110219,346923101,40414,8584,77498,-14.14,9.0282,0.1108
293,11230740,A,2110213,19047600,2012,9465,103207,-0.059,10.9041,0.0917
294,11230740,A,2110214,414028123,68520,6042,103207,-0.059,17.0816,0.0585
295,11230740,A,2110220,652142349,74356,8771,103207,-0.059,11.7668,0.085
296,11260520,A,2110237,720985785,43500,16574,68398,6.131,4.1268,0.2423
297,11260520,A,2110243,274183759,14225,19275,68398,6.131,3.5485,0.2818
298,11260520,A,2110256,194272201,7823,24833,68398,6.131,2.7543,0.3631
299,11260540,A,2110253,284585003,23290,12219,83516,24.542,6.8349,0.1463
300,11260550,A,2110242,104350529,9810,10637,66884,7.656,6.2879,0.159
301,11260550,A,2110252,246516233,10150,24286,66884,7.656,2.754,0.3631
302,11260565,A,2110258,255313079,19879,12843,92787,6.061,7.2247,0.1384
303,11260565,A,2110260,218744586,12225,17893,92787,6.061,5.1857,0.1928
304,11260565,A,2110263,273817137,28803,9507,92787,6.061,9.7599,0.1025
305,11260565,A,2110264,474478749,39218,12099,92787,6.061,7.669,0.1304
306,11260570,A,2110254,342303432,34876,9815,107653,-4.395,10.9682,0.0912
307,11260570,A,2110261,229680239,30654,7493,107653,-4.395,14.3671,0.0696
308,11260575,A,2110259,421075778,19127,22015,92735,7.307,4.2124,0.2374
309,11260575,A,2110266,114155655,11454,9966,92735,7.307,9.3051,0.1075
310,11260575,A,2110269,429719544,14980,28686,92735,7.307,3.2328,0.3093
311,11260575,A,2110274,267345239,24824,10770,92735,7.307,8.6105,0.1161
312,11260575,D,2120068,731010341,60597,12063,92735,7.307,7.6876,0.1301
313,11260580,A,2110257,87370721,8899,9819,77389,-8.929,7.8816,0.1269
314,11260580,A,2110265,267110044,10583,25239,77389,-8.929,3.0662,0.3261
315,11260580,A,2110267,133490101,15977,8355,77389,-8.929,9.2626,0.108
316,11260590,A,2110246,262986942,22563,11656,86747,-2.147,7.4423,0.1344
317,11260590,A,2110255,596790532,54863,10878,86747,-2.147,7.9745,0.1254
318,11260590,A,2110262,1031509121,61483,16777,86747,-2.147,5.1706,0.1934
319,11260590,D,2120069,1779547657,113345,15700,86747,-2.147,5.5253,0.181
320,11260600,A,2110249,263311748,23544,11184,95281,26.851,8.5194,0.1174
321,11260600,A,2110251,128475339,10218,12573,95281,26.851,7.5782,0.132
322,11260610,A,2110233,409968952,31777,12901,87825,2.623,6.8076,0.1469
323,11260610,A,2110234,246560906,15380,16031,87825,2.623,5.4784,0.1825
324,11260610,A,2110238,48990941,2262,21663,87825,2.623,4.0541,0.2467
325,11260610,A,2110239,229672380,13548,16953,87825,2.623,5.1805,0.193
326,11260610,A,2110240,166242289,7804,21303,87825,2.623,4.1227,0.2426
327,11260610,A,2110244,398804952,29308,13607,87825,2.623,6.4544,0.1549
328,11260610,A,2110245,150496214,14760,10196,87825,2.623,8.6137,0.1161
329,11260620,A,2110247,234042229,19595,11944,103465,9.674,8.6625,0.1154
330,11260620,A,2110248,57770499,3004,19229,103465,9.674,5.3807,0.1859
331,11260620,A,2110250,202200014,14967,13510,103465,9.674,7.6584,0.1306
332,11260630,A,2110236,318612989,27627,11533,83706,14.295,7.258,0.1378
333,11260630,A,2110241,266812284,20054,13305,83706,14.295,6.2913,0.1589
334,11260655,A,2110275,1106720343,58982,18764,92200,14.542,4.9137,0.2035
335,11260655,A,2110277,394057046,27813,14168,92200,14.542,6.5076,0.1537
336,11260655,A,2110278,388333867,32915,11798,92200,14.542,7.8149,0.128
337,11260655,A,2110279,148283832,5896,25150,92200,14.542,3.666,0.2728
338,11260660,A,2110268,193331996,20443,9457,66627,12.422,7.0453,0.1419
339,11260660,A,2110270,190660811,15959,11947,66627,12.422,5.5769,0.1793
340,11260680,A,2110271,396321666,7836,50579,88411,5.241,1.748,0.5721
341,11260680,A,2110272,894936149,60083,14895,88411,5.241,5.9356,0.1685
342,11260680,A,2110273,167773322,11607,14455,88411,5.241,6.1163,0.1635
343,11260680,A,2110276,10983876,917,11975,88411,5.241,7.383,0.1354
344,11290525,A,2110280,33358504,1525,21874,121233,1.107,5.5423,0.1804
345,11290525,A,2110281,194494599,3692,52678,121233,1.107,2.3014,0.4345
346,11290525,A,2110283,268475933,9418,28505,121233,1.107,4.253,0.2351
347,11290525,A,2110285,96455944,8022,12024,121233,1.107,10.0826,0.0992
348,11290525,A,2110286,192338694,16178,11889,121233,1.107,10.1971,0.0981
349,11290525,A,2110288,522166808,31010,16839,121233,1.107,7.1995,0.1389
350,11290555,A,2110291,168591242,14232,11846,93708,0.27,7.9105,0.1264
351,11290555,A,2110293,277294772,32266,8594,93708,0.27,10.9039,0.0917
352,11290555,A,2110297,287174429,29437,9756,93708,0.27,9.6052,0.1041
353,11290555,D,2120070,596947307,43566,13702,93708,0.27,6.839,0.1462
354,11290555,D,2120071,505322417,30874,16367,93708,0.27,5.7254,0.1747
355,11290575,A,2110296,329576175,38506,8559,122560,3.731,14.3194,0.0698
356,11290575,A,2110301,221418612,15701,14102,122560,3.731,8.691,0.1151
357,11290575,A,2110303,175439512,17721,9900,122560,3.731,12.3798,0.0808
358,11290575,D,2120072,-2147483648,174988,12685,122560,3.731,9.6618,0.1035
359,11290600,A,2110300,404905048,31134,13005,111253,12.027,8.5546,0.1169
360,11290600,A,2110304,311109089,45186,6885,111253,12.027,16.1588,0.0619
361,11290600,A,2110305,321354349,22993,13976,111253,12.027,7.9603,0.1256
362,11290600,A,2110309,398728930,50820,7846,111253,12.027,14.1796,0.0705
363,11290600,A,2110312,543428621,53639,10131,111253,12.027,10.9814,0.0911
364,11290600,A,2110313,795290953,55833,14244,111253,12.027,7.8105,0.128
365,11290600,D,2120074,300322259,21775,13792,111253,12.027,8.0665,0.124
366,11290610,A,2110302,147764819,12876,11476,76596,-3.318,6.6745,0.1498
367,11290620,A,2110298,127901920,18060,7082,83352,13.62,11.7696,0.085
368,11290620,A,2110299,401818107,34940,11500,83352,13.62,7.248,0.138
369,11290630,A,2110292,125260541,1674,74805,87688,7.44,1.1722,0.8531
370,11290630,A,2110295,261103931,25656,10177,87688,7.44,8.6163,0.1161
371,11290640,A,2110282,186938431,15705,11903,86905,-6.98,7.3011,0.137
372,11290640,A,2110287,248033947,24644,10065,86905,-6.98,8.6344,0.1158
373,11290640,A,2110289,158144686,13191,11989,86905,-6.98,7.2487,0.138
374,11290650,A,2110284,311075946,36427,8540,112455,0.384,13.168,0.0759
375,11290650,A,2110290,73776193,5808,12702,112455,0.384,8.8533,0.113
376,11290650,A,2110294,328443788,30220,10868,112455,0.384,10.3474,0.0966
377,11290660,A,2110306,70286731,2999,23437,147791,0.055,6.3059,0.1586
378,11290660,A,2110307,112968742,10504,10755,147791,0.055,13.7416,0.0728
379,11290685,A,2110308,222391593,23421,9495,127012,16.179,13.3767,0.0748
380,11290705,A,2110314,371472747,25637,14490,91238,0.445,6.2966,0.1588
381,11290705,A,2110315,297516610,29719,10011,91238,0.445,9.1138,0.1097
382,11290705,A,2110317,380841679,43642,8726,91238,0.445,10.4559,0.0956
383,11290705,A,2110319,289707079,19812,14623,91238,0.445,6.2393,0.1603
384,11290705,A,2110320,316699319,34799,9101,91238,0.445,10.0251,0.0998
385,11290715,A,2110310,357000000,4473,79812,103499,16.647,1.2968,0.7711
386,11290715,A,2110316,367392246,31814,11548,103499,16.647,8.9625,0.1116
387,11290715,A,2110318,247076443,14299,17279,103499,16.647,5.9899,0.1669
388,11290715,A,2110321,25815158,2188,11798,103499,16.647,8.7726,0.114
389,11290715,D,2120073,396276717,39647,9995,103499,16.647,10.3551,0.0966
390,11290725,A,2110323,270517248,28533,9481,105636,16.755,11.1419,0.0898
391,11290725,A,2110324,126770779,18632,6804,105636,16.755,15.5256,0.0644
392,11290725,A,2110328,143262343,15019,9539,105636,16.755,11.0741,0.0903
393,11290725,D,2120075,534983456,50666,10559,105636,16.755,10.0044,0.1
394,11290760,A,2110322,79920955,6737,11864,59814,9.026,5.0416,0.1983
395,11290760,A,2110325,348746795,28416,12273,59814,9.026,4.8736,0.2052
396,11290760,A,2110326,137475876,16818,8174,59814,9.026,7.3176,0.1367
397,11290770,A,2110327,165232939,9725,16991,91105,16.085,5.362,0.1865
398,11290770,A,2110329,62493576,1978,31596,91105,16.085,2.8834,0.3468
399,11290770,A,2110330,257041457,17276,14878,91105,16.085,6.1235,0.1633
400,11290770,A,2110332,163389164,11213,14571,91105,16.085,6.2525,0.1599
401,11290810,A,2110221,246382681,22828,10793,87235,3.422,8.0826,0.1237
402,11290810,A,2110331,262491692,20306,12927,87235,3.422,6.7483,0.1482
403,11290810,A,2110333,292281279,11379,25685,87235,3.422,3.3963,0.2944
404,11290810,A,2110334,202989800,13894,14609,87235,3.422,5.9713,0.1675
405,11290810,A,2110335,848751803,51868,16364,87235,3.422,5.3309,0.1876
406,11290810,A,2110336,272530567,17919,15209,87235,3.422,5.7357,0.1743
407,11305534,A,2110355,82446921,7046,11702,96071,8.685,8.2098,0.1218
408,11305535,A,2110364,264423069,29037,9106,93388,2.105,10.2557,0.0975
409,11305535,A,2110365,318805391,25325,12589,93388,2.105,7.4182,0.1348
410,11305535,A,2110369,377359128,26790,14086,93388,2.105,6.6298,0.1508
411,11305535,D,2120077,670282887,61837,10840,93388,2.105,8.6151,0.1161
412,11305545,A,2110374,253567649,26831,9451,125023,15.28,13.2285,0.0756
413,11305545,A,2110377,159555358,7700,20721,125023,15.28,6.0336,0.1657
414,11305545,A,2110378,104813337,9405,11144,125023,15.28,11.2189,0.0891
415,11305545,D,2120078,1228485460,66620,18440,125023,15.28,6.78,0.1475
416,11305555,A,2110361,91177463,10704,8518,85663,-0.209,10.0567,0.0994
417,11305555,A,2110363,178408841,17901,9967,85663,-0.209,8.5947,0.1164
418,11305555,A,2110368,129369869,15906,8133,85663,-0.209,10.5328,0.0949
419,11305555,A,2110370,217842727,16739,13014,85663,-0.209,6.5824,0.1519
420,11305555,A,2110371,326521195,13392,24383,85663,-0.209,3.5132,0.2846
421,11305575,A,2110354,196850595,12628,15589,116140,-9.087,7.4501,0.1342
422,11305590,A,2110373,311370273,28138,11066,95290,7.23,8.6111,0.1161
423,11305590,A,2110376,371888969,37579,9896,95290,7.23,9.6291,0.1039
424,11305590,A,2110379,348108824,32768,10623,95290,7.23,8.9702,0.1115
425,11305600,A,2110375,158837725,11751,13516,53242,-18.39,3.9392,0.2539
426,11305606,A,2110381,227072911,19880,11422,81298,2.21,7.1177,0.1405
427,11305610,A,2110344,136042421,17997,7559,86732,3.921,11.474,0.0872
428,11305610,A,2110349,90018546,3171,28390,86732,3.921,3.055,0.3273
429,11305610,A,2110352,178222626,16402,10866,86732,3.921,7.982,0.1253
430,11305610,A,2110360,388570121,35496,10947,86732,3.921,7.9229,0.1262
431,11305620,A,2110353,335995378,14137,23768,81500,-5.423,3.429,0.2916
432,11305620,A,2110356,182357754,9512,19171,81500,-5.423,4.2512,0.2352
433,11305620,A,2110357,181898151,18756,9698,81500,-5.423,8.4038,0.119
434,11305620,A,2110362,265967202,33373,7969,81500,-5.423,10.2271,0.0978
435,11305630,A,2110358,159115869,7926,20076,100610,-2.898,5.0115,0.1995
436,11305630,A,2110359,150941377,12643,11939,100610,-2.898,8.427,0.1187
437,11305630,A,2110366,416680950,13382,31138,100610,-2.898,3.2311,0.3095
438,11305630,A,2110367,353017861,22145,15941,100610,-2.898,6.3114,0.1584
439,11305630,A,2110372,202978972,11302,17959,100610,-2.898,5.6022,0.1785
440,11305630,D,2120076,-2147483648,278404,14508,100610,-2.898,6.9348,0.1442
441,11305645,A,2110339,778662864,30176,25804,87026,11.158,3.3726,0.2965
442,11305645,A,2110341,468764428,29653,15808,87026,11.158,5.5052,0.1816
443,11305645,A,2110343,109891579,14932,7360,87026,11.158,11.8242,0.0846
444,11305645,A,2110345,158541939,10370,15289,87026,11.158,5.6921,0.1757
445,11305645,A,2110346,386649984,25869,14946,87026,11.158,5.8227,0.1717
446,11305660,A,2110337,520455864,26580,19580,65714,5.119,3.3562,0.298
447,11305660,A,2110340,59411524,7708,7708,65714,5.119,8.5254,0.1173
448,11305660,A,2110342,91090648,8972,10153,65714,5.119,6.4724,0.1545
449,11305660,A,2110348,149826629,10765,13919,65714,5.119,4.7212,0.2118
450,11305660,A,2110350,168557966,10616,15878,65714,5.119,4.1387,0.2416
451,11305660,A,2110351,99105075,8575,11557,65714,5.119,5.6861,0.1759
452,11320511,A,2110396,562333320,59551,9443,112318,29.222,11.8943,0.0841
453,11320512,A,2110399,415417440,45097,9212,83257,6.479,9.0379,0.1106
454,11320513,A,2110404,522928934,30394,17205,73357,-5.205,4.2637,0.2345
455,11320514,D,2120079,1004766151,88908,11301,109496,-9.106,9.6891,0.1032
456,11320515,A,2110401,217536927,13165,16524,104501,5.923,6.3242,0.1581
457,11320515,A,2110408,238650336,19767,12073,104501,5.923,8.6558,0.1155
458,11320515,A,2110409,303959467,24650,12331,104501,5.923,8.4747,0.118
459,11320521,A,2110397,660878661,57937,11407,70348,-11.228,6.1671,0.1622
460,11320521,A,2110406,1241517816,62254,19943,70348,-11.228,3.5275,0.2835
461,11320521,A,2110407,575139591,43514,13217,70348,-11.228,5.3225,0.1879
462,11320522,A,2110411,129079220,8437,15300,99113,16.043,6.478,0.1544
463,11320522,A,2110413,361778034,12462,29030,99113,16.043,3.4142,0.2929
464,11320660,A,2110382,126444714,16102,7852,81909,-11.915,10.4316,0.0959
465,11320660,A,2110383,253081294,31448,8048,81909,-11.915,10.1776,0.0983
466,11320660,A,2110384,73604416,3128,23531,81909,-11.915,3.4809,0.2873
467,11320660,A,2110387,343776110,38007,9045,81909,-11.915,9.0557,0.1104
468,11320670,A,2110398,270881873,21713,12476,100133,10.792,8.0261,0.1246
469,11320670,A,2110400,344171545,24026,14325,100133,10.792,6.9901,0.1431
470,11320680,A,2110388,97792904,6710,14574,89818,0.306,6.1629,0.1623
471,11320680,A,2110389,197105805,8104,24323,89818,0.306,3.6927,0.2708
472,11320681,A,2110392,137028325,14103,9716,97562,18.124,10.0414,0.0996
473,11320690,A,2110395,123939876,3836,32308,88469,-6.418,2.7383,0.3652
474,11320690,A,2110402,356113229,26539,13418,88469,-6.418,6.5933,0.1517
475,11320690,A,2110403,428598623,34163,12546,88469,-6.418,7.0516,0.1418
476,11320690,A,2110405,477086917,39189,12174,88469,-6.418,7.267,0.1376
477,11320690,A,2110410,417210389,31290,13333,88469,-6.418,6.6353,0.1507
478,11320690,A,2110412,203368224,13103,15520,88469,-6.418,5.7003,0.1754
479,11320700,A,2110390,285079039,26247,10861,74499,2.926,6.8593,0.1458
480,11320700,A,2110391,408490858,54038,7559,74499,2.926,9.8557,0.1015
481,11320700,A,2110394,228370561,18932,12062,74499,2.926,6.1763,0.1619
482,11320710,A,2110386,238650396,28846,8273,85428,22.26,10.3261,0.0968
483,11320710,A,2110393,100368946,8946,11219,85428,22.26,7.6146,0.1313
484,11350560,A,2110414,125654706,15032,8359,104628,-3.46,12.5168,0.0799
485,11350560,A,2110418,62999492,4621,13632,104628,-3.46,7.6752,0.1303
486,11350560,A,2110420,296157165,32359,9152,104628,-3.46,11.4323,0.0875
487,11350560,A,2110421,639954176,41695,15349,104628,-3.46,6.8166,0.1467
488,11350560,A,2110423,459149259,49727,9233,104628,-3.46,11.332,0.0882
489,11350570,A,2110417,60934566,8800,6925,79404,-13.272,11.4663,0.0872
490,11350595,A,2110429,600927458,45136,13314,88798,-1.376,6.6695,0.1499
491,11350595,A,2110433,95251900,10963,8689,88798,-1.376,10.2196,0.0979
492,11350595,A,2110434,53806721,6924,7771,88798,-1.376,11.4268,0.0875
493,11350595,D,2120084,863350907,52292,16510,88798,-1.376,5.3784,0.1859
494,11350595,D,2120086,427581169,35291,12116,88798,-1.376,7.329,0.1364
495,11350600,A,2110435,233250285,21676,10761,103264,-1.627,9.5961,0.1042
496,11350600,A,2110438,687040524,53103,12938,103264,-1.627,7.9814,0.1253
497,11350600,A,2110442,123503069,14359,8601,103264,-1.627,12.006,0.0833
498,11350611,A,2110427,271076941,39354,6888,86392,-2.556,12.5424,0.0797
499,11350611,A,2110432,240653140,14356,16763,86392,-2.556,5.1537,0.194
500,11350619,A,2110441,245402990,31019,7911,102411,10.328,12.9454,0.0772
501,11350619,D,2120085,1129223139,133310,8471,102411,10.328,12.0896,0.0827
502,11350624,A,2110430,293661241,19737,14878,102958,-0.425,6.9202,0.1445
503,11350624,A,2110431,1096211234,77061,14225,102958,-0.425,7.2378,0.1382
504,11350624,A,2110436,462938346,30457,15200,102958,-0.425,6.7736,0.1476
505,11350625,D,2120083,918929252,102763,8942,95326,-17.302,10.6605,0.0938
506,11350630,A,2110415,601936123,57113,10539,88302,-5.64,8.3786,0.1194
507,11350630,A,2110416,534870123,28027,19084,88302,-5.64,4.627,0.2161
508,11350630,A,2110419,861445197,55287,15581,88302,-5.64,5.6673,0.1765
509,11350640,A,2110424,240348673,24703,9729,107561,-12.143,11.0557,0.0905
510,11350640,A,2110426,431705249,36174,11934,107561,-12.143,9.013,0.111
511,11350640,D,2120081,-2147483648,384823,12214,107561,-12.143,8.8064,0.1136
512,11350665,A,2110437,117931251,5931,19884,82546,10.669,4.1514,0.2409
513,11350665,A,2110439,131620225,15729,8368,82546,10.669,9.8645,0.1014
514,11350665,A,2110440,175107346,17514,9998,82546,10.669,8.2563,0.1211
515,11350670,A,2110425,220797165,17407,12684,81365,12.194,6.4148,0.1559
516,11350670,A,2110428,227532691,18694,12172,81365,12.194,6.6846,0.1496
517,11350695,D,2120082,391877426,50114,7820,130899,4.4,16.739,0.0597
518,11350710,D,2120080,444255136,45717,9718,121133,6.7,12.4648,0.0802
519,11350720,A,2110422,27182415,1679,16189,116527,5.063,7.1979,0.1389
520,11380510,A,2110477,475005377,22819,20816,97419,8.36,4.68,0.2137
521,11380510,A,2110484,298315558,25942,11499,97419,8.36,8.472,0.118
522,11380510,A,2110486,530769516,32446,16358,97419,8.36,5.9554,0.1679
523,11380510,A,2110489,290036492,9188,31567,97419,8.36,3.0861,0.324
524,11380510,A,2110490,187305067,23052,8125,97419,8.36,11.99,0.0834
525,11380520,A,2110487,280224592,19206,14590,89758,-3.91,6.152,0.1625
526,11380530,A,2110474,218472143,29365,7440,110301,6.557,14.8254,0.0675
527,11380530,A,2110479,176128206,15208,11581,110301,6.557,9.5243,0.105
528,11380530,A,2110480,63382408,5191,12209,110301,6.557,9.0344,0.1107
529,11380530,A,2110482,96546592,3900,24753,110301,6.557,4.4561,0.2244
530,11380530,A,2110483,181383323,20991,8641,110301,6.557,12.7648,0.0783
531,11380530,A,2110485,130292655,7048,18486,110301,6.557,5.9667,0.1676
532,11380530,A,2110491,122205434,10283,11884,110301,6.557,9.2815,0.1077
533,11380530,D,2120090,702972211,88713,7924,110301,6.557,13.9199,0.0718
534,11380551,A,2110462,122582090,16791,7301,99334,2.48,13.6055,0.0735
535,11380551,A,2110465,226791779,19353,11719,99334,2.48,8.4763,0.118
536,11380551,A,2110467,290244592,24094,12046,99334,2.48,8.2462,0.1213
537,11380552,A,2110454,89968863,10391,8658,98936,6.498,11.4271,0.0875
538,11380552,A,2110458,206044708,29134,7072,98936,6.498,13.9898,0.0715
539,11380552,A,2110460,494127614,53379,9257,98936,6.498,10.6877,0.0936
540,11380552,A,2110464,375988421,25348,14833,98936,6.498,6.67,0.1499
541,11380552,D,2120088,364357012,36021,10115,98936,6.498,9.7811,0.1022
542,11380560,A,2110447,11271972,478,23606,81947,0.732,3.4714,0.2881
543,11380560,A,2110450,430487798,48378,8898,81947,0.732,9.2096,0.1086
544,11380560,A,2110456,260617075,30749,8476,81947,0.732,9.6681,0.1034
545,11380560,A,2110457,123536645,13431,9198,81947,0.732,8.9092,0.1122
546,11380570,A,2110472,428039686,37672,11362,109206,-4.267,9.6115,0.104
547,11380570,A,2110473,272076798,22428,12131,109206,-4.267,9.0022,0.1111
548,11380570,A,2110476,145835119,13023,11198,109206,-4.267,9.7523,0.1025
549,11380570,A,2110481,413244141,19546,21143,109206,-4.267,5.1651,0.1936
550,11380570,D,2120092,443077126,36013,12303,109206,-4.267,8.8764,0.1127
551,11380580,A,2110470,247008558,22771,10847,107449,3.673,9.9059,0.101
552,11380580,A,2110475,242869109,24885,9759,107449,3.673,11.0102,0.0908
553,11380580,A,2110478,276486643,33621,8224,107449,3.673,13.0653,0.0765
554,11380580,A,2110488,288953374,33312,8674,107449,3.673,12.3875,0.0807
555,11380580,D,2120091,936773459,57409,16318,107449,3.673,6.5847,0.1519
556,11380600,A,2110461,210588075,18747,11233,94310,4.669,8.3958,0.1191
557,11380600,A,2110463,417131352,39991,10431,94310,4.669,9.0413,0.1106
558,11380600,A,2110469,406905383,42383,9601,94310,4.669,9.8229,0.1018
559,11380600,A,2110471,127143132,7579,16775,94310,4.669,5.6221,0.1779
560,11380625,A,2110455,300483771,25228,11911,91040,4.499,7.6434,0.1308
561,11380625,A,2110459,215931006,21396,10092,91040,4.499,9.021,0.1109
562,11380625,A,2110466,189643539,17736,10692,91040,4.499,8.5148,0.1174
563,11380625,A,2110468,451505746,36706,12301,91040,4.499,7.401,0.1351
564,11380631,A,2110453,435935363,36256,12024,101655,9.639,8.4543,0.1183
565,11380631,D,2120087,420318144,43240,9721,101655,9.639,10.4573,0.0956
566,11380632,A,2110446,218154787,19805,11015,73301,-7.725,6.6547,0.1503
567,11380632,A,2110448,255240936,23809,10720,73301,-7.725,6.8378,0.1462
568,11380632,A,2110452,191473139,20674,9261,73301,-7.725,7.915,0.1263
569,11380640,A,2110444,276278934,7030,39300,84993,10.95,2.1627,0.4624
570,11380640,A,2110449,240559855,24503,9818,84993,10.95,8.6569,0.1155
571,11380640,A,2110451,236883365,21955,10789,84993,10.95,7.8777,0.1269
572,11380650,A,2110443,20994014,910,23058,103994,15.234,4.5101,0.2217
573,11380690,A,2110492,70513701,3599,19593,116897,3.145,5.9663,0.1676
574,11380690,D,2120089,634334980,59743,10618,116897,3.145,11.0093,0.0908
575,11410520,A,2110535,107953917,3691,29246,129540,15.602,4.4293,0.2258
576,11410520,A,2110536,49437027,3218,15364,129540,15.602,8.4314,0.1186
577,11410555,A,2110530,237150697,5871,40393,141733,33.57,3.5089,0.285
578,11410555,A,2110532,111142771,5572,19947,141733,33.57,7.1055,0.1407
579,11410565,A,2110534,38029572,3399,11189,115287,8.74,10.3036,0.0971
580,11410565,A,2110537,420958466,47205,8918,115287,8.74,12.9275,0.0774
581,11410565,A,2110538,221288845,13618,16250,115287,8.74,7.0946,0.141
582,11410565,A,2110539,603642738,24322,24819,115287,8.74,4.6451,0.2153
583,11410565,D,2120097,545651737,46006,11860,115287,8.74,9.7207,0.1029
584,11410585,A,2110509,342943632,38505,8906,136179,0.46,15.2907,0.0654
585,11410585,A,2110514,105649112,11219,9417,136179,0.46,14.461,0.0692
586,11410585,A,2110520,186683779,12910,14460,136179,0.46,9.4176,0.1062
587,11410585,A,2110524,240245798,19196,12515,136179,0.46,10.8813,0.0919
588,11410585,A,2110526,484986909,37537,12920,136179,0.46,10.5402,0.0949
589,11410585,D,2120094,-2147483648,314483,12849,136179,0.46,10.5984,0.0944
590,11410585,D,2120096,801798728,104655,7661,136179,0.46,17.7756,0.0563
591,11410615,A,2110501,59179653,5769,10258,103939,5.112,10.1325,0.0987
592,11410615,A,2110505,97992046,2548,38458,103939,5.112,2.7027,0.37
593,11410615,A,2110506,61433486,2031,30252,103939,5.112,3.4358,0.2911
594,11410615,A,2110508,312130676,21807,14313,103939,5.112,7.2619,0.1377
595,11410615,A,2110510,113541676,10129,11210,103939,5.112,9.272,0.1079
596,11410615,A,2110511,410564621,55756,7364,103939,5.112,14.1145,0.0708
597,11410615,A,2110512,43403927,1759,24681,103939,5.112,4.2113,0.2375
598,11410615,A,2110513,321529900,7303,44030,103939,5.112,2.3606,0.4236
599,11410615,A,2110517,262806670,18871,13926,103939,5.112,7.4637,0.134
600,11410615,A,2110518,97551400,9477,10294,103939,5.112,10.097,0.099
601,11410615,D,2120093,1237432676,74512,16607,103939,5.112,6.2587,0.1598
602,11410620,A,2110519,301309760,30220,9971,112757,-5.339,11.3085,0.0884
603,11410620,A,2110521,285799689,12775,22372,112757,-5.339,5.0401,0.1984
604,11410620,A,2110522,134377329,11466,11719,112757,-5.339,9.6217,0.1039
605,11410620,A,2110523,118083749,19173,6159,112757,-5.339,18.3077,0.0546
606,11410620,D,2120095,641353516,49517,12952,112757,-5.339,8.7058,0.1149
607,11410640,A,2110527,181524831,16308,11131,99808,3.363,8.9667,0.1115
608,11410640,A,2110528,170577813,18974,8990,99808,3.363,11.1021,0.0901
609,11410640,A,2110529,217245284,19808,10968,99808,3.363,9.0999,0.1099
610,11410660,A,2110525,207902838,17972,11568,98045,19.11,8.4755,0.118
611,11410685,A,2110504,688283002,73391,9378,94429,4.702,10.0692,0.0993
612,11410685,A,2110507,548898988,50295,10914,94429,4.702,8.6521,0.1156
613,11410685,A,2110515,56105798,8236,6812,94429,4.702,13.8622,0.0721
614,11410685,A,2110516,11397377,424,26908,94429,4.702,3.5093,0.285
615,11410690,A,2110497,96961035,4622,20976,147458,9.417,7.0298,0.1423
616,11410700,A,2110500,121587915,15325,7934,117277,10.707,14.7816,0.0677
617,11410700,A,2110502,480738162,40676,11819,117277,10.707,9.9228,0.1008
618,11410700,A,2110503,186951543,17754,10530,117277,10.707,11.1374,0.0898
619,11410710,A,2110493,152017952,18490,8222,91017,5.531,11.0699,0.0903
620,11410710,A,2110494,289126091,36361,7952,91017,5.531,11.4458,0.0874
621,11410720,A,2110495,550521319,35166,15655,88219,7.611,5.6352,0.1775
622,11410720,A,2110496,581967163,43382,13415,88219,7.611,6.5761,0.1521
623,11410720,A,2110498,474573716,33396,14211,88219,7.611,6.2078,0.1611
624,11410720,A,2110499,203622594,25122,8105,88219,7.611,10.8845,0.0919
625,11440555,A,2110583,193019219,5878,32838,148472,10.582,4.5213,0.2212
626,11440555,A,2110584,151718419,1552,97725,148472,10.582,1.5193,0.6582
627,11440555,A,2110585,174643504,11434,15274,148472,10.582,9.7206,0.1029
628,11440565,A,2110586,695004566,33082,21009,118067,14.781,5.6198,0.1779
629,11440565,A,2110587,183335718,20173,9088,118067,14.781,12.9915,0.077
630,11440565,A,2110588,157986620,12941,12208,118067,14.781,9.6713,0.1034
631,11440565,A,2110589,131404269,12338,10651,118067,14.781,11.0851,0.0902
632,11440565,A,2110590,105761662,5945,17791,118067,14.781,6.6363,0.1507
633,11440565,D,2120107,1606230290,125046,12845,118067,14.781,9.1917,0.1088
634,11440585,A,2110579,378086892,8624,43843,149310,5.619,3.4056,0.2936
635,11440590,A,2110577,211439710,16142,13099,123471,2.012,9.426,0.1061
636,11440590,D,2120106,933590772,65669,14217,123471,2.012,8.6847,0.1151
637,11440600,A,2110573,51292670,5636,9102,129797,9.749,14.2603,0.0701
638,11440600,A,2110574,48102567,7686,6259,129797,9.749,20.7377,0.0482
639,11440600,A,2110575,104766995,8443,12409,129797,9.749,10.4599,0.0956
640,11440600,A,2110576,499771169,37544,13311,129797,9.749,9.7511,0.1026
641,11440600,A,2110580,162542777,16268,9992,129797,9.749,12.9901,0.077
642,11440610,A,2110578,475256694,51305,9263,143074,12.157,15.4458,0.0647
643,11440610,A,2110581,179531712,7790,23047,143074,12.157,6.2079,0.1611
644,11440610,A,2110582,217702048,23267,9357,143074,12.157,15.2906,0.0654
645,11440630,A,2110570,395462166,55385,7140,148090,33.535,20.7409,0.0482
646,11440630,A,2110571,164502155,21235,7747,148090,33.535,19.1158,0.0523
647,11440630,A,2110572,492541661,60321,8165,148090,33.535,18.1372,0.0551
648,11440655,A,2110561,448660665,37653,11916,144855,5.753,12.1563,0.0823
649,11440655,A,2110563,99523463,3993,24926,144855,5.753,5.8114,0.1721
650,11440655,A,2110565,154784864,23096,6702,144855,5.753,21.6137,0.0463
651,11440655,A,2110567,49524119,4623,10713,144855,5.753,13.5214,0.074
652,11440655,A,2110568,333733722,41207,8099,144855,5.753,17.8855,0.0559
653,11440655,D,2120105,984265360,74250,13256,144855,5.753,10.9275,0.0915
654,11440660,A,2110554,277916740,24424,11379,149801,6.505,13.1647,0.076
655,11440660,A,2110555,94984723,6899,13767,149801,6.505,10.8812,0.0919
656,11440660,A,2110557,253858852,23294,10898,149801,6.505,13.7457,0.0727
657,11440660,A,2110564,403403282,22262,18121,149801,6.505,8.2667,0.121
658,11440660,A,2110566,626593916,57055,10982,149801,6.505,13.6406,0.0733
659,11440660,A,2110569,407053668,25830,15759,149801,6.505,9.5057,0.1052
660,11440660,D,2120100,778050164,59411,13096,149801,6.505,11.4387,0.0874
661,11440660,D,2120102,1557420939,118757,13114,149801,6.505,11.423,0.0875
662,11440660,D,2120103,-2147483648,345268,15823,149801,6.505,9.4673,0.1056
663,11440660,D,2120104,-2147483648,266969,15679,149801,6.505,9.5542,0.1047
664,11440680,A,2110546,525882339,52850,9950,119009,-4.816,11.9607,0.0836
665,11440680,A,2110550,915795602,52366,17488,119009,-4.816,6.8052,0.1469
666,11440680,A,2110556,25444861,228,111723,119009,-4.816,1.0652,0.9388
667,11440680,A,2110559,501025537,29753,16839,119009,-4.816,7.0675,0.1415
668,11440680,D,2120101,-2147483648,191038,11738,119009,-4.816,10.1388,0.0986
669,11440690,A,2110540,153351355,14288,10733,133100,4.704,12.401,0.0806
670,11440690,A,2110544,1218373954,94259,12926,133100,4.704,10.2971,0.0971
671,11440700,A,2110541,302275084,28710,10529,109196,0.285,10.371,0.0964
672,11440700,A,2110542,292620103,26671,10971,109196,0.285,9.9531,0.1005
673,11440700,A,2110547,578001084,42755,13519,109196,0.285,8.0772,0.1238
674,11440710,A,2110560,122828495,9082,13524,131608,5.831,9.7314,0.1028
675,11440710,A,2110562,395418488,37923,10427,131608,5.831,12.6218,0.0792
676,11440720,A,2110548,273942619,17671,15502,87958,-3.45,5.674,0.1762
677,11440720,A,2110551,297746407,29232,10186,87958,-3.45,8.6352,0.1158
678,11440720,A,2110552,624674361,52441,11912,87958,-3.45,7.384,0.1354
679,11440720,A,2110558,942968394,54663,17250,87958,-3.45,5.099,0.1961
680,11440730,A,2110543,94614502,13651,6931,134708,13.812,19.4356,0.0515
681,11440730,A,2110545,672572196,78032,8619,134708,13.812,15.6292,0.064
682,11440730,A,2110549,151196862,15529,9736,134708,13.812,13.8361,0.0723
683,11440730,A,2110553,188422928,16086,11713,134708,13.812,11.5007,0.087
684,11440730,D,2120099,193496802,25060,7721,134708,13.812,17.447,0.0573
685,11440740,D,2120098,-2147483648,288805,10441,140509,-3.232,13.4574,0.0743
686,11470510,A,2110621,173555448,15150,11456,136814,4.968,11.9426,0.0837
687,11470510,D,2120113,1648482802,84843,19430,136814,4.968,7.0414,0.142
688,11470520,A,2110622,267244320,29288,9125,108817,8.128,11.9252,0.0839
689,11470520,A,2110624,80822072,9296,8695,108817,8.128,12.5149,0.0799
690,11470520,A,2110626,85621542,8529,10039,108817,8.128,10.8394,0.0923
691,11470520,A,2110628,73939270,2323,31832,108817,8.128,3.4185,0.2925
692,11470530,A,2110617,68160800,7319,9313,115686,9.986,12.422,0.0805
693,11470530,D,2120112,1326745230,119375,11114,115686,9.986,10.409,0.0961
694,11470540,A,2110618,246629713,26663,9250,97551,2.485,10.5461,0.0948
695,11470540,A,2110619,90798130,2115,42931,97551,2.485,2.2723,0.4401
696,11470540,A,2110620,188706643,18767,10055,97551,2.485,9.7017,0.1031
697,11470550,D,2120114,-2147483648,346261,9943,146962,-2.675,14.7804,0.0677
698,11470560,A,2110597,311291609,22922,13581,85282,4.888,6.2795,0.1592
699,11470560,A,2110599,159193394,15974,9966,85282,4.888,8.5573,0.1169
700,11470560,A,2110601,567615880,39865,14238,85282,4.888,5.9897,0.167
701,11470570,A,2110607,337383278,13657,24705,77374,5.995,3.1319,0.3193
702,11470570,A,2110608,95650637,10718,8924,77374,5.995,8.6703,0.1153
703,11470580,A,2110592,161586765,15130,10680,82860,18.511,7.7584,0.1289
704,11470580,A,2110593,409441746,39684,10318,82860,18.511,8.0306,0.1245
705,11470580,A,2110596,122941816,16602,7405,82860,18.511,11.1897,0.0894
706,11470590,A,2110604,391213141,35510,11017,89343,11.829,8.1096,0.1233
707,11470590,A,2110606,728007355,60605,12012,89343,11.829,7.4378,0.1344
708,11470600,A,2110594,99402847,10454,9508,75059,3.37,7.8943,0.1267
709,11470600,A,2110595,432991755,24349,17783,75059,3.37,4.2208,0.2369
710,11470610,A,2110605,304312931,17923,16979,111123,20.468,6.5447,0.1528
711,11470611,A,2110598,303428852,26012,11665,67020,-8.152,5.7454,0.1741
712,11470611,A,2110600,241371153,14716,16403,67020,-8.152,4.0858,0.2447
713,11470611,A,2110602,35957748,2506,14351,67020,-8.152,4.6701,0.2141
714,11470620,A,2110613,137597521,8663,15884,112121,9.816,7.0587,0.1417
715,11470620,A,2110615,290300234,28436,10209,112121,9.816,10.9826,0.0911
716,11470620,D,2120109,446990532,33849,13205,112121,9.816,8.4908,0.1178
717,11470630,A,2110625,322224997,19452,16565,102738,-2.825,6.2021,0.1612
718,11470630,A,2110627,456664998,36422,12538,102738,-2.825,8.1941,0.122
719,11470640,A,2110603,181320324,18508,9797,97791,2.648,9.9817,0.1002
720,11470640,A,2110609,90464464,12813,7060,97791,2.648,13.8514,0.0722
721,11470640,A,2110610,67952623,2124,32000,97791,2.648,3.056,0.3272
722,11470650,A,2110611,354369106,35129,10088,104566,11.04,10.3654,0.0965
723,11470650,A,2110612,215368431,23572,9136,104566,11.04,11.4455,0.0874
724,11470650,A,2110614,221013263,7292,30307,104566,11.04,3.4502,0.2898
725,11470650,A,2110616,72853876,2493,29226,104566,11.04,3.5778,0.2795
726,11470650,D,2120108,897873281,55766,16101,104566,11.04,6.4944,0.154
727,11470650,D,2120110,1125467213,86763,12972,104566,11.04,8.0609,0.1241
728,11470680,A,2110623,723251758,41407,17467,96209,-16.552,5.508,0.1816
729,11500510,A,2110678,193554609,14455,13390,111887,9.117,8.356,0.1197
730,11500510,A,2110679,262363902,23763,11041,111887,9.117,10.1338,0.0987
731,11500520,A,2110671,476119890,37494,12699,107913,10.193,8.4978,0.1177
732,11500520,A,2110677,126195302,8314,15178,107913,10.193,7.1098,0.1407
733,11500530,A,2110672,18743995,2871,6529,109359,8.229,16.7497,0.0597
734,11500530,A,2110676,114859175,12625,9098,109359,8.229,12.0201,0.0832
735,11500535,A,2110657,556297149,43303,12847,117867,5.689,9.1747,0.109
736,11500535,A,2110660,584694254,45302,12906,117867,5.689,9.1327,0.1095
737,11500535,A,2110667,208835171,18922,11036,117867,5.689,10.6802,0.0936
738,11500540,A,2110647,227880971,15280,14914,104796,7.977,7.0267,0.1423
739,11500540,A,2110651,466786287,49508,9429,104796,7.977,11.1142,0.09
740,11500540,A,2110654,580058913,55461,10459,104796,7.977,10.0197,0.0998
741,11500540,A,2110656,1098841377,88531,12412,104796,7.977,8.4431,0.1184
742,11500540,D,2120120,1621817932,172391,9408,104796,7.977,11.139,0.0898
743,11500540,D,2120121,999967832,69531,14382,104796,7.977,7.2866,0.1372
744,11500550,A,2110665,226689462,18609,12181,80576,2.232,6.6149,0.1512
745,11500550,A,2110668,238037124,19544,12179,80576,2.232,6.616,0.1511
746,11500560,A,2110646,553697292,50044,11064,124772,10.191,11.2773,0.0887
747,11500570,A,2110670,126679628,12714,9964,101865,1.758,10.2233,0.0978
748,11500570,A,2110673,422677001,46327,9124,101865,1.758,11.1645,0.0896
749,11500570,A,2110675,162666325,15781,10307,101865,1.758,9.8831,0.1012
750,11500570,D,2120111,698916637,41144,16987,101865,1.758,5.9966,0.1668
751,11500590,A,2110658,666611402,56540,11790,97103,-0.301,8.236,0.1214
752,11500590,A,2110659,426535396,42011,10153,97103,-0.301,9.564,0.1046
753,11500591,A,2110661,62384858,4615,13518,127041,14.867,9.3979,0.1064
754,11500591,A,2110663,153812590,10852,14174,127041,14.867,8.963,0.1116
755,11500591,A,2110664,224456406,12141,18488,127041,14.867,6.8715,0.1455
756,11500591,A,2110666,41527259,1802,23049,127041,14.867,5.5118,0.1814
757,11500591,A,2110669,87646519,6464,13559,127041,14.867,9.3695,0.1067
758,11500591,D,2120122,1768087071,128641,13744,127041,14.867,9.2434,0.1082
759,11500593,A,2110662,367836600,39427,9330,123209,5.116,13.2057,0.0757
760,11500603,A,2110648,719681514,74566,9652,145468,3.694,15.0713,0.0664
761,11500603,A,2110652,436590813,47511,9189,145468,3.694,15.8307,0.0632
762,11500603,D,2120118,-2147483648,116226,22586,145468,3.694,6.4406,0.1553
763,11500603,D,2120119,-2147483648,172194,15228,145468,3.694,9.5527,0.1047
764,11500605,A,2110674,104485258,10589,9868,111051,-0.061,11.2536,0.0889
765,11500611,A,2110644,116850068,1489,78456,95791,7.929,1.221,0.819
766,11500611,A,2110645,369887576,38694,9559,95791,7.929,10.021,0.0998
767,11500611,D,2120117,347037452,12730,27262,95791,7.929,3.5137,0.2846
768,11500615,A,2110649,265712341,35008,7590,125855,9.068,16.5817,0.0603
769,11500615,A,2110650,356910448,28394,12570,125855,9.068,10.0123,0.0999
770,11500615,A,2110653,259324310,25212,10286,125855,9.068,12.2356,0.0817
771,11500615,A,2110655,405422756,23476,17270,125855,9.068,7.2875,0.1372
772,11500620,A,2110629,88027776,10799,8152,116945,11.017,14.3456,0.0697
773,11500620,A,2110634,600393648,53747,11171,116945,11.017,10.4686,0.0955
774,11500620,A,2110635,331930337,20509,16185,116945,11.017,7.2255,0.1384
775,11500620,A,2110637,241903638,29674,8152,116945,11.017,14.3456,0.0697
776,11500620,A,2110643,563003301,42031,13395,116945,11.017,8.7305,0.1145
777,11500620,D,2120116,456596602,21535,21202,116945,11.017,5.5158,0.1813
778,11500630,A,2110632,368328831,25310,14552,120094,11.535,8.2527,0.1212
779,11500630,A,2110636,239472025,15860,15099,120094,11.535,7.9538,0.1257
780,11500630,A,2110638,838008720,71979,11642,120094,11.535,10.3156,0.0969
781,11500630,A,2110639,175820174,12819,13716,120094,11.535,8.7558,0.1142
782,11500630,A,2110641,365918099,43801,8354,120094,11.535,14.3756,0.0696
783,11500640,A,2110630,332709021,26882,12376,92820,16.312,7.5,0.1333
784,11500640,A,2110631,112623030,8498,13253,92820,16.312,7.0037,0.1428
785,11500640,A,2110633,243131483,13228,18380,92820,16.312,5.0501,0.198
786,11500640,D,2120115,248593594,67955,3658,92820,16.312,25.3745,0.0394
787,11500641,A,2110640,694025045,66399,10452,121780,6.217,11.6514,0.0858
788,11500641,A,2110642,41773516,738,56585,121780,6.217,2.1522,0.4646
789,11530510,A,2110707,305954225,13883,22039,101397,-8.485,4.6008,0.2174
790,11530530,A,2110708,134829426,13868,9722,97379,0.017,10.0164,0.0998
791,11530530,A,2110709,192850302,17797,10836,97379,0.017,8.9866,0.1113
792,11530530,A,2110710,496509351,33573,14789,97379,0.017,6.5846,0.1519
793,11530530,A,2110711,265447636,11717,22655,97379,0.017,4.2983,0.2326
794,11530530,A,2110716,279303114,12414,22499,97379,0.017,4.3281,0.231
795,11530530,D,2120125,1052611639,99128,10619,97379,0.017,9.1703,0.109
796,11530540,A,2110719,9752776,1833,5321,129333,1.209,24.3061,0.0411
797,11530540,A,2110722,326302669,34511,9455,129333,1.209,13.6788,0.0731
798,11530540,D,2120129,-2147483648,421497,9965,129333,1.209,12.9787,0.077
799,11530540,D,2120130,-2147483648,118934,20632,129333,1.209,6.2686,0.1595
800,11530550,A,2110712,239949870,18309,13106,103720,-10.339,7.9139,0.1264
801,11530550,A,2110714,629093217,53977,11655,103720,-10.339,8.8992,0.1124
802,11530550,A,2110720,347892076,18129,19190,103720,-10.339,5.4049,0.185
803,11530560,A,2110713,542860078,32391,16759,99888,-5.767,5.9603,0.1678
804,11530560,A,2110715,110640058,7002,15800,99888,-5.767,6.322,0.1582
805,11530560,A,2110718,1057549693,48250,21918,99888,-5.767,4.5574,0.2194
806,11530560,D,2120127,804843711,79224,10159,99888,-5.767,9.8325,0.1017
807,11530560,D,2120128,-2147483648,291297,7738,99888,-5.767,12.9088,0.0775
808,11530595,A,2110717,608645754,49596,12272,96422,3.19,7.8571,0.1273
809,11530595,A,2110721,94887546,7152,13267,96422,3.19,7.2678,0.1376
810,11530595,D,2120126,436097571,41227,10578,96422,3.19,9.1153,0.1097
811,11530720,A,2110700,93397786,3197,29211,70742,-19.613,2.4218,0.4129
812,11530720,A,2110704,477973690,18398,25980,70742,-19.613,2.7229,0.3673
813,11530720,A,2110705,13023012,1768,7364,70742,-19.613,9.6065,0.1041
814,11530720,A,2110706,447591355,40477,11058,70742,-19.613,6.3974,0.1563
815,11530730,A,2110694,276740290,24418,11333,72308,-1.922,6.3803,0.1567
816,11530730,A,2110695,310902945,17764,17502,72308,-1.922,4.1314,0.242
817,11530730,A,2110699,140860641,12665,11122,72308,-1.922,6.5013,0.1538
818,11530730,A,2110701,264679535,12252,21604,72308,-1.922,3.347,0.2988
819,11530740,A,2110691,219654077,18339,11978,75423,4.018,6.2968,0.1588
820,11530740,A,2110692,48261581,1438,33569,75423,4.018,2.2468,0.4451
821,11530740,A,2110703,428675053,31651,13544,75423,4.018,5.5687,0.1796
822,11530750,A,2110696,97312692,4127,23581,107173,-7.115,4.5449,0.22
823,11530760,A,2110697,154857523,18746,8261,86078,2.145,10.4198,0.096
824,11530760,A,2110698,68732686,2335,29437,86078,2.145,2.9241,0.342
825,11530760,A,2110702,168785140,11923,14156,86078,2.145,6.0807,0.1645
826,11530760,D,2120124,756068858,60858,12424,86078,2.145,6.9284,0.1443
827,11530770,A,2110688,327848678,38070,8612,90808,-15.048,10.5444,0.0948
828,11530770,A,2110689,141483672,4745,29815,90808,-15.048,3.0457,0.3283
829,11530770,A,2110693,1537041094,191128,8042,90808,-15.048,11.2917,0.0886
830,11530770,D,2120123,1104287116,120710,9148,90808,-15.048,9.9265,0.1007
831,11530780,A,2110685,194386538,8457,22985,102540,14.355,4.4612,0.2242
832,11530780,A,2110687,139740701,8594,16259,102540,14.355,6.3067,0.1586
833,11530780,A,2110690,536774467,43055,12467,102540,14.355,8.2249,0.1216
834,11530790,A,2110680,277247779,21995,12605,86969,20.557,6.8996,0.1449
835,11530790,A,2110681,311082969,36229,8587,86969,20.557,10.128,0.0987
836,11530790,A,2110682,31506663,2715,11606,86969,20.557,7.4935,0.1334
837,11530790,A,2110683,49332492,1554,31745,86969,20.557,2.7396,0.365
838,11530790,A,2110684,309477297,41134,7524,86969,20.557,11.5589,0.0865
839,11530790,A,2110686,208597667,14877,14021,86969,20.557,6.2028,0.1612
840,11545510,A,2110723,253387684,4774,53080,114290,6.2,2.1532,0.4644
841,11545510,A,2110724,232871080,21456,10853,114290,6.2,10.5307,0.095
842,11545510,A,2110725,734323354,54517,13470,114290,6.2,8.4848,0.1179
843,11545510,A,2110729,572064969,44967,12722,114290,6.2,8.9837,0.1113
844,11545510,D,2120131,-2147483648,975844,9021,114290,6.2,12.6693,0.0789
845,11545610,A,2110726,42788247,3826,11185,90546,-3.874,8.0953,0.1235
846,11545610,A,2110727,149914901,14886,10071,90546,-3.874,8.9908,0.1112
847,11545610,A,2110728,237545808,17102,13890,90546,-3.874,6.5188,0.1534
848,11545610,A,2110730,454634105,48455,9383,90546,-3.874,9.65,0.1036
849,11545610,A,2110732,414647425,46032,9008,90546,-3.874,10.0517,0.0995
850,11545610,D,2120132,1483482454,125472,11823,90546,-3.874,7.6585,0.1306
851,11545620,A,2110735,238252875,11304,21077,99635,17.899,4.7272,0.2115
852,11545620,A,2110741,258963340,14581,17760,99635,17.899,5.6101,0.1783
853,11545620,A,2110745,267340923,30253,8837,99635,17.899,11.2748,0.0887
854,11545630,A,2110737,286823631,33521,8557,91579,7.687,10.7022,0.0934
855,11545630,A,2110738,384577811,18163,21174,91579,7.687,4.3251,0.2312
856,11545630,A,2110751,208855310,21037,9928,91579,7.687,9.2243,0.1084
857,11545630,D,2120134,789564549,45422,17383,91579,7.687,5.2683,0.1898
858,11545640,A,2110736,355160230,20026,17735,79676,-10.503,4.4926,0.2226
859,11545640,A,2110744,319189524,28235,11305,79676,-10.503,7.0479,0.1419
860,11545670,A,2110731,495347586,40049,12369,102592,6.752,8.2943,0.1206
861,11545670,A,2110733,325568512,9435,34507,102592,6.752,2.9731,0.3364
862,11545670,A,2110734,10529882,190,55420,102592,6.752,1.8512,0.5402
863,11545670,A,2110740,289456914,27300,10603,102592,6.752,9.6758,0.1034
864,11545670,A,2110742,183591495,15461,11874,102592,6.752,8.6401,0.1157
865,11545670,A,2110743,268444287,21344,12577,102592,6.752,8.1571,0.1226
866,11545670,A,2110746,489698438,28924,16930,102592,6.752,6.0598,0.165
867,11545670,D,2120133,538856680,40569,13282,102592,6.752,7.7241,0.1295
868,11545680,A,2110755,123366746,7373,16732,69507,-32.904,4.1541,0.2407
869,11545690,A,2110739,256374392,26790,9570,148038,16.669,15.469,0.0646
870,11545690,A,2110747,268765352,16395,16394,148038,16.669,9.03,0.1107
871,11545690,A,2110749,353120946,30328,11643,148038,16.669,12.7148,0.0786
872,11545700,A,2110750,191153498,14822,12896,97635,-0.131,7.571,0.1321
873,11545700,A,2110752,619089424,61614,10048,97635,-0.131,9.7169,0.1029
874,11545710,A,2110748,151861739,18476,8219,94419,-4.012,11.4879,0.087
875,11545710,A,2110753,458439028,45042,10178,94419,-4.012,9.2768,0.1078
876,11545710,A,2110754,83447456,4229,19730,94419,-4.012,4.7856,0.209
877,11560515,A,2110799,28859598,464,62137,99259,1.279,1.5974,0.626
878,11560515,A,2110803,448847927,18685,24022,99259,1.279,4.132,0.242
879,11560515,A,2110808,16727664,340,49163,99259,1.279,2.019,0.4953
880,11560515,A,2110809,197988443,10653,18586,99259,1.279,5.3405,0.1872
881,11560535,A,2110782,160220970,7360,21770,120272,3.375,5.5247,0.181
882,11560535,A,2110783,169646503,11456,14808,120272,3.375,8.1221,0.1231
883,11560535,A,2110788,104080020,3993,26068,120272,3.375,4.6138,0.2167
884,11560535,A,2110796,167182440,13954,11981,120272,3.375,10.0386,0.0996
885,11560535,A,2110800,41064426,2291,17924,120272,3.375,6.7101,0.149
886,11560535,A,2110806,16833113,4195,4012,120272,3.375,29.9781,0.0334
887,11560535,A,2110807,382199108,51441,7430,120272,3.375,16.1873,0.0618
888,11560535,D,2120144,339091603,22406,15134,120272,3.375,7.9471,0.1258
889,11560535,D,2120145,-2147483648,270157,18315,120272,3.375,6.5669,0.1523
890,11560535,D,2120146,294733396,21765,13542,120272,3.375,8.8814,0.1126
891,11560540,D,2120148,-2147483648,322965,18260,133843,1.535,7.3298,0.1364
892,11560540,D,2120149,-2147483648,514224,19899,133843,1.535,6.7261,0.1487
893,11560540,D,2120150,758410393,55415,13686,133843,1.535,9.7796,0.1023
894,11560550,A,2110763,398579054,42824,9307,89803,11.797,9.649,0.1036
895,11560550,A,2110764,459477064,24832,18503,89803,11.797,4.8534,0.206
896,11560550,A,2110770,204928490,16246,12614,89803,11.797,7.1193,0.1405
897,11560550,D,2120136,1879993852,136228,13800,89803,11.797,6.5075,0.1537
898,11560550,D,2120141,586529127,73008,8034,89803,11.797,11.1779,0.0895
899,11560560,A,2110774,204473127,17317,11807,129257,10.612,10.9475,0.0913
900,11560560,A,2110786,178731908,5543,32246,129257,10.612,4.0085,0.2495
901,11560560,A,2110794,338488201,37636,8994,129257,10.612,14.3715,0.0696
902,11560560,D,2120138,648196093,52277,12399,129257,10.612,10.4248,0.0959
903,11560560,D,2120143,-2147483648,230820,11348,129257,10.612,11.3903,0.0878
904,11560585,A,2110767,58070498,6236,9313,99232,19.51,10.6552,0.0939
905,11560585,A,2110768,282496415,31838,8873,99232,19.51,11.1836,0.0894
906,11560585,A,2110785,247454897,22911,10800,99232,19.51,9.1881,0.1088
907,11560585,A,2110792,322261344,30316,10630,99232,19.51,9.3351,0.1071
908,11560605,A,2110758,167489838,6743,24840,106227,12.318,4.2764,0.2338
909,11560605,A,2110759,1381750350,105642,13080,106227,12.318,8.1213,0.1231
910,11560605,A,2110761,46439482,1502,30924,106227,12.318,3.4351,0.2911
911,11560605,A,2110765,324834958,29911,10860,106227,12.318,9.7815,0.1022
912,11560605,A,2110777,59396822,2171,27360,106227,12.318,3.8826,0.2576
913,11560605,D,2120137,937578254,53930,17385,106227,12.318,6.1103,0.1637
914,11560605,D,2120140,533715987,64803,8236,106227,12.318,12.8979,0.0775
915,11560610,A,2110756,61333448,6280,9766,96179,6.986,9.8484,0.1015
916,11560610,A,2110757,438828786,32394,13547,96179,6.986,7.0997,0.1409
917,11560610,D,2120135,377518740,39773,9492,96179,6.986,10.1326,0.0987
918,11560620,A,2110760,491601221,47526,10344,100412,7.582,9.7073,0.103
919,11560620,A,2110762,458778944,42841,10709,100412,7.582,9.3764,0.1067
920,11560620,A,2110773,40655343,2086,19490,100412,7.582,5.152,0.1941
921,11560630,A,2110810,511768228,40101,12762,88457,-2.915,6.9313,0.1443
922,11560630,A,2110815,459527285,39497,11634,88457,-2.915,7.6033,0.1315
923,11560630,A,2110816,178568225,18047,9895,88457,-2.915,8.9396,0.1119
924,11560630,A,2110817,143203862,7204,19877,88457,-2.915,4.4502,0.2247
925,11560650,A,2110787,249662523,19850,12578,90908,-0.388,7.2275,0.1384
926,11560650,A,2110795,96672625,12016,8045,90908,-0.388,11.2999,0.0885
927,11560660,A,2110802,108547407,7208,15059,110910,42.265,7.365,0.1358
928,11560660,A,2110805,43930063,4773,9204,110910,42.265,12.0502,0.083
929,11560670,A,2110780,26731086,1962,13627,100970,21.753,7.4096,0.135
930,11560670,A,2110790,336112877,29564,11369,100970,21.753,8.8812,0.1126
931,11560670,A,2110791,116530833,6183,18846,100970,21.753,5.3576,0.1866
932,11560680,A,2110797,29961979,2753,10882,98174,-0.192,9.0217,0.1108
933,11560680,A,2110798,266112424,4508,59031,98174,-0.192,1.6631,0.6013
934,11560680,A,2110801,54747145,1338,40910,98174,-0.192,2.3998,0.4167
935,11560680,A,2110804,398213986,23694,16807,98174,-0.192,5.8413,0.1712
936,11560680,A,2110811,354711433,26315,13479,98174,-0.192,7.2835,0.1373
937,11560680,A,2110812,494144229,42352,11667,98174,-0.192,8.4147,0.1188
938,11560690,A,2110813,191041397,5906,32348,104598,2.405,3.2335,0.3093
939,11560690,A,2110814,221988402,10025,22144,104598,2.405,4.7235,0.2117
940,11560700,A,2110779,24594545,852,28874,114581,10.915,3.9683,0.252
941,11560700,A,2110781,157019667,17514,8965,114581,10.915,12.7809,0.0782
942,11560700,A,2110784,89220745,7447,11981,114581,10.915,9.5636,0.1046
943,11560700,A,2110789,460167167,40711,11303,114581,10.915,10.1372,0.0986
944,11560700,A,2110793,358119222,11095,32278,114581,10.915,3.5498,0.2817
945,11560710,A,2110769,239456979,4969,48194,129663,18.507,2.6904,0.3717
946,11560710,A,2110771,110661003,15964,6932,129663,18.507,18.705,0.0535
947,11560710,A,2110775,357552005,5695,62781,129663,18.507,2.0653,0.4842
948,11560710,A,2110778,534536539,27791,19234,129663,18.507,6.7413,0.1483
949,11560720,A,2110766,274377307,17832,15387,77962,2.977,5.0667,0.1974
950,11560720,A,2110776,119886283,15478,7746,77962,2.977,10.0648,0.0994
951,11560720,D,2120139,830088710,73453,11301,77962,2.977,6.8987,0.145
952,11560720,D,2120142,1783975253,108184,16490,77962,2.977,4.7278,0.2115
953,11590510,A,2110832,200528507,10059,19936,140575,-1.808,7.0513,0.1418
954,11590510,A,2110834,24255594,2854,8499,140575,-1.808,16.5402,0.0605
955,11590510,D,2120153,-2147483648,327365,7851,140575,-1.808,17.9054,0.0558
956,11590520,A,2110828,407465004,46508,8761,260451,48.518,29.7285,0.0336
957,11590520,A,2110829,36952945,2760,13391,260451,48.518,19.4497,0.0514
958,11590530,A,2110835,102543789,5521,18572,117732,6.272,6.3392,0.1577
959,11590530,A,2110836,590698595,73742,8010,117732,6.272,14.6981,0.068
960,11590530,A,2110837,552655603,61622,8968,117732,6.272,13.128,0.0762
961,11590530,A,2110838,58370453,3886,15020,117732,6.272,7.8383,0.1276
962,11590530,A,2110839,377941710,38847,9729,117732,6.272,12.1011,0.0826
963,11590540,A,2110826,272988932,14992,18209,105824,-3.103,5.8116,0.1721
964,11590540,A,2110833,247339667,29888,8276,105824,-3.103,12.7869,0.0782
965,11590540,D,2120154,447466077,33924,13190,105824,-3.103,8.023,0.1246
966,11590550,A,2110825,288940937,31228,9253,122442,-6.752,13.2327,0.0756
967,11590560,A,2110827,580166424,40585,14295,90616,4.347,6.339,0.1578
968,11590560,A,2110830,43800568,2606,16807,90616,4.347,5.3916,0.1855
969,11590560,A,2110831,162605338,7036,23111,90616,4.347,3.9209,0.255
970,11590605,A,2110840,533051370,56479,9438,127188,10.645,13.4762,0.0742
971,11590605,A,2110841,12656330,336,37668,127188,10.645,3.3766,0.2962
972,11590605,A,2110842,362456800,27661,13103,127188,10.645,9.7068,0.103
973,11590605,A,2110844,13319089,500,26638,127188,10.645,4.7747,0.2094
974,11590620,A,2110847,207083222,29326,7062,109700,1.827,15.5338,0.0644
975,11590620,A,2110848,240787568,26556,9067,109700,1.827,12.0988,0.0827
976,11590620,A,2110850,482108245,30710,15699,109700,1.827,6.9877,0.1431
977,11590620,A,2110852,309581848,20495,15106,109700,1.827,7.262,0.1377
978,11590630,A,2110851,243345627,33164,7338,127035,-0.353,17.3119,0.0578
979,11590630,D,2120156,-2147483648,146653,17733,127035,-0.353,7.1638,0.1396
980,11590640,A,2110845,52274007,5472,9553,105729,-0.244,11.0676,0.0904
981,11590640,A,2110849,231795513,16434,14105,105729,-0.244,7.4959,0.1334
982,11590650,A,2110846,377726932,41124,9185,109212,8.821,11.8903,0.0841
983,11590651,A,2110843,88273855,6095,14484,74109,2.595,5.1166,0.1954
984,11590651,D,2120155,75836171,11676,6495,74109,2.595,11.4102,0.0876
985,11590660,A,2110820,228218765,27020,8446,94611,0.51,11.2019,0.0893
986,11590660,A,2110822,219091794,29811,7349,94611,0.51,12.874,0.0777
987,11590660,A,2110824,143999913,17270,8338,94611,0.51,11.347,0.0881
988,11590660,D,2120147,860548197,74244,11591,94611,0.51,8.1625,0.1225
989,11590660,D,2120152,1248641354,79716,15664,94611,0.51,6.04,0.1656
990,11590670,A,2110818,59716484,3802,15707,93213,1.609,5.9345,0.1685
991,11590670,A,2110819,373437768,16152,23121,93213,1.609,4.0315,0.248
992,11590680,A,2110821,223822905,19224,11643,123558,4.519,10.6122,0.0942
993,11590680,A,2110823,133620468,14777,9043,123558,4.519,13.6634,0.0732
994,11590680,D,2120151,1880797185,152891,12302,123558,4.519,10.0437,0.0996
995,11620525,A,2110873,259277511,22290,11632,115957,14.552,9.9688,0.1003
996,11620525,A,2110875,100020014,13203,7575,115957,14.552,15.3079,0.0653
997,11620525,A,2110883,161644329,12423,13012,115957,14.552,8.9115,0.1122
998,11620545,A,2110898,17825336,430,41478,111722,-10.629,2.6935,0.3713
999,11620565,A,2110891,162908336,21030,7746,91212,-0.01,11.7754,0.0849
1000,11620575,A,2110896,192530440,12310,15641,109776,7.122,7.0185,0.1425
1001,11620575,A,2110897,378369742,33598,11262,109776,7.122,9.7475,0.1026
1002,11620575,A,2110899,15473212,1572,9840,109776,7.122,11.1561,0.0896
1003,11620585,A,2110895,1271769600,79614,15974,142693,11.169,8.9328,0.1119
1004,11620595,A,2110888,141256243,16143,8751,119364,3.497,13.64,0.0733
1005,11620595,A,2110890,264514698,32022,8260,119364,3.497,14.4508,0.0692
1006,11620595,A,2110893,168638638,11912,14157,119364,3.497,8.4314,0.1186
1007,11620595,D,2120159,-2147483648,238223,13123,119364,3.497,9.0958,0.1099
1008,11620605,A,2110884,318313142,21477,14821,99592,-2.843,6.7197,0.1488
1009,11620605,A,2110889,111177737,3973,27984,99592,-2.843,3.5589,0.281
1010,11620615,A,2110892,783510589,72741,10771,100391,-3.209,9.3205,0.1073
1011,11620625,A,2110900,377381503,36329,10388,128055,18.098,12.3272,0.0811
1012,11620625,A,2110901,203245925,21278,9552,128055,18.098,13.4061,0.0746
1013,11620630,A,2110902,659076841,76496,8616,141991,17.652,16.4799,0.0607
1014,11620645,A,2110876,533519927,59442,8975,147452,0.784,16.4292,0.0609
1015,11620645,A,2110880,384614197,50650,7594,147452,0.784,19.4169,0.0515
1016,11620655,A,2110867,190525943,22090,8625,111681,-2.864,12.9485,0.0772
1017,11620655,A,2110871,244645326,25930,9435,111681,-2.864,11.8369,0.0845
1018,11620655,A,2110872,159126243,16136,9862,111681,-2.864,11.3244,0.0883
1019,11620665,A,2110882,355442661,23216,15310,88132,0.427,5.7565,0.1737
1020,11620665,A,2110885,205314608,19995,10268,88132,0.427,8.5832,0.1165
1021,11620665,A,2110886,433167740,67428,6424,88132,0.427,13.7192,0.0729
1022,11620695,A,2110869,635325983,42813,14839,131794,2.39,8.8816,0.1126
1023,11620695,A,2110877,589761335,39754,14835,131794,2.39,8.884,0.1126
1024,11620695,D,2120157,-2147483648,251116,10648,131794,2.39,12.3773,0.0808
1025,11620715,A,2110859,146559482,10915,13427,83905,6.326,6.249,0.16
1026,11620725,A,2110853,54823470,3667,14950,83965,3.003,5.6164,0.1781
1027,11620725,A,2110854,128842891,8498,15161,83965,3.003,5.5382,0.1806
1028,11620725,A,2110855,485221860,37114,13074,83965,3.003,6.4223,0.1557
1029,11620735,A,2110881,746115677,92344,8080,108423,-2.768,13.4187,0.0745
1030,11620735,A,2110887,160876957,25598,6285,108423,-2.768,17.2511,0.058
1031,11620735,D,2120158,722932246,89871,8044,108423,-2.768,13.4787,0.0742
1032,11620745,A,2110870,36753138,2285,16087,81819,8.383,5.086,0.1966
1033,11620745,A,2110874,104419916,9446,11055,81819,8.383,7.4011,0.1351
1034,11620745,A,2110878,67543774,7677,8799,81819,8.383,9.2987,0.1075
1035,11620745,A,2110879,218882794,28207,7760,81819,8.383,10.5437,0.0948
1036,11620765,A,2110856,143448145,13544,10591,95996,1.139,9.0639,0.1103
1037,11620765,A,2110857,331053794,34598,9569,95996,1.139,10.032,0.0997
1038,11620765,A,2110860,179220814,20757,8634,95996,1.139,11.1184,0.0899
1039,11620765,A,2110863,243761689,15425,15803,95996,1.139,6.0745,0.1646
1040,11620775,A,2110862,189104019,15375,12299,101412,-8.76,8.2455,0.1213
1041,11620775,A,2110865,365472748,40957,8923,101412,-8.76,11.3652,0.088
1042,11620775,A,2110866,79429003,8559,9280,101412,-8.76,10.928,0.0915
1043,11650510,A,2110929,219228360,20516,10686,126629,6.638,11.85,0.0844
1044,11650510,A,2110930,234482046,15716,14920,126629,6.638,8.4872,0.1178
1045,11650510,A,2110932,150644134,18294,8235,126629,6.638,15.3769,0.065
1046,11650510,A,2110933,729145814,28479,25603,126629,6.638,4.9459,0.2022
1047,11650510,D,2120173,-2147483648,342736,16411,126629,6.638,7.7161,0.1296
1048,11650510,D,2120175,1794039644,146587,12239,126629,6.638,10.3464,0.0967
1049,11650520,A,2110935,75573763,8619,8768,150037,1.699,17.1119,0.0584
1050,11650520,D,2120179,-2147483648,203492,15075,150037,1.699,9.9527,0.1005
1051,11650520,D,2120189,-2147483648,904123,13036,150037,1.699,11.5094,0.0869
1052,11650530,A,2110925,153537474,11048,13898,116292,3.406,8.3675,0.1195
1053,11650530,A,2110926,175340537,23640,7417,116292,3.406,15.6791,0.0638
1054,11650530,A,2110928,85155186,4650,18313,116292,3.406,6.3502,0.1575
1055,11650530,D,2120168,368667833,28299,13027,116292,3.406,8.927,0.112
1056,11650530,D,2120169,2077923466,132195,15719,116292,3.406,7.3982,0.1352
1057,11650530,D,2120171,1973570059,133621,14770,116292,3.406,7.8735,0.127
1058,11650530,D,2120172,1416925162,87421,16208,116292,3.406,7.175,0.1394
1059,11650540,A,2110927,162737152,4226,38512,127591,3.364,3.313,0.3018
1060,11650540,D,2120174,372173872,23967,15529,127591,3.364,8.2163,0.1217
1061,11650540,D,2120178,-2147483648,236144,15333,127591,3.364,8.3213,0.1202
1062,11650550,A,2110908,170358244,12907,13199,99988,-5.866,7.5754,0.132
1063,11650560,D,2120176,261500674,29019,9011,159555,5.32,17.7067,0.0565
1064,11650560,D,2120177,441556225,40429,10922,159555,5.32,14.6086,0.0685
1065,11650581,A,2110917,194983625,25291,7710,164140,4.585,21.2892,0.047
1066,11650581,A,2110921,309658234,6602,46902,164140,4.585,3.4996,0.2857
1067,11650581,A,2110924,289180527,8521,33938,164140,4.585,4.8365,0.2068
1068,11650581,D,2120165,1779589949,80446,22122,164140,4.585,7.4198,0.1348
1069,11650581,D,2120167,1756713763,199101,8823,164140,4.585,18.6036,0.0538
1070,11650581,D,2120170,894151629,70538,12676,164140,4.585,12.9489,0.0772
1071,11650590,A,2110903,370941473,38293,9687,111348,5.085,11.4946,0.087
1072,11650590,A,2110912,199882811,15475,12917,111348,5.085,8.6203,0.116
1073,11650590,A,2110915,432792637,10385,41674,111348,5.085,2.6719,0.3743
1074,11650590,D,2120161,77708675,6788,11448,111348,5.085,9.7264,0.1028
1075,11650590,D,2120162,1024274884,69417,14755,111348,5.085,7.5465,0.1325
1076,11650600,A,2110916,315250280,24913,12654,121987,5.121,9.6402,0.1037
1077,11650600,A,2110918,286661113,37007,7746,121987,5.121,15.7484,0.0635
1078,11650600,A,2110922,34680082,3856,8995,121987,5.121,13.5616,0.0737
1079,11650600,D,2120166,1391076388,107017,12999,121987,5.121,9.3843,0.1066
1080,11650610,A,2110904,245873186,24076,10212,126222,6.492,12.3602,0.0809
1081,11650610,A,2110905,82536342,8525,9682,126222,6.492,13.0368,0.0767
1082,11650610,A,2110909,26135202,3908,6687,126222,6.492,18.8757,0.053
1083,11650610,D,2120160,-2147483648,158212,18952,126222,6.492,6.6601,0.1501
1084,11650610,D,2120163,73525345,6761,10874,126222,6.492,11.6077,0.0861
1085,11650620,A,2110913,352172566,39243,8974,103291,-1.674,11.51,0.0869
1086,11650620,A,2110920,81633836,15003,5441,103291,-1.674,18.9838,0.0527
1087,11650620,A,2110923,189043745,4979,37971,103291,-1.674,2.7203,0.3676
1088,11650621,A,2110906,194059716,23098,8402,110013,4.122,13.0937,0.0764
1089,11650621,A,2110907,266504307,24342,10949,110013,4.122,10.0478,0.0995
1090,11650621,A,2110910,68480927,5884,11638,110013,4.122,9.4529,0.1058
1091,11650621,A,2110914,87699031,2795,31380,110013,4.122,3.5058,0.2852
1092,11650621,A,2110919,136031086,1851,73491,110013,4.122,1.497,0.668
1093,11650621,D,2120164,1469989131,115540,12723,110013,4.122,8.6468,0.1156
1094,11650651,A,2110931,233753382,29726,7864,106118,1.765,13.4942,0.0741
1095,11650651,A,2110934,379866767,28491,13333,106118,1.765,7.959,0.1256
1096,11650651,A,2110937,136768323,17416,7853,106118,1.765,13.5131,0.074
1097,11650651,A,2110938,284380156,18860,15078,106118,1.765,7.0379,0.1421
1098,11650651,A,2110939,1461286032,99783,14645,106118,1.765,7.246,0.138
1099,11650651,D,2120181,550442667,36625,15029,106118,1.765,7.0609,0.1416
1100,11650651,D,2120183,708420431,30887,22936,106118,1.765,4.6267,0.2161
1101,11650652,A,2110936,272178135,23024,11822,87295,6.373,7.3841,0.1354
1102,11650652,A,2110940,110676421,13226,8368,87295,6.373,10.432,0.0959
1103,11650652,A,2110941,94488415,8665,10905,87295,6.373,8.005,0.1249
1104,11650652,A,2110942,565547570,30349,18635,87295,6.373,4.6845,0.2135
1105,11650652,A,2110943,118969020,13567,8769,87295,6.373,9.955,0.1005
1106,11650652,A,2110946,642694756,22305,28814,87295,6.373,3.0296,0.3301
1107,11650652,D,2120180,538915187,27353,19703,87295,6.373,4.4305,0.2257
1108,11650652,D,2120182,1086339274,64961,16723,87295,6.373,5.2201,0.1916
1109,11650652,D,2120184,1920072313,121891,15752,87295,6.373,5.5418,0.1804
1110,11650660,A,2110944,108304816,14191,7632,101540,-5.432,13.3045,0.0752
1111,11650660,A,2110945,66652786,2267,29396,101540,-5.432,3.4542,0.2895
1112,11650660,A,2110947,661656655,18405,35950,101540,-5.432,2.8245,0.354
1113,11680510,A,2110949,293874242,26728,10995,96501,1.36,8.7768,0.1139
1114,11680510,A,2110949,293874242,26728,10995,134795,5.457,12.2597,0.0816
1115,11680510,A,2110951,146237395,10433,14017,96501,1.36,6.8846,0.1453
1116,11680510,A,2110951,146237395,10433,14017,134795,5.457,9.6165,0.104
1117,11680510,D,2120186,-2147483648,175562,21346,96501,1.36,4.5208,0.2212
1118,11680510,D,2120186,-2147483648,175562,21346,134795,5.457,6.3148,0.1584
1119,11680510,D,2120188,-2147483648,166814,13046,96501,1.36,7.397,0.1352
1120,11680510,D,2120188,-2147483648,166814,13046,134795,5.457,10.3323,0.0968
1121,11680521,A,2110952,142354577,16334,8715,128348,2.562,14.7273,0.0679
1122,11680521,A,2110953,9034083,258,35016,128348,2.562,3.6654,0.2728
1123,11680521,A,2110955,658884682,57762,11407,128348,2.562,11.2517,0.0889
1124,11680521,D,2120185,-2147483648,192297,13725,128348,2.562,9.3514,0.1069
1125,11680521,D,2120187,-2147483648,355330,15455,128348,2.562,8.3046,0.1204
1126,11680521,D,2120191,1888413512,168579,11202,128348,2.562,11.4576,0.0873
1127,11680531,A,2110957,289020018,22452,12873,126226,1.255,9.8055,0.102
1128,11680531,A,2110961,601829881,37401,16091,126226,1.255,7.8445,0.1275
1129,11680531,A,2110966,344041292,16953,20294,126226,1.255,6.2199,0.1608
1130,11680531,A,2110968,160377739,6703,23926,126226,1.255,5.2757,0.1895
1131,11680531,D,2120194,1368590640,108751,12585,126226,1.255,10.0299,0.0997
1132,11680531,D,2120196,1122424698,66345,16918,126226,1.255,7.461,0.134
1133,11680531,D,2120203,-2147483648,156733,15132,126226,1.255,8.3417,0.1199
1134,11680545,A,2110959,238100507,12587,18916,150559,4.121,7.9593,0.1256
1135,11680545,A,2110962,412981437,5792,71305,150559,4.121,2.1115,0.4736
1136,11680545,D,2120190,1964062011,121587,16154,150559,4.121,9.3202,0.1073
1137,11680545,D,2120193,1936662502,68265,28370,150559,4.121,5.307,0.1884
1138,11680545,D,2120195,1297922296,37776,34358,150559,4.121,4.3821,0.2282
1139,11680545,D,2120200,-2147483648,137042,28054,150559,4.121,5.3668,0.1863
1140,11680545,D,2120202,-2147483648,110820,31376,150559,4.121,4.7985,0.2084
1141,11680565,A,2110973,21035357,1575,13355,137791,-0.162,10.3176,0.0969
1142,11680565,A,2110976,159090328,11776,13510,137791,-0.162,10.1992,0.098
1143,11680565,A,2110979,30124757,274,109864,137791,-0.162,1.2542,0.7973
1144,11680565,A,2110985,187700689,16804,11170,137791,-0.162,12.3358,0.0811
1145,11680565,A,2110987,140563509,2893,48590,137791,-0.162,2.8358,0.3526
1146,11680565,A,2110990,102374349,5277,19401,137791,-0.162,7.1023,0.1408
1147,11680565,D,2120208,-2147483648,128731,21683,137791,-0.162,6.3548,0.1574
1148,11680565,D,2120209,828051515,70517,11743,137791,-0.162,11.7339,0.0852
1149,11680565,D,2120214,533248494,40418,13193,137791,-0.162,10.4443,0.0957
1150,11680565,D,2120216,678645753,24020,28254,137791,-0.162,4.8769,0.205
1151,11680580,A,2110988,169345076,19749,8575,218172,8.243,25.4428,0.0393
1152,11680580,A,2110991,-2147483648,20212,125456,218172,8.243,1.739,0.575
1153,11680580,A,2110995,200199437,7569,26450,218172,8.243,8.2485,0.1212
1154,11680580,D,2120218,1101572638,71304,15449,218172,8.243,14.1221,0.0708
1155,11680580,D,2120221,1208477330,73410,16462,218172,8.243,13.2531,0.0755
1156,11680590,A,2110974,186818267,22629,8256,143146,0.402,17.3384,0.0577
1157,11680590,A,2110982,73297929,8175,8966,143146,0.402,15.9654,0.0626
1158,11680590,A,2110986,22193193,1869,11876,143146,0.402,12.0534,0.083
1159,11680590,D,2120207,1660595440,133929,12399,143146,0.402,11.545,0.0866
1160,11680590,D,2120210,-2147483648,453573,13469,143146,0.402,10.6278,0.0941
1161,11680590,D,2120213,1970359879,90637,21739,143146,0.402,6.5848,0.1519
1162,11680590,D,2120215,-2147483648,325816,15912,143146,0.402,8.9961,0.1112
1163,11680600,D,2120220,1158761284,107128,10817,187115,-8.119,17.2982,0.0578
1164,11680610,A,2110996,327362738,15075,21715,148490,-4.223,6.8381,0.1462
1165,11680610,D,2120222,-2147483648,313013,15449,148490,-4.223,9.6116,0.104
1166,11680610,D,2120223,385829334,16392,23538,148490,-4.223,6.3085,0.1585
1167,11680630,A,2110989,286727651,18627,15393,146821,3.185,9.5382,0.1048
1168,11680630,A,2110992,392617639,48398,8112,146821,3.185,18.0992,0.0553
1169,11680630,D,2120211,629737563,56498,11146,146821,3.185,13.1725,0.0759
1170,11680630,D,2120212,1232966829,105578,11678,146821,3.185,12.5724,0.0795
1171,11680630,D,2120217,529737326,54223,9770,146821,3.185,15.0277,0.0665
1172,11680630,D,2120219,1277263681,156068,8184,146821,3.185,17.94,0.0557
1173,11680640,A,2110954,824706584,53512,15412,149684,1.216,9.7122,0.103
1174,11680640,A,2110956,30313605,1318,23000,149684,1.216,6.508,0.1537
1175,11680640,A,2110958,140234884,16383,8560,149684,1.216,17.4864,0.0572
1176,11680640,A,2110963,70983377,8137,8723,149684,1.216,17.1597,0.0583
1177,11680640,A,2110965,149931174,11686,12830,149684,1.216,11.6667,0.0857
1178,11680640,A,2110967,354456736,30305,11696,149684,1.216,12.7979,0.0781
1179,11680640,A,2110971,634669555,51024,12439,149684,1.216,12.0334,0.0831
1180,11680640,D,2120192,-2147483648,305766,11645,149684,1.216,12.8539,0.0778
1181,11680640,D,2120197,-2147483648,664313,12613,149684,1.216,11.8674,0.0843
1182,11680640,D,2120198,1538609440,120400,12779,149684,1.216,11.7133,0.0854
1183,11680640,D,2120199,1223218586,111231,10997,149684,1.216,13.6113,0.0735
1184,11680640,D,2120201,828598107,80715,10266,149684,1.216,14.5806,0.0686
1185,11680640,D,2120204,1298372418,110624,11737,149684,1.216,12.7532,0.0784
1186,11680650,A,2110969,192403682,9023,21325,153698,2.459,7.2074,0.1387
1187,11680650,A,2110972,117808567,13555,8691,153698,2.459,17.6847,0.0565
1188,11680650,D,2120206,711714252,71510,9953,153698,2.459,15.4424,0.0648
1189,11680655,A,2110960,173212137,17281,10024,135359,0.638,13.5035,0.0741
1190,11680655,A,2110975,366246159,56762,6452,135359,0.638,20.9794,0.0477
1191,11680656,A,2110978,125245699,7786,16087,152948,9.669,9.5076,0.1052
1192,11680656,D,2120205,1879615056,102879,18270,152948,9.669,8.3715,0.1195
1193,11680670,A,2110994,269254988,18227,14772,150472,6.499,10.1863,0.0982
1194,11680690,A,2110977,181021866,19991,9055,87756,15.591,9.6914,0.1032
1195,11680690,A,2110980,138440723,10939,12655,87756,15.591,6.9345,0.1442
1196,11680690,A,2110981,517157995,34986,14782,87756,15.591,5.9367,0.1684
1197,11680690,A,2110983,560996859,49212,11400,87756,15.591,7.6979,0.1299
1198,11680690,A,2110984,299898713,31021,9668,87756,15.591,9.077,0.1102
1199,11680700,A,2110998,342631072,24226,14143,151149,13.422,10.6872,0.0936
1200,11680700,A,2110999,380185184,37579,10117,151149,13.422,14.9401,0.0669
1201,11680700,A,2111000,118997217,5261,22617,151149,13.422,6.683,0.1496
1202,11680700,A,2111001,539042875,16338,32994,151149,13.422,4.5811,0.2183
1203,11680700,A,2111002,67513044,7298,9250,151149,13.422,16.3404,0.0612
1204,11680730,A,2110997,1129766244,86797,13016,101646,0.396,7.8093,0.1281
1205,11680750,D,2120224,1612658878,202705,7956,133451,11.531,16.7736,0.0596
1206,11710510,A,2111018,241031584,38615,6242,91239,10.356,14.6169,0.0684
1207,11710531,A,2111042,393126103,32954,11930,88948,12.436,7.4558,0.1341
1208,11710532,D,2120241,614738791,43068,14274,137444,26.227,9.629,0.1039
1209,11710540,A,2111046,356613806,25822,13810,104834,15.575,7.5912,0.1317
1210,11710540,A,2111047,71596359,6710,10671,104834,15.575,9.8242,0.1018
1211,11710550,A,2111043,124603342,14762,8441,121151,17.115,14.3527,0.0697
1212,11710550,A,2111044,306598902,26072,11760,121151,17.115,10.302,0.0971
1213,11710561,A,2111020,187960324,13174,14267,125708,16.002,8.8111,0.1135
1214,11710561,A,2111021,1195376860,67192,17791,125708,16.002,7.0658,0.1415
1215,11710561,D,2120238,483625775,47414,10200,125708,16.002,12.3243,0.0811
1216,11710562,A,2111014,835607348,18472,45235,152027,23.244,3.3608,0.2975
1217,11710562,A,2111017,75289876,8594,8761,152027,23.244,17.3527,0.0576
1218,11710562,A,2111019,450567382,26246,17167,152027,23.244,8.8558,0.1129
1219,11710562,D,2120229,-2147483648,167670,23240,152027,23.244,6.5416,0.1529
1220,11710562,D,2120232,510397255,44767,11401,152027,23.244,13.3345,0.075
1221,11710562,D,2120233,935527125,99751,9379,152027,23.244,16.2093,0.0617
1222,11710570,A,2111030,138761266,10993,12622,124745,29.877,9.8831,0.1012
1223,11710570,A,2111032,472636666,21929,21553,124745,29.877,5.7878,0.1728
1224,11710570,A,2111034,409183151,24887,16442,124745,29.877,7.587,0.1318
1225,11710570,A,2111035,157644910,19630,8031,124745,29.877,15.5329,0.0644
1226,11710570,A,2111037,90496594,8505,10641,124745,29.877,11.7231,0.0853
1227,11710570,A,2111038,436338558,40209,10852,124745,29.877,11.4951,0.087
1228,11710570,A,2111039,353386889,10027,35244,124745,29.877,3.5395,0.2825
1229,11710570,A,2111040,28252277,952,29672,124745,29.877,4.2041,0.2379
1230,11710580,A,2111013,1063164465,43788,24280,145958,24.453,6.0114,0.1663
1231,11710580,A,2111015,403995009,31879,12673,145958,24.453,11.5172,0.0868
1232,11710580,D,2120228,1329480700,95389,13937,145958,24.453,10.4727,0.0955
1233,11710590,A,2111016,96689075,12537,7712,114728,20.707,14.8766,0.0672
1234,11710600,A,2111008,219883104,25292,8694,157560,27.535,18.1228,0.0552
1235,11710600,A,2111009,87843661,7306,12023,157560,27.535,13.1049,0.0763
1236,11710600,A,2111010,801729703,43564,18404,157560,27.535,8.5612,0.1168
1237,11710600,A,2111012,234722804,20224,11606,157560,27.535,13.5757,0.0737
1238,11710600,D,2120230,446173256,39549,11282,157560,27.535,13.9656,0.0716
1239,11710610,A,2111005,240322747,21221,11325,147369,11.482,13.0127,0.0768
1240,11710610,A,2111006,597571442,51352,11637,147369,11.482,12.6638,0.079
1241,11710610,A,2111007,476525746,42483,11217,147369,11.482,13.138,0.0761
1242,11710610,D,2120226,883653596,67199,13150,147369,11.482,11.2068,0.0892
1243,11710620,A,2111022,81829192,11913,6869,135082,15.619,19.6655,0.0509
1244,11710620,A,2111024,107013270,7278,14704,135082,15.619,9.1868,0.1089
1245,11710620,D,2120234,1422362624,109805,12954,135082,15.619,10.4278,0.0959
1246,11710620,D,2120237,1734220832,117281,14787,135082,15.619,9.1352,0.1095
1247,11710620,D,2120239,771709676,59363,13000,135082,15.619,10.3909,0.0962
1248,11710631,D,2120231,-2147483648,170653,15446,239195,38.44,15.4859,0.0646
1249,11710632,A,2111025,160109350,20968,7636,137456,24.707,18.001,0.0556
1250,11710632,A,2111029,137290778,11632,11803,137456,24.707,11.6459,0.0859
1251,11710632,A,2111036,37100384,3942,9412,137456,24.707,14.6043,0.0685
1252,11710632,D,2120240,847618039,61288,13830,137456,24.707,9.939,0.1006
1253,11710641,A,2111023,680483472,56132,12123,144208,36.082,11.8954,0.0841
1254,11710641,A,2111026,644624639,37900,17009,144208,36.082,8.4783,0.1179
1255,11710641,A,2111027,298375262,22633,13183,144208,36.082,10.9389,0.0914
1256,11710642,D,2120235,-2147483648,283060,11799,154183,11.267,13.0675,0.0765
1257,11710642,D,2120236,959379528,105962,9054,154183,11.267,17.0293,0.0587
1258,11710646,A,2111028,376274554,23617,15932,127230,23.162,7.9858,0.1252
1259,11710646,A,2111031,276834770,29356,9430,127230,23.162,13.492,0.0741
1260,11710646,A,2111033,204311673,18184,11236,127230,23.162,11.3234,0.0883
1261,11710647,A,2111045,354405612,43369,8172,165425,6.221,20.2429,0.0494
1262,11710650,A,2111003,655514299,68096,9626,147235,6.859,15.2956,0.0654
1263,11710650,A,2111004,1117570915,99194,11267,147235,6.859,13.0678,0.0765
1264,11710650,D,2120225,-2147483648,308075,13160,147235,6.859,11.1881,0.0894
1265,11710690,A,2111011,88959823,5658,15722,264536,5.482,16.8258,0.0594
1266,11710710,D,2120227,-2147483648,303098,11880,157418,-2.586,13.2507,0.0755
1267,11740515,A,2111090,255473901,26268,9726,132731,0.33,13.647,0.0733
1268,11740520,A,2111089,670229138,32836,20412,169554,58.326,8.3066,0.1204
1269,11740530,A,2111080,312235194,28967,10779,109580,4.075,10.1661,0.0984
1270,11740530,D,2120248,1249618426,80041,15612,109580,4.075,7.019,0.1425
1271,11740540,A,2111086,217842061,11359,19178,100327,10.727,5.2314,0.1912
1272,11740540,D,2120249,1690813238,157984,10702,100327,10.727,9.3746,0.1067
1273,11740550,A,2111085,347830697,28344,12272,123347,0.09,10.0511,0.0995
1274,11740560,A,2111087,176926124,11487,15402,227118,34.835,14.746,0.0678
1275,11740560,A,2111088,265232406,17361,15278,227118,34.835,14.8657,0.0673
1276,11740570,A,2111061,393275988,32605,12062,105862,7.396,8.7765,0.1139
1277,11740570,A,2111066,174441156,15846,11009,105862,7.396,9.616,0.104
1278,11740570,A,2111074,189032954,15766,11990,105862,7.396,8.8292,0.1133
1279,11740580,A,2111054,128555753,3397,37848,93304,1.874,2.4652,0.4056
1280,11740580,A,2111055,198783750,3365,59074,93304,1.874,1.5794,0.6331
1281,11740580,D,2120244,1151611041,75705,15212,93304,1.874,6.1336,0.163
1282,11740600,A,2111069,131128289,16039,8175,84611,10.267,10.35,0.0966
1283,11740600,A,2111070,202355481,21171,9558,84611,10.267,8.8524,0.113
1284,11740600,A,2111072,296842249,18954,15661,84611,10.267,5.4027,0.1851
1285,11740600,A,2111075,327515343,32979,9931,84611,10.267,8.5199,0.1174
1286,11740600,D,2120247,553893155,44872,12344,84611,10.267,6.8544,0.1459
1287,11740610,A,2111048,155369156,9686,16040,107925,4.899,6.7285,0.1486
1288,11740610,A,2111049,328215082,22246,14754,107925,4.899,7.315,0.1367
1289,11740610,A,2111052,407940956,29829,13676,107925,4.899,7.8916,0.1267
1290,11740610,A,2111057,359021690,16232,22117,107925,4.899,4.8797,0.2049
1291,11740610,A,2111060,465400738,32355,14384,107925,4.899,7.5031,0.1333
1292,11740610,D,2120243,1666876776,142071,11733,107925,4.899,9.1984,0.1087
1293,11740620,A,2111056,143352077,11096,12919,113664,5.166,8.7982,0.1137
1294,11740620,A,2111063,458323884,43213,10606,113664,5.166,10.717,0.0933
1295,11740620,A,2111065,112831540,14371,7851,113664,5.166,14.4776,0.0691
1296,11740640,A,2111050,129386298,11952,10825,88174,5.817,8.1454,0.1228
1297,11740640,A,2111053,319307436,26601,12004,88174,5.817,7.3454,0.1361
1298,11740640,A,2111058,61093627,6973,8761,88174,5.817,10.0644,0.0994
1299,11740640,D,2120242,1165956236,67568,17256,88174,5.817,5.1098,0.1957
1300,11740650,A,2111051,262327391,17799,14738,103072,4.787,6.9936,0.143
1301,11740650,A,2111059,690767854,39505,17486,103072,4.787,5.8945,0.1696
1302,11740660,A,2111062,305321888,10625,28737,97782,-2.015,3.4027,0.2939
1303,11740660,A,2111064,91488547,9685,9447,97782,-2.015,10.3506,0.0966
1304,11740660,A,2111067,566176700,44073,12846,97782,-2.015,7.6119,0.1314
1305,11740660,D,2120245,1257410112,97246,12930,97782,-2.015,7.5624,0.1322
1306,11740685,A,2111068,164388245,18645,8817,98924,6.713,11.2197,0.0891
1307,11740685,A,2111071,95819524,8161,11741,98924,6.713,8.4255,0.1187
1308,11740685,A,2111077,568791924,39433,14424,98924,6.713,6.8583,0.1458
1309,11740685,A,2111078,473173471,39291,12043,98924,6.713,8.2142,0.1217
1310,11740685,A,2111083,182911500,18115,10097,98924,6.713,9.7974,0.1021
1311,11740685,A,2111084,74834400,10824,6914,98924,6.713,14.3078,0.0699
1312,11740685,D,2120246,1966073413,158018,12442,98924,6.713,7.9508,0.1258
1313,11740700,A,2111073,672321200,50576,13293,87738,12.542,6.6003,0.1515
1314,11740700,A,2111076,253195078,16445,15397,87738,12.542,5.6984,0.1755
1315,11740700,A,2111079,49809342,5123,9722,87738,12.542,9.0247,0.1108
1316,11740700,A,2111082,103447791,13684,7560,87738,12.542,11.6056,0.0862
