,상권_코드,유사_업종_점포_수,개인사업자_점포수,개인사업자_비율
0,2110001,2,2,1.0
1,2110002,6,3,0.5
2,2110003,11,10,0.9091
3,2110004,1,1,1.0
4,2110005,2,2,1.0
5,2110006,5,5,1.0
6,2110007,6,5,0.8333
7,2110008,43,41,0.9535
8,2110009,11,9,0.8182
9,2110010,13,9,0.6923
10,2110011,1,1,1.0
11,2110012,30,21,0.7
12,2110013,5,5,1.0
13,2110014,3,3,1.0
14,2110015,6,5,0.8333
15,2110016,9,9,1.0
16,2110017,2,1,0.5
17,2110018,20,18,0.9
18,2110019,17,16,0.9412
19,2110020,10,8,0.8
20,2110021,20,18,0.9
21,2110022,8,7,0.875
22,2110023,11,4,0.3636
23,2110024,15,13,0.8667
24,2110026,2,2,1.0
25,2110027,13,12,0.9231
26,2110028,16,14,0.875
27,2110029,8,8,1.0
28,2110031,4,3,0.75
29,2110032,1,1,1.0
30,2110033,3,2,0.6667
31,2110035,9,4,0.4444
32,2110036,4,4,1.0
33,2110037,1,1,1.0
34,2110038,14,7,0.5
35,2110039,3,2,0.6667
36,2110040,4,4,1.0
37,2110041,12,12,1.0
38,2110042,10,9,0.9
39,2110043,10,8,0.8
40,2110045,5,5,1.0
41,2110047,5,5,1.0
42,2110048,5,5,1.0
43,2110049,15,14,0.9333
44,2110050,3,3,1.0
45,2110051,5,5,1.0
46,2110052,6,4,0.6667
47,2110053,4,2,0.5
48,2110054,11,9,0.8182
49,2110055,1,1,1.0
50,2110056,11,10,0.9091
51,2110057,3,2,0.6667
52,2110058,13,11,0.8462
53,2110059,6,6,1.0
54,2110060,9,9,1.0
55,2110061,8,7,0.875
56,2110062,20,20,1.0
57,2110063,9,8,0.8889
58,2110064,13,12,0.9231
59,2110065,2,2,1.0
60,2110066,15,15,1.0
61,2110067,8,7,0.875
62,2110068,20,19,0.95
63,2110069,63,47,0.746
64,2110071,4,2,0.5
65,2110072,6,5,0.8333
66,2110073,1,1,1.0
67,2110074,18,13,0.7222
68,2110075,12,11,0.9167
69,2110076,4,3,0.75
70,2110077,4,3,0.75
71,2110078,5,2,0.4
72,2110079,29,26,0.8966
73,2110080,14,13,0.9286
74,2110081,26,23,0.8846
75,2110082,16,16,1.0
76,2110083,3,3,1.0
77,2110084,27,20,0.7407
78,2110085,34,30,0.8824
79,2110086,3,3,1.0
80,2110087,7,7,1.0
81,2110088,8,6,0.75
82,2110089,3,3,1.0
83,2110090,9,7,0.7778
84,2110091,8,8,1.0
85,2110092,5,5,1.0
86,2110093,16,15,0.9375
87,2110094,3,3,1.0
88,2110095,26,25,0.9615
89,2110096,4,4,1.0
90,2110097,1,1,1.0
91,2110098,9,7,0.7778
92,2110099,1,0,0.0
93,2110100,1,1,1.0
94,2110101,4,3,0.75
95,2110102,14,10,0.7143
96,2110103,2,1,0.5
97,2110104,1,1,1.0
98,2110105,9,8,0.8889
99,2110106,3,2,0.6667
100,2110107,3,1,0.3333
101,2110109,9,9,1.0
102,2110110,5,4,0.8
103,2110111,1,1,1.0
104,2110112,7,5,0.7143
105,2110113,3,2,0.6667
106,2110114,2,2,1.0
107,2110115,17,16,0.9412
108,2110116,3,2,0.6667
109,2110117,2,1,0.5
110,2110118,12,8,0.6667
111,2110119,1,1,1.0
112,2110120,23,23,1.0
113,2110121,8,6,0.75
114,2110122,8,3,0.375
115,2110123,3,3,1.0
116,2110124,12,11,0.9167
117,2110125,10,10,1.0
118,2110126,6,6,1.0
119,2110127,8,8,1.0
120,2110128,31,29,0.9355
121,2110129,11,10,0.9091
122,2110131,48,41,0.8542
123,2110132,10,9,0.9
124,2110133,3,3,1.0
125,2110134,12,12,1.0
126,2110135,7,6,0.8571
127,2110136,29,26,0.8966
128,2110137,41,31,0.7561
129,2110138,5,4,0.8
130,2110139,18,17,0.9444
131,2110140,17,16,0.9412
132,2110141,7,7,1.0
133,2110142,16,15,0.9375
134,2110143,6,6,1.0
135,2110144,8,7,0.875
136,2110145,7,6,0.8571
137,2110146,11,11,1.0
138,2110147,9,9,1.0
139,2110148,13,10,0.7692
140,2110149,3,2,0.6667
141,2110150,7,5,0.7143
142,2110151,12,9,0.75
143,2110152,2,2,1.0
144,2110153,1,1,1.0
145,2110154,11,9,0.8182
146,2110155,13,11,0.8462
147,2110156,7,6,0.8571
148,2110157,18,14,0.7778
149,2110158,12,9,0.75
150,2110159,15,12,0.8
151,2110160,7,5,0.7143
152,2110161,18,14,0.7778
153,2110162,12,11,0.9167
154,2110163,10,8,0.8
155,2110164,3,3,1.0
156,2110165,13,11,0.8462
157,2110166,18,17,0.9444
158,2110167,13,9,0.6923
159,2110168,8,7,0.875
160,2110169,5,4,0.8
161,2110170,7,7,1.0
162,2110172,8,8,1.0
163,2110173,6,5,0.8333
164,2110174,12,12,1.0
165,2110175,11,11,1.0
166,2110176,10,10,1.0
167,2110177,2,1,0.5
168,2110178,8,8,1.0
169,2110179,6,5,0.8333
170,2110180,16,14,0.875
171,2110182,3,3,1.0
172,2110183,2,1,0.5
173,2110184,2,2,1.0
174,2110185,1,0,0.0
175,2110186,2,2,1.0
176,2110187,10,7,0.7
177,2110188,9,6,0.6667
178,2110189,2,1,0.5
179,2110190,7,7,1.0
180,2110191,12,12,1.0
181,2110192,1,0,0.0
182,2110193,5,4,0.8
183,2110194,1,1,1.0
184,2110195,11,9,0.8182
185,2110197,4,3,0.75
186,2110198,1,1,1.0
187,2110199,3,3,1.0
188,2110200,1,1,1.0
189,2110201,1,1,1.0
190,2110203,3,3,1.0
191,2110204,24,21,0.875
192,2110205,17,15,0.8824
193,2110206,8,8,1.0
194,2110207,14,8,0.5714
195,2110208,1,1,1.0
196,2110210,15,7,0.4667
197,2110211,9,8,0.8889
198,2110212,13,9,0.6923
199,2110213,5,5,1.0
200,2110214,20,17,0.85
201,2110215,4,3,0.75
202,2110216,8,6,0.75
203,2110217,1,1,1.0
204,2110218,7,6,0.8571
205,2110219,23,21,0.913
206,2110220,27,13,0.4815
207,2110221,3,2,0.6667
208,2110222,1,1,1.0
209,2110223,1,1,1.0
210,2110226,22,19,0.8636
211,2110227,7,2,0.2857
212,2110228,11,11,1.0
213,2110229,17,14,0.8235
214,2110230,6,6,1.0
215,2110231,1,1,1.0
216,2110232,13,10,0.7692
217,2110233,6,5,0.8333
218,2110234,3,0,0.0
219,2110235,1,0,0.0
220,2110236,9,9,1.0
221,2110237,12,10,0.8333
222,2110240,6,5,0.8333
223,2110241,12,10,0.8333
224,2110242,5,4,0.8
225,2110243,15,14,0.9333
226,2110244,10,5,0.5
227,2110245,1,1,1.0
228,2110246,7,4,0.5714
229,2110247,11,9,0.8182
230,2110248,2,2,1.0
231,2110249,14,12,0.8571
232,2110250,4,3,0.75
233,2110251,6,6,1.0
234,2110252,7,4,0.5714
235,2110253,8,6,0.75
236,2110254,8,7,0.875
237,2110255,11,11,1.0
238,2110256,15,15,1.0
239,2110257,5,2,0.4
240,2110258,6,5,0.8333
241,2110259,7,7,1.0
242,2110260,4,3,0.75
243,2110261,11,8,0.7273
244,2110262,11,11,1.0
245,2110263,8,7,0.875
246,2110264,14,11,0.7857
247,2110265,11,8,0.7273
248,2110266,7,6,0.8571
249,2110267,6,6,1.0
250,2110268,3,3,1.0
251,2110269,3,2,0.6667
252,2110270,3,1,0.3333
253,2110271,1,1,1.0
254,2110272,27,15,0.5556
255,2110273,5,4,0.8
256,2110274,20,16,0.8
257,2110275,2,2,1.0
258,2110276,1,1,1.0
259,2110277,11,9,0.8182
260,2110278,16,14,0.875
261,2110279,2,1,0.5
262,2110280,4,3,0.75
263,2110281,4,4,1.0
264,2110282,8,7,0.875
265,2110283,4,4,1.0
266,2110284,4,3,0.75
267,2110285,10,9,0.9
268,2110286,13,11,0.8462
269,2110287,3,2,0.6667
270,2110288,9,9,1.0
271,2110289,6,5,0.8333
272,2110290,2,2,1.0
273,2110291,8,6,0.75
274,2110292,1,1,1.0
275,2110293,12,9,0.75
276,2110294,9,9,1.0
277,2110295,6,2,0.3333
278,2110296,12,10,0.8333
279,2110297,15,14,0.9333
280,2110298,3,3,1.0
281,2110299,11,11,1.0
282,2110300,25,24,0.96
283,2110301,5,5,1.0
284,2110302,12,9,0.75
285,2110303,14,14,1.0
286,2110304,10,10,1.0
287,2110305,7,7,1.0
288,2110306,6,6,1.0
289,2110307,8,5,0.625
290,2110308,18,16,0.8889
291,2110309,9,8,0.8889
292,2110312,21,16,0.7619
293,2110313,27,14,0.5185
294,2110314,18,8,0.4444
295,2110315,11,8,0.7273
296,2110316,18,11,0.6111
297,2110317,6,5,0.8333
298,2110318,5,3,0.6
299,2110319,13,9,0.6923
300,2110320,1,1,1.0
301,2110321,3,3,1.0
302,2110322,3,0,0.0
303,2110323,12,10,0.8333
304,2110324,1,1,1.0
305,2110325,10,9,0.9
306,2110326,2,2,1.0
307,2110327,7,6,0.8571
308,2110328,8,6,0.75
309,2110329,4,2,0.5
310,2110330,6,5,0.8333
311,2110331,18,14,0.7778
312,2110332,1,1,1.0
313,2110333,6,5,0.8333
314,2110334,1,1,1.0
315,2110335,9,6,0.6667
316,2110337,19,15,0.7895
317,2110338,1,1,1.0
318,2110339,7,6,0.8571
319,2110340,3,2,0.6667
320,2110341,8,5,0.625
321,2110342,4,4,1.0
322,2110343,5,5,1.0
323,2110344,3,3,1.0
324,2110345,8,5,0.625
325,2110346,10,5,0.5
326,2110348,9,4,0.4444
327,2110349,4,4,1.0
328,2110350,7,6,0.8571
329,2110351,7,7,1.0
330,2110352,7,4,0.5714
331,2110353,3,3,1.0
332,2110354,3,1,0.3333
333,2110355,6,4,0.6667
334,2110356,3,2,0.6667
335,2110357,5,3,0.6
336,2110358,7,7,1.0
337,2110359,8,7,0.875
338,2110360,7,6,0.8571
339,2110361,4,3,0.75
340,2110362,7,6,0.8571
341,2110364,4,4,1.0
342,2110365,2,2,1.0
343,2110366,3,3,1.0
344,2110367,8,6,0.75
345,2110368,1,1,1.0
346,2110369,9,9,1.0
347,2110370,4,3,0.75
348,2110371,4,4,1.0
349,2110372,7,7,1.0
350,2110373,3,3,1.0
351,2110374,4,2,0.5
352,2110375,4,4,1.0
353,2110376,18,17,0.9444
354,2110377,3,3,1.0
355,2110378,7,5,0.7143
356,2110379,1,1,1.0
357,2110381,1,1,1.0
358,2110382,4,3,0.75
359,2110383,17,15,0.8824
360,2110384,1,1,1.0
361,2110385,1,1,1.0
362,2110386,3,2,0.6667
363,2110387,6,5,0.8333
364,2110388,3,3,1.0
365,2110389,4,4,1.0
366,2110390,7,3,0.4286
367,2110391,3,3,1.0
368,2110392,2,1,0.5
369,2110393,4,3,0.75
370,2110394,9,8,0.8889
371,2110395,2,2,1.0
372,2110396,12,9,0.75
373,2110397,13,9,0.6923
374,2110398,8,6,0.75
375,2110399,10,7,0.7
376,2110400,11,8,0.7273
377,2110401,3,0,0.0
378,2110402,12,11,0.9167
379,2110403,9,8,0.8889
380,2110404,21,17,0.8095
381,2110405,10,7,0.7
382,2110406,10,5,0.5
383,2110407,14,8,0.5714
384,2110408,7,5,0.7143
385,2110409,19,14,0.7368
386,2110410,12,8,0.6667
387,2110411,6,4,0.6667
388,2110413,8,5,0.625
389,2110415,25,13,0.52
390,2110416,5,4,0.8
391,2110417,4,3,0.75
392,2110418,6,4,0.6667
393,2110419,20,14,0.7
394,2110420,19,11,0.5789
395,2110421,15,9,0.6
396,2110422,4,4,1.0
397,2110423,7,5,0.7143
398,2110424,12,10,0.8333
399,2110425,9,8,0.8889
400,2110426,14,13,0.9286
401,2110427,3,2,0.6667
402,2110428,19,17,0.8947
403,2110429,20,18,0.9
404,2110430,6,2,0.3333
405,2110431,19,11,0.5789
406,2110432,11,7,0.6364
407,2110433,24,23,0.9583
408,2110434,6,6,1.0
409,2110435,11,4,0.3636
410,2110436,2,1,0.5
411,2110437,6,4,0.6667
412,2110438,25,19,0.76
413,2110439,6,4,0.6667
414,2110441,14,10,0.7143
415,2110442,10,8,0.8
416,2110446,6,6,1.0
417,2110447,2,2,1.0
418,2110448,3,2,0.6667
419,2110449,12,10,0.8333
420,2110450,20,17,0.85
421,2110451,7,6,0.8571
422,2110452,8,6,0.75
423,2110453,12,9,0.75
424,2110454,4,4,1.0
425,2110455,19,14,0.7368
426,2110456,15,14,0.9333
427,2110457,6,5,0.8333
428,2110458,13,9,0.6923
429,2110459,12,11,0.9167
430,2110460,16,13,0.8125
431,2110461,4,3,0.75
432,2110462,6,6,1.0
433,2110463,6,4,0.6667
434,2110464,9,9,1.0
435,2110465,12,11,0.9167
436,2110466,4,4,1.0
437,2110467,8,4,0.5
438,2110468,17,15,0.8824
439,2110469,20,17,0.85
440,2110470,5,5,1.0
441,2110471,10,10,1.0
442,2110472,13,11,0.8462
443,2110473,17,16,0.9412
444,2110475,6,5,0.8333
445,2110476,4,3,0.75
446,2110477,7,6,0.8571
447,2110478,7,6,0.8571
448,2110479,2,1,0.5
449,2110480,1,1,1.0
450,2110481,12,9,0.75
451,2110482,2,2,1.0
452,2110483,2,1,0.5
453,2110484,8,5,0.625
454,2110485,4,4,1.0
455,2110486,11,5,0.4545
456,2110487,9,6,0.6667
457,2110488,4,1,0.25
458,2110489,2,2,1.0
459,2110490,3,3,1.0
460,2110491,2,2,1.0
461,2110492,6,5,0.8333
462,2110493,4,4,1.0
463,2110495,15,12,0.8
464,2110496,8,4,0.5
465,2110497,4,3,0.75
466,2110498,6,4,0.6667
467,2110499,1,1,1.0
468,2110500,2,1,0.5
469,2110501,2,2,1.0
470,2110502,12,10,0.8333
471,2110503,26,18,0.6923
472,2110504,1,0,0.0
473,2110505,1,1,1.0
474,2110506,2,2,1.0
475,2110507,39,27,0.6923
476,2110508,24,23,0.9583
477,2110509,19,15,0.7895
478,2110510,8,8,1.0
479,2110511,11,9,0.8182
480,2110512,9,8,0.8889
481,2110513,9,9,1.0
482,2110514,3,2,0.6667
483,2110516,1,1,1.0
484,2110517,6,5,0.8333
485,2110518,3,3,1.0
486,2110519,6,6,1.0
487,2110520,7,5,0.7143
488,2110521,4,4,1.0
489,2110522,4,2,0.5
490,2110524,11,7,0.6364
491,2110525,8,5,0.625
492,2110526,4,3,0.75
493,2110527,7,4,0.5714
494,2110528,6,5,0.8333
495,2110529,7,5,0.7143
496,2110530,3,3,1.0
497,2110531,1,1,1.0
498,2110532,5,3,0.6
499,2110534,2,2,1.0
500,2110535,2,2,1.0
501,2110536,1,1,1.0
502,2110537,8,4,0.5
503,2110538,3,2,0.6667
504,2110539,9,7,0.7778
505,2110540,2,2,1.0
506,2110541,33,30,0.9091
507,2110542,17,14,0.8235
508,2110543,4,4,1.0
509,2110544,102,94,0.9216
510,2110545,9,6,0.6667
511,2110546,7,7,1.0
512,2110547,13,11,0.8462
513,2110548,15,13,0.8667
514,2110549,3,2,0.6667
515,2110550,36,33,0.9167
516,2110551,17,16,0.9412
517,2110552,6,4,0.6667
518,2110553,7,7,1.0
519,2110554,24,23,0.9583
520,2110555,7,7,1.0
521,2110556,7,7,1.0
522,2110557,16,16,1.0
523,2110558,39,39,1.0
524,2110559,33,33,1.0
525,2110560,12,11,0.9167
526,2110561,12,12,1.0
527,2110562,55,54,0.9818
528,2110563,3,3,1.0
529,2110564,21,21,1.0
530,2110565,5,5,1.0
531,2110566,73,67,0.9178
532,2110567,3,3,1.0
533,2110568,9,6,0.6667
534,2110569,34,30,0.8824
535,2110570,3,2,0.6667
536,2110571,8,8,1.0
537,2110572,28,24,0.8571
538,2110573,1,1,1.0
539,2110574,3,1,0.3333
540,2110575,4,4,1.0
541,2110576,19,15,0.7895
542,2110577,4,2,0.5
543,2110578,25,20,0.8
544,2110579,3,3,1.0
545,2110580,2,2,1.0
546,2110581,1,1,1.0
547,2110582,12,11,0.9167
548,2110583,2,2,1.0
549,2110584,2,2,1.0
550,2110585,6,3,0.5
551,2110586,18,14,0.7778
552,2110587,4,3,0.75
553,2110588,5,4,0.8
554,2110590,4,3,0.75
555,2110591,2,2,1.0
556,2110592,2,2,1.0
557,2110593,12,6,0.5
558,2110594,3,3,1.0
559,2110595,12,8,0.6667
560,2110596,9,7,0.7778
561,2110597,5,3,0.6
562,2110598,10,4,0.4
563,2110599,7,7,1.0
564,2110600,5,3,0.6
565,2110601,7,4,0.5714
566,2110602,1,1,1.0
567,2110603,7,4,0.5714
568,2110604,6,4,0.6667
569,2110605,2,2,1.0
570,2110606,7,4,0.5714
571,2110607,1,1,1.0
572,2110608,5,5,1.0
573,2110610,3,3,1.0
574,2110611,2,2,1.0
575,2110612,14,13,0.9286
576,2110613,2,2,1.0
577,2110614,2,2,1.0
578,2110615,9,8,0.8889
579,2110616,5,5,1.0
580,2110617,4,4,1.0
581,2110618,7,7,1.0
582,2110619,2,2,1.0
583,2110620,17,10,0.5882
584,2110621,6,4,0.6667
585,2110622,8,8,1.0
586,2110624,2,2,1.0
587,2110625,22,20,0.9091
588,2110626,9,9,1.0
589,2110627,15,9,0.6
590,2110628,3,3,1.0
591,2110629,1,1,1.0
592,2110630,6,5,0.8333
593,2110631,7,7,1.0
594,2110632,11,8,0.7273
595,2110633,2,1,0.5
596,2110634,18,15,0.8333
597,2110635,4,4,1.0
598,2110636,6,5,0.8333
599,2110637,6,5,0.8333
600,2110638,17,13,0.7647
601,2110639,2,1,0.5
602,2110640,15,3,0.2
603,2110641,8,8,1.0
604,2110642,1,1,1.0
605,2110643,3,2,0.6667
606,2110645,20,16,0.8
607,2110646,15,15,1.0
608,2110647,15,14,0.9333
609,2110648,33,22,0.6667
610,2110649,12,6,0.5
611,2110650,5,5,1.0
612,2110651,11,10,0.9091
613,2110652,12,8,0.6667
614,2110653,4,3,0.75
615,2110654,16,14,0.875
616,2110655,14,11,0.7857
617,2110656,13,12,0.9231
618,2110657,14,9,0.6429
619,2110658,1,0,0.0
620,2110659,17,14,0.8235
621,2110660,32,21,0.6562
622,2110661,2,2,1.0
623,2110662,15,12,0.8
624,2110663,9,6,0.6667
625,2110664,1,1,1.0
626,2110665,4,2,0.5
627,2110666,2,2,1.0
628,2110667,10,7,0.7
629,2110668,13,9,0.6923
630,2110669,4,3,0.75
631,2110670,4,4,1.0
632,2110671,27,25,0.9259
633,2110672,4,3,0.75
634,2110673,2,2,1.0
635,2110674,4,2,0.5
636,2110675,9,9,1.0
637,2110676,3,3,1.0
638,2110677,3,3,1.0
639,2110678,2,1,0.5
640,2110679,5,3,0.6
641,2110680,1,0,0.0
642,2110681,8,4,0.5
643,2110682,2,2,1.0
644,2110683,2,2,1.0
645,2110684,5,4,0.8
646,2110686,6,3,0.5
647,2110687,1,0,0.0
648,2110688,3,3,1.0
649,2110690,17,11,0.6471
650,2110691,4,2,0.5
651,2110692,1,1,1.0
652,2110694,14,14,1.0
653,2110695,12,11,0.9167
654,2110697,6,5,0.8333
655,2110698,4,3,0.75
656,2110699,12,9,0.75
657,2110700,2,1,0.5
658,2110701,4,3,0.75
659,2110702,6,6,1.0
660,2110703,14,4,0.2857
661,2110704,1,1,1.0
662,2110705,1,1,1.0
663,2110706,16,7,0.4375
664,2110707,3,3,1.0
665,2110708,2,2,1.0
666,2110709,2,2,1.0
667,2110710,6,5,0.8333
668,2110711,7,6,0.8571
669,2110712,4,3,0.75
670,2110713,18,13,0.7222
671,2110714,12,5,0.4167
672,2110715,4,2,0.5
673,2110716,4,4,1.0
674,2110717,13,12,0.9231
675,2110718,13,12,0.9231
676,2110719,1,1,1.0
677,2110720,3,2,0.6667
678,2110721,7,6,0.8571
679,2110722,13,6,0.4615
680,2110723,2,2,1.0
681,2110724,7,7,1.0
682,2110725,13,10,0.7692
683,2110726,4,4,1.0
684,2110727,5,2,0.4
685,2110728,3,3,1.0
686,2110729,4,4,1.0
687,2110730,5,4,0.8
688,2110731,14,6,0.4286
689,2110732,6,6,1.0
690,2110733,3,3,1.0
691,2110735,9,7,0.7778
692,2110736,8,5,0.625
693,2110738,8,8,1.0
694,2110739,3,3,1.0
695,2110740,5,5,1.0
696,2110741,8,6,0.75
697,2110742,7,5,0.7143
698,2110743,5,4,0.8
699,2110744,8,6,0.75
700,2110745,5,2,0.4
701,2110746,3,3,1.0
702,2110747,6,1,0.1667
703,2110748,6,3,0.5
704,2110749,6,5,0.8333
705,2110750,7,5,0.7143
706,2110751,1,1,1.0
707,2110752,8,6,0.75
708,2110753,10,9,0.9
709,2110754,3,3,1.0
710,2110755,7,4,0.5714
711,2110756,7,6,0.8571
712,2110757,12,8,0.6667
713,2110759,42,40,0.9524
714,2110760,17,9,0.5294
715,2110762,50,41,0.82
716,2110763,15,11,0.7333
717,2110764,2,2,1.0
718,2110766,2,2,1.0
719,2110767,5,4,0.8
720,2110768,6,2,0.3333
721,2110770,7,7,1.0
722,2110773,1,1,1.0
723,2110774,13,11,0.8462
724,2110775,1,1,1.0
725,2110776,6,5,0.8333
726,2110778,10,7,0.7
727,2110779,2,1,0.5
728,2110780,1,1,1.0
729,2110781,3,3,1.0
730,2110782,4,3,0.75
731,2110783,7,5,0.7143
732,2110785,8,7,0.875
733,2110786,3,3,1.0
734,2110787,9,8,0.8889
735,2110788,1,0,0.0
736,2110789,10,6,0.6
737,2110790,7,5,0.7143
738,2110791,2,1,0.5
739,2110792,14,9,0.6429
740,2110793,1,0,0.0
741,2110794,9,7,0.7778
742,2110795,1,1,1.0
743,2110796,1,1,1.0
744,2110797,2,2,1.0
745,2110800,3,3,1.0
746,2110801,1,1,1.0
747,2110802,1,1,1.0
748,2110803,2,1,0.5
749,2110804,6,4,0.6667
750,2110805,3,3,1.0
751,2110806,1,1,1.0
752,2110807,5,2,0.4
753,2110808,8,5,0.625
754,2110809,5,4,0.8
755,2110810,10,6,0.6
756,2110811,1,1,1.0
757,2110812,5,3,0.6
758,2110813,10,7,0.7
759,2110814,5,2,0.4
760,2110815,18,13,0.7222
761,2110816,5,2,0.4
762,2110817,1,1,1.0
763,2110818,1,1,1.0
764,2110819,13,12,0.9231
765,2110820,8,7,0.875
766,2110821,6,5,0.8333
767,2110822,1,1,1.0
768,2110823,5,4,0.8
769,2110824,7,6,0.8571
770,2110825,9,8,0.8889
771,2110826,11,9,0.8182
772,2110827,5,4,0.8
773,2110828,12,10,0.8333
774,2110829,2,2,1.0
775,2110830,6,2,0.3333
776,2110831,4,3,0.75
777,2110832,3,3,1.0
778,2110833,10,9,0.9
779,2110834,5,5,1.0
780,2110835,3,3,1.0
781,2110836,40,28,0.7
782,2110837,10,7,0.7
783,2110838,4,4,1.0
784,2110839,24,10,0.4167
785,2110840,27,16,0.5926
786,2110841,2,1,0.5
787,2110842,13,11,0.8462
788,2110843,4,3,0.75
789,2110844,1,1,1.0
790,2110846,16,13,0.8125
791,2110847,4,4,1.0
792,2110848,11,9,0.8182
793,2110849,6,5,0.8333
794,2110850,29,27,0.931
795,2110851,1,1,1.0
796,2110852,4,4,1.0
797,2110853,4,4,1.0
798,2110854,1,1,1.0
799,2110855,16,13,0.8125
800,2110856,9,5,0.5556
801,2110857,4,3,0.75
802,2110858,6,3,0.5
803,2110859,3,3,1.0
804,2110860,7,6,0.8571
805,2110861,14,12,0.8571
806,2110862,5,2,0.4
807,2110863,10,8,0.8
808,2110864,3,3,1.0
809,2110865,10,7,0.7
810,2110866,6,4,0.6667
811,2110867,4,4,1.0
812,2110868,11,9,0.8182
813,2110869,25,17,0.68
814,2110871,6,3,0.5
815,2110872,1,1,1.0
816,2110873,14,10,0.7143
817,2110874,6,6,1.0
818,2110875,4,4,1.0
819,2110876,4,2,0.5
820,2110877,6,4,0.6667
821,2110878,2,2,1.0
822,2110879,3,2,0.6667
823,2110880,7,5,0.7143
824,2110881,43,36,0.8372
825,2110882,8,8,1.0
826,2110883,15,11,0.7333
827,2110884,4,2,0.5
828,2110885,14,14,1.0
829,2110886,8,7,0.875
830,2110888,6,5,0.8333
831,2110889,4,4,1.0
832,2110890,7,7,1.0
833,2110891,3,3,1.0
834,2110892,22,17,0.7727
835,2110893,1,1,1.0
836,2110894,1,1,1.0
837,2110895,51,47,0.9216
838,2110896,9,7,0.7778
839,2110897,15,15,1.0
840,2110898,1,1,1.0
841,2110899,4,4,1.0
842,2110900,14,11,0.7857
843,2110901,5,4,0.8
844,2110902,17,12,0.7059
845,2110903,9,8,0.8889
846,2110904,11,9,0.8182
847,2110905,5,5,1.0
848,2110906,2,2,1.0
849,2110907,19,18,0.9474
850,2110908,8,4,0.5
851,2110909,1,1,1.0
852,2110910,3,3,1.0
853,2110912,12,9,0.75
854,2110913,9,8,0.8889
855,2110915,5,3,0.6
856,2110916,5,5,1.0
857,2110917,2,1,0.5
858,2110918,10,10,1.0
859,2110919,3,3,1.0
860,2110921,6,6,1.0
861,2110922,3,3,1.0
862,2110924,6,6,1.0
863,2110925,9,8,0.8889
864,2110926,8,8,1.0
865,2110927,2,2,1.0
866,2110928,5,5,1.0
867,2110929,11,10,0.9091
868,2110930,7,5,0.7143
869,2110931,12,12,1.0
870,2110932,2,2,1.0
871,2110933,2,2,1.0
872,2110934,12,10,0.8333
873,2110935,2,1,0.5
874,2110936,7,5,0.7143
875,2110937,3,3,1.0
876,2110938,10,9,0.9
877,2110939,31,30,0.9677
878,2110940,4,4,1.0
879,2110941,4,4,1.0
880,2110942,20,18,0.9
881,2110943,10,8,0.8
882,2110944,2,2,1.0
883,2110945,1,1,1.0
884,2110946,5,5,1.0
885,2110947,6,6,1.0
886,2110949,11,11,1.0
887,2110951,7,7,1.0
888,2110952,2,2,1.0
889,2110953,7,5,0.7143
890,2110954,14,13,0.9286
891,2110955,23,20,0.8696
892,2110957,17,15,0.8824
893,2110958,8,8,1.0
894,2110959,0,0,
895,2110960,2,2,1.0
896,2110961,9,8,0.8889
897,2110962,2,2,1.0
898,2110963,1,1,1.0
899,2110965,12,12,1.0
900,2110966,20,18,0.9
901,2110967,10,10,1.0
902,2110968,7,7,1.0
903,2110969,3,3,1.0
904,2110970,2,2,1.0
905,2110971,12,10,0.8333
906,2110972,4,4,1.0
907,2110973,9,9,1.0
908,2110974,7,7,1.0
909,2110975,6,5,0.8333
910,2110976,9,8,0.8889
911,2110978,3,3,1.0
912,2110979,5,5,1.0
913,2110980,4,4,1.0
914,2110981,8,6,0.75
915,2110982,3,3,1.0
916,2110983,3,3,1.0
917,2110984,12,11,0.9167
918,2110985,1,1,1.0
919,2110986,5,5,1.0
920,2110988,3,3,1.0
921,2110989,9,9,1.0
922,2110990,4,3,0.75
923,2110991,1,1,1.0
924,2110992,12,9,0.75
925,2110994,11,8,0.7273
926,2110995,10,9,0.9
927,2110996,6,5,0.8333
928,2110997,26,20,0.7692
929,2110998,15,6,0.4
930,2110999,7,2,0.2857
931,2111000,2,2,1.0
932,2111001,8,6,0.75
933,2111002,1,1,1.0
934,2111003,18,12,0.6667
935,2111004,26,17,0.6538
936,2111005,16,11,0.6875
937,2111006,24,19,0.7917
938,2111007,12,12,1.0
939,2111008,4,3,0.75
940,2111009,2,2,1.0
941,2111010,19,16,0.8421
942,2111011,9,7,0.7778
943,2111012,14,14,1.0
944,2111013,67,62,0.9254
945,2111014,5,4,0.8
946,2111015,28,27,0.9643
947,2111016,7,7,1.0
948,2111017,2,2,1.0
949,2111019,21,19,0.9048
950,2111020,15,11,0.7333
951,2111021,36,31,0.8611
952,2111022,4,4,1.0
953,2111023,11,10,0.9091
954,2111024,6,6,1.0
955,2111025,3,3,1.0
956,2111026,13,12,0.9231
957,2111027,14,13,0.9286
958,2111028,10,8,0.8
959,2111029,3,3,1.0
960,2111030,13,12,0.9231
961,2111031,18,16,0.8889
962,2111032,8,3,0.375
963,2111033,4,4,1.0
964,2111034,14,14,1.0
965,2111035,4,4,1.0
966,2111036,8,8,1.0
967,2111037,2,1,0.5
968,2111038,8,8,1.0
969,2111039,8,7,0.875
970,2111040,3,3,1.0
971,2111042,11,10,0.9091
972,2111043,1,1,1.0
973,2111044,8,3,0.375
974,2111045,1,1,1.0
975,2111046,11,9,0.8182
976,2111047,3,2,0.6667
977,2111048,3,3,1.0
978,2111049,8,6,0.75
979,2111050,3,3,1.0
980,2111051,16,16,1.0
981,2111052,25,23,0.92
982,2111053,20,13,0.65
983,2111054,1,1,1.0
984,2111055,1,1,1.0
985,2111056,2,2,1.0
986,2111057,7,7,1.0
987,2111058,4,4,1.0
988,2111059,34,33,0.9706
989,2111060,20,18,0.9
990,2111061,25,25,1.0
991,2111062,13,13,1.0
992,2111063,4,4,1.0
993,2111064,9,8,0.8889
994,2111065,1,1,1.0
995,2111066,13,11,0.8462
996,2111067,16,15,0.9375
997,2111068,7,0,0.0
998,2111069,8,7,0.875
999,2111070,1,1,1.0
1000,2111071,5,5,1.0
1001,2111072,7,6,0.8571
1002,2111073,22,19,0.8636
1003,2111074,3,3,1.0
1004,2111075,2,1,0.5
1005,2111076,9,6,0.6667
1006,2111077,22,20,0.9091
1007,2111078,22,19,0.8636
1008,2111079,4,3,0.75
1009,2111080,23,21,0.913
1010,2111082,4,4,1.0
1011,2111083,8,5,0.625
1012,2111084,1,0,0.0
1013,2111085,15,10,0.6667
1014,2111086,16,16,1.0
1015,2111087,6,5,0.8333
1016,2111088,11,10,0.9091
1017,2111089,24,22,0.9167
1018,2111090,7,5,0.7143
1019,2120001,46,27,0.587
1020,2120002,74,68,0.9189
1021,2120003,156,114,0.7308
1022,2120004,40,22,0.55
1023,2120005,69,57,0.8261
1024,2120006,169,100,0.5917
1025,2120007,74,52,0.7027
1026,2120008,54,51,0.9444
1027,2120009,152,121,0.7961
1028,2120010,11,10,0.9091
1029,2120011,14,7,0.5
1030,2120012,163,108,0.6626
1031,2120013,20,15,0.75
1032,2120014,36,29,0.8056
1033,2120015,10,7,0.7
1034,2120016,11,7,0.6364
1035,2120017,11,6,0.5455
1036,2120018,31,27,0.871
1037,2120019,21,10,0.4762
1038,2120020,35,18,0.5143
1039,2120021,55,33,0.6
1040,2120022,41,20,0.4878
1041,2120023,43,18,0.4186
1042,2120024,14,13,0.9286
1043,2120025,22,16,0.7273
1044,2120026,96,56,0.5833
1045,2120027,41,25,0.6098
1046,2120028,150,75,0.5
1047,2120029,19,11,0.5789
1048,2120030,47,30,0.6383
1049,2120031,87,67,0.7701
1050,2120032,89,66,0.7416
1051,2120033,17,12,0.7059
1052,2120034,11,8,0.7273
1053,2120035,6,5,0.8333
1054,2120036,15,10,0.6667
1055,2120037,72,47,0.6528
1056,2120038,38,22,0.5789
1057,2120039,41,26,0.6341
1058,2120040,31,25,0.8065
1059,2120041,139,96,0.6906
1060,2120042,20,13,0.65
1061,2120043,83,39,0.4699
1062,2120044,28,25,0.8929
1063,2120045,29,21,0.7241
1064,2120046,92,72,0.7826
1065,2120047,38,22,0.5789
1066,2120048,14,10,0.7143
1067,2120049,53,34,0.6415
1068,2120050,14,12,0.8571
1069,2120051,70,58,0.8286
1070,2120052,54,35,0.6481
1071,2120053,127,81,0.6378
1072,2120054,44,27,0.6136
1073,2120055,61,43,0.7049
1074,2120056,42,19,0.4524
1075,2120057,29,15,0.5172
1076,2120058,9,7,0.7778
1077,2120059,22,16,0.7273
1078,2120060,30,15,0.5
1079,2120061,16,6,0.375
1080,2120062,54,39,0.7222
1081,2120063,34,21,0.6176
1082,2120064,55,34,0.6182
1083,2120065,28,20,0.7143
1084,2120066,45,31,0.6889
1085,2120067,47,17,0.3617
1086,2120068,20,11,0.55
1087,2120069,39,21,0.5385
1088,2120070,17,9,0.5294
1089,2120071,16,13,0.8125
1090,2120072,97,65,0.6701
1091,2120073,14,9,0.6429
1092,2120074,16,11,0.6875
1093,2120075,37,21,0.5676
1094,2120076,91,58,0.6374
1095,2120077,37,25,0.6757
1096,2120078,30,16,0.5333
1097,2120079,23,7,0.3043
1098,2120080,11,5,0.4545
1099,2120081,113,64,0.5664
1100,2120082,10,1,0.1
1101,2120083,35,15,0.4286
1102,2120084,18,11,0.6111
1103,2120085,45,22,0.4889
1104,2120086,23,18,0.7826
1105,2120087,17,6,0.3529
1106,2120088,17,4,0.2353
1107,2120089,7,4,0.5714
1108,2120090,27,16,0.5926
1109,2120091,29,13,0.4483
1110,2120092,9,6,0.6667
1111,2120093,51,46,0.902
1112,2120094,140,90,0.6429
1113,2120095,19,8,0.4211
1114,2120096,55,35,0.6364
1115,2120097,18,9,0.5
1116,2120098,136,76,0.5588
1117,2120099,8,2,0.25
1118,2120100,25,20,0.8
1119,2120101,111,79,0.7117
1120,2120102,61,53,0.8689
1121,2120103,292,242,0.8288
1122,2120104,242,223,0.9215
1123,2120105,79,69,0.8734
1124,2120106,34,18,0.5294
1125,2120107,70,35,0.5
1126,2120108,29,18,0.6207
1127,2120109,41,32,0.7805
1128,2120110,32,17,0.5312
1129,2120111,22,15,0.6818
1130,2120112,31,16,0.5161
1131,2120113,46,35,0.7609
1132,2120114,105,43,0.4095
1133,2120115,18,10,0.5556
1134,2120116,14,10,0.7143
1135,2120117,3,2,0.6667
1136,2120118,78,52,0.6667
1137,2120119,162,112,0.6914
1138,2120120,34,15,0.4412
1139,2120121,20,9,0.45
1140,2120122,30,16,0.5333
1141,2120123,9,5,0.5556
1142,2120124,27,19,0.7037
1143,2120125,47,32,0.6809
1144,2120126,1,1,1.0
1145,2120127,21,14,0.6667
1146,2120128,67,31,0.4627
1147,2120129,112,57,0.5089
1148,2120130,29,15,0.5172
1149,2120131,279,151,0.5412
1150,2120132,45,23,0.5111
1151,2120133,16,8,0.5
1152,2120134,24,15,0.625
1153,2120135,11,8,0.7273
1154,2120136,61,41,0.6721
1155,2120137,14,7,0.5
1156,2120138,30,21,0.7
1157,2120139,17,11,0.6471
1158,2120140,29,15,0.5172
1159,2120141,12,12,1.0
1160,2120142,19,10,0.5263
1161,2120143,42,22,0.5238
1162,2120144,16,10,0.625
1163,2120145,91,48,0.5275
1164,2120146,13,8,0.6154
1165,2120147,19,12,0.6316
1166,2120148,102,52,0.5098
1167,2120149,225,129,0.5733
1168,2120150,10,5,0.5
1169,2120151,45,27,0.6
1170,2120152,20,11,0.55
1171,2120153,102,78,0.7647
1172,2120154,14,8,0.5714
1173,2120155,3,3,1.0
1174,2120156,78,54,0.6923
1175,2120157,64,31,0.4844
1176,2120158,48,28,0.5833
1177,2120159,64,37,0.5781
1178,2120160,82,54,0.6585
1179,2120161,5,5,1.0
1180,2120162,30,19,0.6333
1181,2120163,7,7,1.0
1182,2120164,52,41,0.7885
1183,2120165,33,27,0.8182
1184,2120166,60,34,0.5667
1185,2120167,52,30,0.5769
1186,2120168,11,6,0.5455
1187,2120169,80,57,0.7125
1188,2120170,24,11,0.4583
1189,2120171,39,31,0.7949
1190,2120172,38,26,0.6842
1191,2120173,143,86,0.6014
1192,2120174,3,2,0.6667
1193,2120175,62,48,0.7742
1194,2120176,10,9,0.9
1195,2120177,22,19,0.8636
1196,2120178,87,68,0.7816
1197,2120179,98,50,0.5102
1198,2120180,10,7,0.7
1199,2120181,26,22,0.8462
1200,2120182,30,18,0.6
1201,2120183,17,16,0.9412
1202,2120184,60,45,0.75
1203,2120185,79,48,0.6076
1204,2120186,153,123,0.8039
1205,2120187,129,91,0.7054
1206,2120188,88,46,0.5227
1207,2120189,278,140,0.5036
1208,2120190,60,49,0.8167
1209,2120191,59,44,0.7458
1210,2120192,101,77,0.7624
1211,2120193,33,22,0.6667
1212,2120194,58,49,0.8448
1213,2120195,35,27,0.7714
1214,2120196,32,21,0.6562
1215,2120197,186,124,0.6667
1216,2120198,61,48,0.7869
1217,2120199,23,18,0.7826
1218,2120200,62,50,0.8065
1219,2120201,24,15,0.625
1220,2120202,73,51,0.6986
1221,2120203,75,53,0.7067
1222,2120204,43,28,0.6512
1223,2120205,33,23,0.697
1224,2120206,39,34,0.8718
1225,2120207,62,46,0.7419
1226,2120208,65,46,0.7077
1227,2120209,34,22,0.6471
1228,2120210,139,83,0.5971
1229,2120211,23,17,0.7391
1230,2120212,44,24,0.5455
1231,2120213,50,41,0.82
1232,2120214,17,12,0.7059
1233,2120215,118,72,0.6102
1234,2120216,9,2,0.2222
1235,2120217,20,17,0.85
1236,2120218,35,16,0.4571
1237,2120219,36,20,0.5556
1238,2120220,28,17,0.6071
1239,2120221,46,16,0.3478
1240,2120222,95,46,0.4842
1241,2120223,11,8,0.7273
1242,2120224,45,18,0.4
1243,2120225,100,71,0.71
1244,2120226,36,21,0.5833
1245,2120227,125,65,0.52
1246,2120228,60,40,0.6667
1247,2120229,18,12,0.6667
1248,2120230,26,13,0.5
1249,2120231,6,2,0.3333
1250,2120232,24,18,0.75
1251,2120233,19,13,0.6842
1252,2120234,51,29,0.5686
1253,2120235,182,132,0.7253
1254,2120236,40,18,0.45
1255,2120237,39,27,0.6923
1256,2120238,16,4,0.25
1257,2120239,32,25,0.7812
1258,2120240,12,8,0.6667
1259,2120241,21,12,0.5714
1260,2120242,48,40,0.8333
1261,2120243,52,27,0.5192
1262,2120244,21,11,0.5238
1263,2120245,46,32,0.6957
1264,2120246,49,31,0.6327
1265,2120247,24,10,0.4167
1266,2120248,36,19,0.5278
1267,2120249,42,20,0.4762
